{
  "gen": 7,
  "min": 0.1830830182080459,
  "avg": 0.9278031526659285,
  "best_params": [
    1.4636838814776851,
    0.636170125081968,
    0.3711805911682976,
    1.8524885759684415,
    0.4447712087463053,
    -0.15552019685169988,
    2.0472540596603825,
    0.021328259615390463,
    -1.4516382073645453
  ],
  "pop_params": [
    [
      1.4636838814776851,
      0.636170125081968,
      0.3711805911682976,
      1.8524885759684415,
      0.4447712087463053,
      -0.15552019685169988,
      2.0472540596603825,
      0.021328259615390463,
      -1.4516382073645453
    ],
    [
      1.4636838814776851,
      0.636170125081968,
      0.3711805911682976,
      1.8524885759684415,
      0.4447712087463053,
      -0.15552019685169988,
      2.0472540596603825,
      0.021328259615390463,
      -1.4516382073645453
    ],
    [
      1.360767142855372,
      0.5274894282598168,
      0.2098468171190427,
      1.8671134665305862,
      0.8142461239575586,
      0.14647973274178713,
      1.1717365907560864,
      0.09506870173026716,
      -1.1626202999629514
    ],
    [
      1.4636838814776851,
      0.636170125081968,
      1.2621312874794421,
      1.8524885759684415,
      0.4447712087463053,
      -0.15552019685169988,
      2.0472540596603825,
      0.01,
      -1.1916184646074017
    ],
    [
      0.4886891391481265,
      0.6110030738207916,
      2.1529664963573567,
      1.8438160942628576,
      0.72634100370264,
      -0.49290671921683904,
      0.4524308269206165,
      0.11240491946812795,
      -2.453773567073525
    ],
    [
      0.3137022198822846,
      0.5691592589311804,
      2.4464921170651004,
      2.1115830721522135,
      0.7197644544698725,
      -0.22877980328456157,
      1.2719589031703171,
      0.1613057472725975,
      -2.4118630958775773
    ],
    [
      0.548250302182906,
      0.49415872039975156,
      1.2462104375653769,
      1.9200410281558071,
      0.6576938736349774,
      0.09091413557093286,
      1.3476003763038742,
      0.2367109232438792,
      -0.7803640955233649
    ],
    [
      1.4636838814776851,
      0.6067271662912963,
      0.3711805911682976,
      1.8524885759684415,
      0.5410583649230135,
      -0.15552019685169988,
      1.9941178344736439,
      0.021328259615390463,
      -3.0
    ],
    [
      2.003444730162209,
      0.6050922853450859,
      1.0438980609715864,
      1.5935352060219858,
      0.779360918039488,
      0.12356828704468087,
      1.5539650969813255,
      0.2313632022559534,
      -1.1959107666384865
    ],
    [
      1.3685641658354795,
      0.5033203322226825,
      0.5176768366344573,
      1.8675858433032964,
      0.8364324504861278,
      0.05465648392822067,
      1.9001354500010632,
      0.041920717191621146,
      -1.09143268630497
    ],
    [
      1.3052825954942509,
      0.6286881227797949,
      1.7531147775720912,
      1.8439253663996515,
      0.8172266131552827,
      -0.0070580731065433,
      1.7762895731414905,
      0.19049043223052065,
      -2.508782031498735
    ],
    [
      0.7811391941935856,
      0.6243485311640686,
      1.2463115127691702,
      1.869996786891813,
      0.4333340622739465,
      0.23155795565620385,
      1.8796509491085338,
      0.01,
      -1.4513966823993598
    ],
    [
      1.416869113172811,
      0.5321029507299962,
      0.4537160415474602,
      1.8911105642243211,
      0.6511603010484498,
      -0.08072653870924176,
      1.163702718713798,
      0.13552255401230306,
      -1.400707562171759
    ],
    [
      1.9566147227809985,
      0.6423171916294406,
      -0.014600753982099268,
      1.6240046765533258,
      0.8532727777526576,
      0.19932932739335546,
      1.7918875086825556,
      0.1819387150378559,
      -1.2066335230231713
    ],
    [
      0.705715674509304,
      0.7625186065777344,
      1.3247473214529266,
      1.9351358056080699,
      0.5103024789843157,
      -0.39000530300446784,
      1.4070767335163041,
      0.3985809687390699,
      -1.7460869693514882
    ],
    [
      1.5510004353640392,
      0.6465082590548522,
      0.6278826881880024,
      1.636971656608168,
      0.7570554721890183,
      0.2018359093125925,
      1.2539639037886205,
      0.4662449020919124,
      -1.1556460963832442
    ],
    [
      1.2922747662116663,
      0.6275350331138327,
      0.6005799304116008,
      2.071188664458254,
      0.6466914764286721,
      -0.22135750331564957,
      1.562228630651674,
      0.12559747864980442,
      -1.962638415114656
    ],
    [
      0.4934706457392157,
      0.6271348046745905,
      1.8466076565587377,
      1.985019783265121,
      0.7382574300146959,
      -0.07227735670282301,
      1.3105020209928528,
      0.20513874919862712,
      -3.0
    ],
    [
      1.8252147749732859,
      0.6507794996381705,
      0.7442024489436202,
      1.4883969781779216,
      0.7377815982469363,
      0.10915225940001058,
      1.7453119075369452,
      0.16431169182548477,
      -1.164952412268851
    ],
    [
      0.7121279745490432,
      0.7283441206030616,
      1.3660725197260357,
      2.0204171293357165,
      0.564240947435693,
      0.481382038696137,
      1.7903517749723659,
      0.24531415606259332,
      -0.33099442473360385
    ],
    [
      1.9507743460791822,
      0.6293792277961617,
      -0.029790552909092882,
      1.6210322372162531,
      0.7582278273661907,
      0.17155521681683844,
      1.5257489593438618,
      0.22850647584694414,
      -1.177928459223791
    ],
    [
      0.6922366566151652,
      0.6273062802720563,
      0.6254569003017514,
      2.0166700157882365,
      0.4923929027738163,
      -0.18646364986225633,
      1.8082190127326028,
      0.34577523579626274,
      -0.9075565562002269
    ],
    [
      0.7818504370796563,
      0.8129461538218895,
      1.2459260130886922,
      2.0386008745754016,
      0.37386069464013383,
      1.1489268267799202,
      2.2053570104661167,
      0.2934991385288197,
      -0.8473067098620066
    ],
    [
      0.8774292616037062,
      0.5894469904154186,
      1.149848840599702,
      2.026568797093577,
      0.668314296218288,
      -0.273210417620183,
      1.434380145680843,
      0.360066998316277,
      -0.8642478795621673
    ],
    [
      1.0069459955398228,
      0.6260363047874808,
      0.42557466857940285,
      1.8282773239929624,
      0.5300369063166125,
      0.856635958477361,
      1.2483462753611276,
      0.07232767106791631,
      -1.3751723996929492
    ],
    [
      0.4934706457392157,
      0.609306677569275,
      1.7904362156739917,
      1.985019783265121,
      0.7011642243882684,
      -0.07227735670282301,
      1.3105020209928528,
      0.16173019804064534,
      -3.0
    ],
    [
      1.8059545858771844,
      0.662071990243232,
      0.4672090168295433,
      1.5534357379784016,
      0.5737395600231857,
      0.15924768066593994,
      1.9864962478159844,
      0.19778039654127746,
      1.005301196931266
    ],
    [
      0.6879137655846574,
      0.574513630467734,
      2.162414317250874,
      1.845937342800969,
      0.6495485095787433,
      -0.2149058568591392,
      1.8170516584801655,
      0.32504450871176505,
      -0.3605931221585075
    ],
    [
      1.460400666658043,
      0.5808385145845059,
      0.6710197263231955,
      1.9947589542731987,
      0.7139445753276192,
      -0.1081837964051614,
      1.1991317063418612,
      0.06023060522778666,
      -1.110298029531323
    ],
    [
      0.48218679672388115,
      0.6832761400681899,
      3.0,
      1.7956137162151458,
      0.642880790363846,
      -0.27606166621740247,
      1.8995598036169252,
      0.02338615546100692,
      -2.053669676253803
    ],
    [
      0.41504298889455865,
      0.6241126313992513,
      2.0812283716611932,
      1.9994191604460498,
      0.7578671427462408,
      0.7171199085221749,
      1.2329307427155067,
      0.4719620884747938,
      -1.8405759821858183
    ],
    [
      0.7149074522305834,
      0.6735406026021313,
