{
  "gen": 13,
  "min": Infinity,
  "avg": Infinity,
  "best_params": [
    1.1861663446573514,
    0.951207163345817,
    1.3919636508684308,
    1.8361096041714062,
    0.16445845403801215,
    -2.0640328779827843,
    0.2684424752877784,
    0.8675143843171859,
    0.606690070459253
  ],
  "pop_params": [
    [
      1.1861663446573514,
      0.951207163345817,
      1.3919636508684308,
      1.8361096041714062,
      0.16445845403801215,
      -2.0640328779827843,
      0.2684424752877784,
      0.8675143843171859,
      0.606690070459253
    ],
    [
      2.153410475608532,
      0.03037864935284442,
      2.819459112971966,
      2.514083658321223,
      0.2202157195714934,
      -1.9090501967573963,
      0.631873078574958,
      0.31119982052994233,
      0.14853858979342682
    ],
    [
      1.3526405540621358,
      0.2983168487960615,
      0.6711173683342766,
      0.5045321958909214,
      0.29922320204986597,
      -0.8018289402378498,
      1.4226029542294043,
      0.7873242017790835,
      -1.8019573070498416
    ],
    [
      1.645828115150948,
      0.4227301040160945,
      -1.0625729826119263,
      1.509139116690431,
      0.35444153395314193,
      -0.9735122233873761,
      1.1871654454970493,
      0.4367934491627419,
      0.17582423402919106
    ],
    [
      1.598356393221692,
      0.43575906671135545,
      -0.6695893451708812,
      1.3728291162183284,
      0.3814820022549199,
      1.388154411244238,
      1.1396611719414351,
      0.4112089548218772,
      -0.29907600826176683
    ],
    [
      2.048206585609024,
      0.3690155829731286,
      -0.19647865732740266,
      1.5069078478718212,
      0.40060627872145155,
      0.9487143920121313,
      1.1039192177873243,
      0.4132213042729249,
      0.746858379347644
    ],
    [
      1.5840009261510215,
      0.3433242856690111,
      -1.8488392710973607,
      1.4624894719438728,
      0.38587000789877857,
      -1.0581880046295356,
      1.0423160760045902,
      0.41545351076680237,
      -0.2597423594050494
    ],
    [
      2.284392106558467,
      0.34079886004004284,
      -0.3583824068360203,
      1.0278253683674858,
      0.4301412036715901,
      -0.9357785695616395,
      0.875090280203619,
      0.34719087597547543,
      0.18514468820429286
    ],
    [
      2.2358237127030787,
      0.346690320708881,
      -1.90291134620834,
      1.1796025241249324,
      0.44413361065724055,
      -0.876040788734803,
      1.1796130748593763,
      0.4334249211831882,
      -0.7296846321560806
    ],
    [
      1.798048498744388,
      0.5518189097689049,
      0.058366953504106915,
      0.8394672589960227,
      0.3860655406524875,
      -1.449865560474671,
      1.08675145519466,
      0.5541784049023006,
      1.4826080024469555
    ],
    [
      1.619317279166405,
      0.29334278257501994,
      -0.22978062150461953,
      0.766013436311837,
      0.41413837531976166,
      -1.136327931868593,
      1.26388001406147,
      0.45941208162047764,
      0.959731151303586
    ],
    [
      2.393958308614622,
      0.3691472374279028,
      -3.0,
      1.4035632079960776,
      0.3843954804636626,
      -2.7610645878043147,
      1.1933840340503334,
      0.3279737400596209,
      0.15877862917742563
    ],
    [
      2.223609032547055,
      0.4294895685354999,
      -2.0178629374350083,
      1.4108507577045803,
      0.45838405250905867,
      0.2946971842670334,
      1.1573149647035557,
      0.4278281700602091,
      -1.258892260588904
    ],
    [
      1.5599326959869886,
      0.35218455452726294,
      -1.1110728228827114,
      1.3956589754478281,
      0.4005977340522357,
      1.76015943708019,
      1.1241103386287217,
      0.4386539894216599,
      -0.8884814027703006
    ],
    [
      2.161006649697999,
      0.5640032474895512,
      0.5367229025679057,
      1.081550102890141,
      0.442179286528803,
      0.6797470220458299,
      0.9926038586837655,
      0.5191069204056415,
      -0.5860564617213933
    ],
    [
      1.5397283945253952,
      0.3331804001423331,
      0.0791958378055102,
      1.4424093858550981,
      0.4223926243905939,
      0.1259442486638429,
      1.0194356022220623,
      0.38155564567406286,
      -0.2046713010603584
    ],
    [
      1.6984749392424274,
      0.3968267625032228,
      -0.505590951519286,
      1.4098012512054143,
      0.401410253395027,
      1.91650164058784,
      0.9350963846757837,
      0.44836672922116333,
      -0.8132015242246353
    ],
    [
      1.664353420303712,
      0.43654017789976285,
      -0.012929821775235273,
      0.7492839606383506,
      0.40749558396614566,
      0.5521269350498665,
      1.0456151463713752,
      0.3495630416074392,
      0.5461721742016488
    ],
    [
      1.749903584292937,
      0.4452492186265256,
      -0.7626004831890549,
      1.4991608714294369,
      0.4354217761361523,
      -1.0814611906448146,
      1.140770030478417,
      0.4385796858504703,
      -0.2326005309037654
    ],
    [
      2.185046106286958,
      0.45994750621556674,
      0.14423906654684474,
      1.7589036989137194,
      0.49952736882675786,
      0.6167527554143764,
      0.900538930775794,
      0.3790663730735606,
      0.1336695022599091
    ],
    [
      1.5641290068891314,
      0.38856313386032937,
      -0.4186159781112189,
      0.6983410337883336,
      0.4436372828049402,
      0.7250545174351555,
      1.207901137591256,
      0.44548871886678876,
      -0.9390508212797891
    ],
    [
      2.322396482081641,
      0.41394690523366773,
      -0.4647466446547316,
      1.339122934779513,
      0.39880667104587547,
      -1.845651282817541,
      1.05940460257877,
      0.5129494521718585,
      -0.4281000401818459
    ],
    [
      1.6384812815831646,
      0.4585011320632185,
      1.274676190927475,
      1.4933247163733763,
      0.46878060107011954,
      0.4819814469292135,
      1.0826405475300551,
      0.4160568944484227,
      -0.9052546338544698
    ],
    [
      2.1809916250568087,
      0.5263077485451918,
      0.08567232129570046,
      0.9874023567499701,
      0.4037248951470114,
      -0.9063073702336252,
      0.8363344041287595,
      0.40560978675954773,
      -0.3218639932151882
    ],
    [
      2.2036130504659073,
      0.4092636786784374,
      -0.3458667024238455,
      0.713956821233065,
      0.4209411181357337,
      -0.9907274514956507,
      1.0752033498338458,
      0.41262124431969555,
      -0.1909891574062506
    ],
    [
      2.0374692834891137,
      0.40363507855224023,
      -0.3277553874855697,
      1.7879834152324061,
      0.3738961282806804,
      -2.4173353637828336,
      0.836423803820154,
      0.4479994240112733,
      -1.084758786438898
    ],
    [
      1.6808296047528963,
      0.47511354654444793,
      -0.3079793712862319,
      1.283818945895919,
      0.3162137699515493,
      0.41807529873484794,
      0.5525295001275926,
      0.3475165369365263,
      0.21831915842111171
    ],
    [
      1.7046068454854781,
      0.9402966907723204,
      1.2386315304774125,
      0.760915561345089,
      0.21474604745825215,
      -1.8982852472832166,
      0.906084640041634,
      0.9649486880809016,
      0.6097252585824499
    ],
    [
      1.6140403950945603,
      0.5335527722626418,
      -0.05171779956624087,
      1.5468022723542207,
      0.5615835454994396,
      0.6162151964888447,
      1.1580573729231505,
      0.44852752338022706,
      0.7364455664690855
    ],
    [
      1.9060681298397497,
      0.47827638612573337,
      -0.5258689555541757,
      1.3775952807880958,
      0.434826042649997,
      -2.039778538044968,
      1.1309473534547876,
      0.3515251132154201,
      -1.9513388094659694
    ],
    [
      1.7434574486191423,
      0.4092741329805569,
      -0.3159268479350577,
      1.109865603238629,
      0.3297192335239584,
      0.015974671635076154,
      1.0800574036811836,
      0.46791625174664225,
      -0.49819525939282905
    ],
    [
