{
  "gen": 20,
  "min": Infinity,
  "avg": Infinity,
  "best_params": [
    1.1861663446573514,
    0.951207163345817,
    1.3919636508684308,
    1.8361096041714062,
    0.16445845403801215,
    -2.0640328779827843,
    0.2684424752877784,
    0.8675143843171859,
    0.606690070459253
  ],
  "pop_params": [
    [
      1.1861663446573514,
      0.951207163345817,
      1.3919636508684308,
      1.8361096041714062,
      0.16445845403801215,
      -2.0640328779827843,
      0.2684424752877784,
      0.8675143843171859,
      0.606690070459253
    ],
    [
      2.153410475608532,
      0.03037864935284442,
      2.819459112971966,
      2.514083658321223,
      0.2202157195714934,
      -1.9090501967573963,
      0.631873078574958,
      0.31119982052994233,
      0.14853858979342682
    ],
    [
      1.3526405540621358,
      0.2983168487960615,
      0.6711173683342766,
      0.5045321958909214,
      0.29922320204986597,
      -0.8018289402378498,
      1.4226029542294043,
      0.7873242017790835,
      -1.8019573070498416
    ],
    [
      1.8603500700943756,
      0.48058626476735067,
      1.8913360955519884,
      1.8020985010719852,
      0.3852199969926686,
      1.032439924115086,
      0.7729992553373742,
      0.4723398552266745,
      0.30028876492432954
    ],
    [
      2.018431209576443,
      0.4319603187198008,
      -1.169713700523911,
      1.5047385965184084,
      0.38229197578849244,
      -1.4682359476768616,
      1.0991743586557037,
      0.44755471139349784,
      -2.6689340260193033
    ],
    [
      1.982736899750316,
      0.4146612581490781,
      -1.528917028611111,
      1.011644421619625,
      0.35907168238140785,
      -1.232692990978153,
      0.8464704498190915,
      0.4002968590971416,
      -0.5652305714869357
    ],
    [
      1.8228570396943984,
      0.48725900141250267,
      0.27457923051568384,
      1.4337773008069037,
      0.38927477018396817,
      -1.4486077517600657,
      0.6942198155838312,
      0.43099989166204394,
      -0.5958680395999012
    ],
    [
      1.9372711255319908,
      0.7441917614629321,
      1.033466447924507,
      1.799850073297822,
      0.30463534020265,
      -0.8726941981418046,
      0.8286113223517715,
      0.5132984306561672,
      -1.3612216157922956
    ],
    [
      1.9938770317824566,
      0.43291235444519127,
      -0.44713094221247396,
      1.3295636561518227,
      0.31582158421915824,
      0.22812749927545273,
      1.0206845053419462,
      0.626027789767531,
      -0.551012839326245
    ],
    [
      1.7073965750363198,
      0.3877950962273537,
      -1.0188168278526666,
      1.0640391505499887,
      0.4047274324628873,
      -0.6847043728212165,
      1.052730354223032,
      0.7106591557129716,
      0.060871097685350595
    ],
    [
      1.725080236303624,
      0.631214065880634,
      -0.5684688004557188,
      1.2337846894037559,
      0.3523611008568684,
      -1.2104881968803027,
      0.8201631455252052,
      0.46957695256849546,
      -1.471075797094528
    ],
    [
      1.7246146185631976,
      0.33958798148100056,
      1.5669706020610155,
      0.8881115280290549,
      0.3867585466280321,
      -1.247648635475583,
      1.0095599150956605,
      0.6441656564678754,
      0.9342286580226214
    ],
    [
      1.9510410703527383,
      0.5147523975478829,
      0.01094380728943567,
      1.304528159187911,
      0.35012451988948917,
      -1.3629703557963957,
      1.1684769394678616,
      0.5658998035234122,
      -0.2953969913228698
    ],
    [
      1.7941665456624316,
      0.3425520052130405,
      1.3035108849855286,
      1.6121364022789837,
      0.460848553310607,
      -1.6966249184233844,
      1.1693494238413333,
      0.38528420643545797,
      -1.4196206700461849
    ],
    [
      1.9331458986047925,
      0.36251950412397566,
      -0.4981949436575761,
      1.4949320365897512,
      0.2841825921992331,
      -1.752317070501549,
      0.7732941004604684,
      0.4003641037873839,
      -0.5225159267592548
    ],
    [
      2.0019587404054517,
      0.3512829192032286,
      0.8887942841027773,
      1.5139598112820585,
      0.3132831026614088,
      -0.07212493956714217,
      0.756941689017727,
      0.5480784398814231,
      0.7117231455700859
    ],
    [
      1.9959855940060898,
      0.3573148748278543,
      0.3013484685521732,
      1.4198063740493363,
      0.3942319154200536,
      2.6908713532865964,
      1.091188765365806,
      0.43291435918814447,
      -3.0
    ],
    [
      1.9856559249659689,
      0.5473156734669721,
      0.38873496528026186,
      1.6146166257250865,
      0.26975390464103205,
      -0.27115643968016334,
      1.0808946101993409,
      0.4110402101747805,
      -1.584159273347955
    ],
    [
      1.8826725277986216,
      0.6247239834705769,
      0.7796836594184691,
      1.3855060271977397,
      0.24505512754549114,
      0.3171210392144501,
      0.7819326351401624,
      0.5797918269184267,
      -0.4728740324059011
    ],
    [
      2.0091412683592127,
      0.3819526053177027,
      -1.083234916399213,
      0.9592353985843252,
      0.35435148084094814,
      -0.8565224869670567,
      1.0735324897712866,
      0.3408158813293402,
      -2.911122146545238
    ],
    [
      2.1252022052574713,
      0.31572453718352145,
      0.7375093232239356,
      1.2394539227830024,
      0.3223812810167594,
      -1.8909468983347104,
      1.007445190295307,
      0.30948058237598447,
      -0.8923041323131509
    ],
    [
      2.096424784294363,
      0.5342832935465907,
      0.6564971922717753,
      1.4220845715063892,
      0.3284447818540455,
      -0.6864278470891636,
      1.0311590026799078,
      0.301784450881158,
      3.0
    ],
    [
      1.6279636488316276,
      0.6476404198069768,
      0.24984783937090688,
      0.85945808037093,
      0.31053417852217585,
      -0.235570815241277,
      0.820445342193874,
      0.5634843531801174,
      2.54053997513275
    ],
    [
      1.8119792934415304,
      0.4288117336327015,
      -0.12011359208529782,
      1.0030997780987982,
      0.29794827099130633,
      -2.2000597942886686,
      1.1228955612966691,
      0.5501115775987785,
      -0.32259575354431413
    ],
    [
      2.168318540866017,
      0.03037864935284442,
      2.819459112971966,
      2.514083658321223,
      0.2202157195714934,
      -1.9090501967573963,
      0.631873078574958,
      0.31119982052994233,
      0.14853858979342682
    ],
    [
      1.9032001669174756,
      0.20574132134002648,
      -1.0960210598510631,
      1.2972588423749127,
      0.3948395422521559,
      -0.4807212800263721,
      0.5667382542342956,
      0.38727012376952563,
      0.6114464367866623
    ],
    [
      2.082784811295561,
      0.6914884644526068,
      -1.8745827578628724,
      1.3744063764514696,
      0.3825498877172719,
      -0.21756409493030615,
      0.9117792788386121,
      0.4072092354019761,
      -0.9318724703941452
    ],
    [
      2.094612830544702,
      0.4116278426899896,
      2.248135726155495,
      1.6104460220906152,
      0.35146091388854506,
      0.7154985534650719,
      0.9179199471645328,
      0.48801421671414413,
      -0.7566824648554215
    ],
    [
      1.8301703924630837,
      0.7282170051679391,
      2.4990817231794344,
      1.0539723231093736,
      0.33852364491794484,
      -1.0448394440999655,
      1.173217483272788,
      0.8853133851967407,
      0.19757605527944844
    ],
    [
      1.5327726776491377,
      0.36088495191244,
      1.9027219045514467,
      1.2160159774923656,
      0.3423976333959048,
      1.1421666746991868,
      0.4623894349076216,
      0.6245499492714313,
      0.7318560360302591
    ],
    [
      2.1743271161465056,
      0.4129942217203797,
      -1.1667841058195303,
      1.526257679705662,
      0.38440056114232746,
      -0.8804681226337281,
      0.6120899906409013,
      0.3998551434890778,
      0.1558561489696429
    ],
    [
      1.8719916880922536,
