{
  "gen": 7,
  "min": 0.12834158831012327,
  "avg": 0.9496427501454978,
  "best_params": [
    0.6820639391214658,
    0.0985615049303484,
    -0.27176999259380474,
    2.6506127308378296,
    0.38609691775374677,
    -0.4442881587348433,
    0.675949714812975,
    0.5135787784417756,
    0.2728224701771546
  ],
  "pop_params": [
    [
      0.6820639391214658,
      0.0985615049303484,
      -0.27176999259380474,
      2.6506127308378296,
      0.38609691775374677,
      -0.4442881587348433,
      0.675949714812975,
      0.5135787784417756,
      0.2728224701771546
    ],
    [
      0.6820639391214658,
      0.0985615049303484,
      -0.27176999259380474,
      2.6506127308378296,
      0.38609691775374677,
      -0.4442881587348433,
      0.675949714812975,
      0.5135787784417756,
      0.2728224701771546
    ],
    [
      0.5813419557534529,
      0.05190423167216716,
      -0.6437113122367628,
      2.773768922609804,
      0.6347683375769821,
      -0.3825258487699461,
      0.8861162376375568,
      0.5294929373599931,
      -0.001837982859181908
    ],
    [
      0.5813419557534529,
      0.06282103230935357,
      -0.6052027961204143,
      2.6714257730211464,
      0.6370331483267292,
      -1.309717183094935,
      0.8861162376375568,
      0.5294929373599931,
      -0.001837982859181908
    ],
    [
      0.3495402396829105,
      0.3065577950759606,
      -0.36940769973346277,
      2.135856538416626,
      0.714797313536327,
      -0.9616935195802383,
      1.7653768374049028,
      0.5429243593557054,
      -1.0705952959212395
    ],
    [
      0.5813419557534529,
      0.05190423167216716,
      -0.6437113122367628,
      2.815198698961892,
      0.6335022216010711,
      -0.3825258487699461,
      0.8861162376375568,
      0.5294929373599931,
      -0.001837982859181908
    ],
    [
      1.7579988732012661,
      0.5436669256198272,
      -0.04129839484824327,
      2.5961459834618186,
      0.8463489926307509,
      0.024246624262259188,
      1.659511972415365,
      0.7036240198032262,
      -0.7548572607661088
    ],
    [
      1.2629745655494333,
      0.05920422906306568,
      -2.0513047844257164,
      1.7639063652807747,
      0.6678170255032034,
      1.830061641492727,
      0.9974201836887722,
      0.5302074968518415,
      0.010490581250973288
    ],
    [
      0.5813419557534529,
      0.05190423167216716,
      -0.6437113122367628,
      2.923845702846985,
      0.6347683375769821,
      -0.3825258487699461,
      0.8861162376375568,
      0.5659062262236576,
      -0.001837982859181908
    ],
    [
      1.1233984495359481,
      0.29231299924009113,
      -0.567290902234675,
      2.620035241479326,
      0.7909931503605799,
      -1.8688308553621749,
      1.226845821236739,
      0.5407139924946451,
      -0.08863811197093571
    ],
    [
      0.5813419557534529,
      0.01,
      -1.0254144795709554,
      2.611418136373293,
      0.6347683375769821,
      -0.3825258487699461,
      0.8861162376375568,
      0.47438384669142636,
      -0.001837982859181908
    ],
    [
      0.6583544299421568,
      0.5314048314246258,
      1.355135087329216,
      2.3540058825052292,
      0.6233533177994584,
      -0.2920268369661679,
      1.1661433524971707,
      0.5308420129458875,
      -0.3671064808538297
    ],
    [
      0.7959827358280493,
      0.6087720234931747,
      3.0,
      2.385174825691213,
      0.3747865444926889,
      -1.6186974249831478,
      1.489028865879504,
      0.5955902858605657,
      -0.015399687107196636
    ],
    [
      0.5813419557534529,
      0.05190423167216716,
      -0.6437113122367628,
      2.7523386992305663,
      0.6347683375769821,
      -0.3825258487699461,
      0.8861162376375568,
      0.5294929373599931,
      -0.001837982859181908
    ],
    [
      0.7153745946446152,
      0.39843537461102174,
      2.6115058835954787,
      2.663164220588055,
      0.38574419681783917,
      -0.4524581917689466,
      0.7592043765028357,
      0.5598517806063052,
      0.36875590898218835
    ],
    [
      0.6687039677017123,
      0.06600450928226573,
      0.13695069325832443,
      2.6698658256803065,
      0.3867832930285633,
      -0.07048106568003776,
      0.6705671424027142,
      0.5186788159402507,
      0.2287303242945652
    ],
    [
      0.6987980835167296,
      0.3762055844473541,
      -1.3380021938374682,
      1.778232225882608,
      0.5971880530733036,
      -0.42087265828886467,
      0.8669001846324171,
      0.5303967151677651,
      -0.11310439031545372
    ],
    [
      0.7892549707539311,
      0.0615837368868255,
      -0.11408658372482369,
      2.451579208534907,
      0.483460896704326,
      -0.30595688664630694,
      1.3577861235968838,
      0.529913068451933,
      -1.280492168217842
    ],
    [
      1.830217089226753,
      0.09253170882703077,
      -0.06457781813505792,
      2.254575429322866,
      0.6349907199718988,
      0.17944155975140597,
      1.2878732064664318,
      0.5538081754543474,
      -2.1093692251380745
    ],
    [
      0.9035570735850662,
      0.2061655372559252,
      -0.0741459374726901,
      2.465212497052555,
      0.3766097095444539,
      -0.051011037004437765,
      1.1629781234924312,
      0.419909647182806,
      -2.2380769395408118
    ],
    [
      0.9985466050120408,
      0.43570242812344046,
      1.6766800040557546,
      2.6671519413521336,
      0.6113995494513058,
      -2.1357631407765654,
      0.9136437997638361,
      0.5277189967183785,
      -0.07035354199108332
    ],
    [
      1.8196461739497045,
      0.26023358759374277,
      -0.08485496259659403,
      1.9338610785063413,
      0.8031177358549522,
      0.17178951493067507,
      1.1884895869179928,
      0.5448239820617548,
      -0.12098798327065896
    ],
    [
      0.5947133183385804,
      0.3375235553286313,
      -0.6414703702542297,
      1.710951357327372,
      0.6329753087052271,
      -0.5681700648120167,
      0.8862569425962034,
      0.523668873636972,
      -0.0013514768081278328
    ],
    [
      1.1956376135706446,
      0.3509364594176745,
      0.03228458651283572,
      1.718471216525933,
      0.8768517744127504,
      0.05413316434833393,
      1.2790475102824135,
      0.7410191924736589,
      -0.5109987852959076
    ],
    [
      0.5813419557534529,
      0.05190423167216716,
      -0.6437113122367628,
      2.773768922609804,
      0.5521726742625115,
      -0.3825258487699461,
      0.8861162376375568,
      0.5294929373599931,
      -0.001837982859181908
    ],
    [
      1.8427753841878087,
      0.5780224171767195,
      1.173898139600093,
      2.176354330278257,
      0.45926261137656577,
      -0.11494709463277097,
      1.3268368326893174,
      0.531760252282675,
      0.15971714584218266
    ],
    [
      0.5813419557534529,
      0.04335054567104217,
      0.3376965371844576,
      2.6530836624453586,
      0.6369205891851516,
      -0.3825258487699461,
      0.8861162376375568,
      0.4932017056030483,
      -0.001837982859181908
    ],
    [
      0.5954642179875631,
      0.1634867458036392,
      -0.5990917314936326,
      2.407406705078177,
      0.6295569529346793,
      -0.49759362535133156,
      1.8400384284956999,
      0.5297954882305312,
      -0.8199422546065036
    ],
    [
      0.5813419557534529,
      0.01,
      -0.6437113122367628,
      2.6686464927501468,
      0.6477232435270174,
      -0.3825258487699461,
      0.8861162376375568,
      0.5294929373599931,
      0.7220590178264907
    ],
    [
      1.7618931020296944,
      0.5671879153051015,
      0.38678003273316264,
      1.4619615183350883,
      0.8654747345475893,
      0.13545585704792257,
      1.6033218986702384,
      0.7255879858472176,
      -0.820241359352031
    ],
    [
      1.419309692584372,
      0.17476745924420412,
      -0.6065552743984669,
      2.3185267063847346,
      0.7243685139345984,
      -0.2187793635543673,
      1.1402242817736146,
      0.5323034013022169,
