{
  "gen": 10,
  "min": 0.04907216641172112,
  "avg": 0.7925666715873815,
  "best_params": [
    1.0759529550392894,
    0.6439881820698768,
    0.5701538230985718,
    1.8830451303471791,
    0.5346799423972256,
    -0.1304646965626717,
    1.9313739034613655,
    0.0531509165785598,
    -1.39504977030029
  ],
  "pop_params": [
    [
      1.0759529550392894,
      0.6439881820698768,
      0.5701538230985718,
      1.8830451303471791,
      0.5346799423972256,
      -0.1304646965626717,
      1.9313739034613655,
      0.0531509165785598,
      -1.39504977030029
    ],
    [
      1.4844443582581575,
      0.5478003037870129,
      0.21922731371194754,
      1.570032250869111,
      0.45716577689496296,
      -0.07682988811051875,
      2.0132484824896135,
      0.04600179320272113,
      -1.4165320829860615
    ],
    [
      0.9852873718092234,
      0.6312067436478872,
      0.6653249180465096,
      2.0897215637111066,
      0.4743673809143282,
      -0.26592379392483284,
      1.4035385725163687,
      0.11803914843599328,
      -0.9200836410627566
    ],
    [
      1.4879152033894902,
      0.5823037002496861,
      1.4690522072763772,
      1.9542333934880098,
      0.5720130090595523,
      -0.25305272417578156,
      1.6845183958878724,
      0.09104240625445917,
      -1.3413643413958969
    ],
    [
      1.4609996425780214,
      0.6346673670661829,
      0.36210188574817814,
      1.8525018741445396,
      0.7414449179489477,
      -0.158207705239789,
      2.0475102074888576,
      0.01,
      -1.4464012581660175
    ],
    [
      1.5042421321303199,
      0.5966336454906894,
      0.1883216754320264,
      1.639997771595623,
      0.5946867874753388,
      0.010916844386565788,
      1.7998206571974564,
      0.05539715728288672,
      -1.5637848694075942
    ],
    [
      1.3701795354031447,
      0.624591658090681,
      0.6830079769811502,
      2.029507404393021,
      0.45271159596936733,
      -0.2459393034538298,
      1.5275577802588411,
      0.12527685877033556,
      -1.1568671303099283
    ],
    [
      1.04182749241325,
      0.6260076316140152,
      0.4574950895363278,
      1.6995766887724315,
      0.6957746912791261,
      -0.1220653244184142,
      2.085850357359222,
      0.06342170665691017,
      -1.2641705725637606
    ],
    [
      1.444111257496742,
      0.6377061078184562,
      0.3036327491751737,
      1.8612355911088292,
      0.5423747383246575,
      -0.07955419700316561,
      1.8604189301752991,
      0.021674486290496835,
      -1.9809149594874276
    ],
    [
      0.8103430812008057,
      0.5983606146649555,
      0.31046747840966993,
      1.734786948139067,
      0.6207073172461854,
      -0.03707384083453766,
      1.8237205640175034,
      0.19087407790945474,
      -1.143332321835594
    ],
    [
      1.521525732104484,
      0.636170125081968,
      0.3711805911682976,
      1.8524885759684415,
      0.4447712087463053,
      -0.15552019685169988,
      2.0472540596603825,
      0.021328259615390463,
      -1.4516382073645453
    ],
    [
      1.409559012014095,
      0.5561895645680758,
      0.1313547941883544,
      1.5078433446655466,
      0.723549789500811,
      0.012019669671000974,
      1.7805304378213875,
      0.05057797519005627,
      -1.2931671804265763
    ],
    [
      1.0465511110447334,
      0.5843487283466904,
      1.198279550747025,
      1.9590280566130513,
      0.5026838894312595,
      -0.25165870478334906,
      1.5968069380555159,
      0.08695874293534928,
      -1.723805793813643
    ],
    [
      1.1182646318844183,
      0.6377360577974674,
      0.4395360822037966,
      1.8779424157006883,
      0.4682938756985689,
      -0.283168392853511,
      1.6144587806957282,
      0.11950992853955081,
      -1.4159212860790154
    ],
    [
      1.4644396451788069,
      0.656994405609896,
      0.4089627683114196,
      1.8523432379619271,
      0.46844569039202766,
      -0.1701353437712193,
      2.0925735229302385,
      0.044864864675199526,
      -1.5017729238425532
    ],
    [
      0.48218679672388115,
      0.6980005116975219,
      3.0,
      1.7956137162151458,
      0.642880790363846,
      -0.27606166621740247,
      1.9018834695497235,
      0.01,
      -2.053669676253803
    ],
    [
      1.2063874646568142,
      0.6306645860666336,
      0.386906444941576,
      2.017308005565081,
      0.6794228130680888,
      -0.07735819435346997,
      1.1432997780028566,
      0.21269432708324898,
      -2.0541046937641916
    ],
    [
      1.3064953080085555,
      0.5867928921934707,
      2.573810656333285,
      1.8582268125986041,
      0.6079799383874562,
      -0.2812218345656574,
      1.4515392065552026,
      0.02692769540506304,
      -1.216074327546917
    ],
    [
      1.1281291679293912,
      0.5872442907926954,
      1.6733814552747286,
      2.056180534207161,
      0.5216147049628551,
      -0.18360249126798392,
      1.785752579808674,
      0.03763185488016087,
      -1.1580725332206057
    ],
    [
      1.211050514484272,
      0.5478452422372924,
      0.8531070959912332,
      1.798304604430102,
      0.4252636740555254,
      -0.20458290248845207,
      1.9239209972210436,
      0.01,
      -1.8042199732221171
    ],
    [
      0.9848962676467796,
      0.6291576069946094,
      0.6042189796885545,
      1.7783308305156786,
      0.4683878106172772,
      -1.5268826777130795,
      1.6605411366008413,
      0.05070205243828202,
      -0.9955052275411808
    ],
    [
      1.3200547328152645,
      0.6107912411263856,
      0.3783636962311435,
      2.145616163610122,
      0.566748328909103,
      1.088826818926977,
      1.357443698157166,
      0.07380655943302186,
      0.09767394145004671
    ],
    [
      1.0609158685708513,
      0.6515841259060988,
      -1.766148064094207,
      1.7906839435211528,
      0.4987188259024009,
      -0.10705432064409172,
      1.9027195713968008,
      0.03363425543173771,
      -1.3167267032859287
    ],
    [
      0.6507685104141276,
      0.5990489372501716,
      2.4886554986114753,
      1.6819844396527548,
      0.5195320619660065,
      -0.049734202573133546,
      1.6633559692838107,
      0.18252099737261435,
      -1.1077947724417565
    ],
    [
      1.4243970668504962,
      0.6427587386036356,
      0.24533194575505957,
      1.9443998588700393,
      0.6338852089540196,
      -0.4789872026559857,
      1.691531554227537,
      0.029613784273261015,
      -1.5739621140567144
    ],
    [
      1.2319011731663074,
      0.6041473669457647,
      0.024311558112384692,
      1.8250871032029308,
      0.6395180120444589,
      -0.09769424984181035,
      1.8952900963114938,
      0.01815533589202742,
      -1.3045272589450814
    ],
    [
      1.0117691319047248,
      0.6054324839995247,
      0.4838437566236995,
      1.9999880500114777,
      0.4538968769129918,
      -0.11364002130385206,
      2.014543389482358,
      0.07520463938221714,
      -1.3907299122120325
    ],
    [
      1.078754708684296,
      0.5599176002191222,
      0.4517462422357187,
      1.5614770463257626,
      0.8249840964581563,
      -0.10823803631851012,
      1.9072795181769684,
      0.09637675552860497,
      -1.2547404306014207
    ],
    [
      1.1287478542694789,
      0.6021617026665991,
      1.5598120501762363,
      1.9183015210483036,
      0.5466317851870556,
      -0.2513435421714084,
      1.875456832189759,
      0.03416280434672588,
      -1.108641540442234
    ],
    [
      0.9036575084055974,
      0.6191765116070731,
      0.6543464642133896,
      1.9733440030890008,
      0.6049690496045793,
      -0.5950348442746282,
      1.6731212209318045,
      0.3700213154454241,
      -1.118216189729176
    ],
    [
      0.6664453849262034,
      0.5792278010218368,
      1.0780468485542258,
      1.6760025028774326,
      0.5275778416662997,
      -0.20763158928686654,
      1.906057648493455,
      0.09630263697568807,
      -1.1320552842028435
    ],
    [
