{
  "gen": 1,
  "min": 0.5746174812067723,
  "avg": 2.4970550543136643,
  "best_params": [
    0.7071130376764598,
    0.3767673817634682,
    -0.09286208885387204,
    1.8929388374378584,
    0.3752245031740747,
    -0.22479170320111264,
    2.267665720587894,
    0.04631637086169192,
    -1.4853783339358755
  ],
  "pop_params": [
    [
      0.7071130376764598,
      0.3767673817634682,
      -0.09286208885387204,
      1.8929388374378584,
      0.3752245031740747,
      -0.22479170320111264,
      2.267665720587894,
      0.04631637086169192,
      -1.4853783339358755
    ],
    [
      1.1861663446573514,
      0.951207163345817,
      1.3919636508684308,
      1.8361096041714062,
      0.16445845403801215,
      -2.0640328779827843,
      0.2684424752877784,
      0.8675143843171859,
      0.606690070459253
    ],
    [
      0.44682331322107494,
      0.716112339350765,
      1.5647102917013846,
      1.727703872951539,
      0.7732575081550154,
      -0.03722642181365554,
      1.6159252052077828,
      0.4332656081749641,
      -2.8474852395354286
    ],
    [
      2.8667479790502948,
      0.6101128881063712,
      -1.6281431669792237,
      2.0479319847769846,
      0.6219469580533169,
      -0.8510236918029568,
      0.42931701737892414,
      0.6748574636368716,
      1.1306184642092287
    ],
    [
      0.8266191471758272,
      0.5328604533882243,
      -1.5952881470096216,
      1.9003049165288264,
      0.5972239524181224,
      -0.8757425201371443,
      0.38995018866723336,
      0.6703512601118303,
      0.11800910516436415
    ],
    [
      2.182401041166346,
      0.5338145904296459,
      -1.7614658788123556,
      1.8813073826579243,
      0.6358813079430862,
      -2.4329123986546026,
      0.7157416275436397,
      0.6511326500654497,
      0.11917214948501267
    ],
    [
      0.7258809797408452,
      0.6266615710608102,
      -3.0,
      0.24987699138896233,
      0.5360410852524665,
      0.24381072966063932,
      1.948546714344799,
      0.7288304203854349,
      2.855112476775208
    ],
    [
      1.684214108872651,
      0.29550535852394155,
      -1.9848652724933546,
      1.3256181867525538,
      0.48324346327174533,
      0.28135038972854387,
      0.6897228339507209,
      0.5878434073266687,
      1.4314408104431928
    ],
    [
      0.8218663681907836,
      0.5171906601941418,
      -0.6781422467112552,
      1.8836475996046205,
      0.4103092519306023,
      -2.415200042256302,
      1.2416770492788662,
      0.6909916358056373,
      0.6619232542057355
    ],
    [
      0.16293953347219675,
      0.26542176566040876,
      -2.0004797565961407,
      0.2227202673197694,
      0.23132699920219613,
      0.21035994118493218,
      1.4551610929851941,
      0.8599697693333023,
      -2.0081485154944207
    ],
    [
      1.0556552373583021,
      0.27717025900353065,
      -0.5457088580221443,
      1.6857578144825494,
      0.45209941113252006,
      -2.4257276644954144,
      2.1954956582159153,
      0.6413837183822924,
      -1.246594284460963
    ],
    [
      1.8125304564383637,
      0.34444662209915733,
      0.3841162090921806,
      0.5566570270371675,
      0.18239266155643655,
      -2.0701168340711633,
      2.6318154617098264,
      0.6613741605787694,
      -1.5402097912737416
    ],
    [
      2.6801795965642765,
      0.5065187797799495,
      -2.9987049971247814,
      1.6715493698171024,
      0.46940980428887014,
      -0.017251148776280534,
      1.4398943137716627,
      0.4455001989011673,
      3.0
    ],
    [
      2.9612547776534086,
      0.3805280877985591,
      -0.7761471175986543,
      2.4571187450467575,
      0.9477760916100201,
      2.9160063829372254,
      2.2847967372509306,
      0.38249698967560664,
      -2.4989956998079874
    ],
    [
      1.9801567620659952,
      0.7611061948305273,
      -2.459089472306058,
      0.22945826491516433,
      0.5350895880357622,
      -1.2969586900985783,
      1.958492703042198,
      0.6577355036950954,
      2.6677525081738276
    ],
    [
      0.5343136634409978,
      0.2304200260878991,
      -0.8924352932141204,
      2.543803570433218,
      0.8259912037736297,
      -0.5901391723013567,
      2.964083807756516,
      0.4636401769834458,
      -0.7013633955764991
    ],
    [
      1.9372361612065947,
      0.5507318862274146,
      -2.45826137967355,
      2.226325681287268,
      0.32757226432201847,
      -2.1775017966255907,
      0.11936019454913459,
      0.5949840137563595,
      1.065386171053694
    ],
    [
      0.6893481796019676,
      0.09533452275020067,
      -2.153682383515172,
      0.22410601750864267,
      0.44217221361067954,
      -1.4851542857568825,
      1.3314875719277133,
      0.1885234152811745,
      1.8199875869056121
    ],
    [
      0.794338899776678,
      0.623842861413919,
      -1.2628966025958044,
      0.5156736165810836,
      0.30483196743664737,
      -3.0,
      1.3862600573261645,
      0.737325513875906,
      3.0
    ],
    [
      0.7324209236565289,
      0.9039649742825294,
      -0.6279192367130455,
      0.9001360755212864,
      0.8664164088145531,
      -0.0731032866572976,
      0.4741965902206301,
      0.4758340819710105,
      1.0445983969694326
    ],
    [
      1.9425601477434222,
      0.510887966586614,
      -2.4243414877435447,
      2.0120986495636,
      0.3581288355118114,
      1.056520672227394,
      0.679661811244149,
      0.6412395493326616,
      0.32797944113437527
    ],
    [
      0.7559591049178348,
      0.7380987566976548,
      0.7467031959303874,
      0.7489839173454707,
      0.11616825650337337,
      -2.0055119313517142,
      0.5484990875797746,
      0.9582106987331104,
      1.1800155139537927
    ],
    [
      1.0372885028601901,
      0.5236027155259324,
      1.2181137533710675,
      1.1545258468999526,
      1.0,
      2.7746837696526674,
      0.830168657893556,
      0.5022760208334616,
      -1.194730141099382
    ],
    [
      0.7071130376764598,
      0.3767673817634682,
      -0.09286208885387204,
      1.8929388374378584,
      0.3752245031740747,
      0.8847687162942102,
      2.267665720587894,
      0.04631637086169192,
      -1.4853783339358755
    ],
    [
      1.8327838720263834,
      0.34552686848201924,
      -1.7965116601449347,
      1.584548895761513,
      0.7406507671126117,
      -0.15104410097977994,
      1.341322578737797,
      0.8240973470813154,
      2.4695936379878156
    ],
    [
      0.4171192309382118,
      0.712769769477474,
      0.22138007745588795,
      1.8276324695246593,
      0.8244508195249287,
      -0.24359805682657293,
      2.02361668224344,
      0.16216635874228574,
      -1.6592422473992572
    ],
    [
      1.115080250781719,
      0.055701531010060416,
      1.295030090121461,
      1.3942663464097094,
      0.7015990821773017,
      1.0663363074438084,
      0.7483083397319625,
      0.5017098259113412,
      0.33680891300639926
    ],
    [
      1.9372361612065947,
      0.5923697966423179,
      -2.45826137967355,
      2.52237723720879,
      0.32757226432201847,
      -1.8808889376008746,
      0.21824791050881537,
      0.5949840137563595,
      1.065386171053694
    ],
    [
      1.9913615619301503,
      0.3612941298167693,
      -2.592225177404581,
      2.806628046998581,
      0.2532255045269967,
      0.6696454173394608,
      1.9598035235657272,
      0.9523601058844612,
      0.14258193536050734
    ],
    [
      0.697811723244039,
      0.6888929048069146,
      0.12012775371504048,
      1.6574565029825656,
      0.729188951989915,
      0.5429455689978138,
      1.7768506505639756,
      0.33637670329525604,
      2.497977639975226
    ],
    [
      2.0200191432455514,
      0.21529478760209347,
      -2.8373802104744614,
      2.2749188174192003,
      0.5565985917675482,
      -2.3867783034140975,
      0.5605828713822995,
      0.7781134916333676,
      -0.8404648273755151
    ],
    [
      0.7325645846435199,
