{
  "gen": 7,
  "min": Infinity,
  "avg": Infinity,
  "best_params": [
    1.1861663446573514,
    0.951207163345817,
    1.3919636508684308,
    1.8361096041714062,
    0.16445845403801215,
    -2.0640328779827843,
    0.2684424752877784,
    0.8675143843171859,
    0.606690070459253
  ],
  "pop_params": [
    [
      1.1861663446573514,
      0.951207163345817,
      1.3919636508684308,
      1.8361096041714062,
      0.16445845403801215,
      -2.0640328779827843,
      0.2684424752877784,
      0.8675143843171859,
      0.606690070459253
    ],
    [
      2.153410475608532,
      0.03037864935284442,
      2.819459112971966,
      2.514083658321223,
      0.2202157195714934,
      -1.9090501967573963,
      0.631873078574958,
      0.31119982052994233,
      0.14853858979342682
    ],
    [
      1.3526405540621358,
      0.2983168487960615,
      0.6711173683342766,
      0.5045321958909214,
      0.29922320204986597,
      -0.8018289402378498,
      1.4226029542294043,
      0.7873242017790835,
      -1.8019573070498416
    ],
    [
      1.1861663446573514,
      0.951207163345817,
      2.282914347179575,
      1.8361096041714062,
      0.16445845403801215,
      -2.0640328779827843,
      0.2684424752877784,
      0.8359538009844256,
      0.8667098132163966
    ],
    [
      1.7576378814756235,
      0.5229242879278256,
      -1.0696594046126773,
      1.1867695709112691,
      0.45999321445629876,
      -0.8273329679475311,
      0.9114314467610766,
      0.49362862249640777,
      0.8733967283672459
    ],
    [
      1.5971149472194612,
      0.6488388201953001,
      0.46779020779438163,
      1.4472254463591476,
      0.3375451485722135,
      -0.2654665862563274,
      0.2499938105061623,
      0.6591860870565192,
      -1.4775288153585113
    ],
    [
      2.3278344695129003,
      0.42621365514633114,
      -1.3114253357608783,
      1.499687160927717,
      0.4312305242250239,
      1.3809252529150902,
      0.3663164953725796,
      0.3833440699033434,
      2.5464703218626408
    ],
    [
      2.4117980215093353,
      0.06350516469875878,
      -1.1300831562343223,
      1.6011176673971774,
      0.6918331008768219,
      -0.011288143547852458,
      0.7637768845421916,
      0.3778344132177036,
      -1.6742750342711545
    ],
    [
      1.9270945001007025,
      0.48670740972543114,
      -0.5707277253799691,
      1.4821464302789162,
      0.43785235116580873,
      1.0103427258225415,
      1.6233348850195441,
      0.4459567553836512,
      -0.9975714403294424
    ],
    [
      1.8742012359869638,
      0.5296385470586422,
      -1.8248415974594754,
      1.4702485077200738,
      0.4406997786218007,
      1.7482227400255699,
      1.7151834342423589,
      0.394540394348325,
      0.525490025801872
    ],
    [
      1.7116721998948448,
      0.4114982185574877,
      0.5993765582869401,
      0.6417138259039339,
      0.34444366309768987,
      -0.7997032383914793,
      1.4114119669151968,
      0.6649032520637264,
      -2.0469392624457665
    ],
    [
      2.1161689535640416,
      0.5019433655024188,
      -0.5568556625763532,
      1.8125231076949726,
      0.30561756049205413,
      -0.6392800154018338,
      0.7780806927426125,
      0.31262262163111376,
      0.5253917868514597
    ],
    [
      2.6503213353891883,
      0.47130550201081955,
      0.8728412489175965,
      1.2466874305629965,
      0.3407481362722716,
      -0.3815246051449638,
      1.0375196551789978,
      0.4995864930681271,
      -1.6441954907034253
    ],
    [
      2.0219833026847396,
      0.49227185801647844,
      -1.2545173960383613,
      1.2892007517325872,
      0.4253729822039738,
      -0.07926789475742635,
      1.1973330130438002,
      0.29902164314031715,
      0.3885316628823865
    ],
    [
      1.5994297513408982,
      0.44513365426703577,
      0.3164996347073148,
      1.4210485562223578,
      0.20980035859399793,
      -0.28222295233048533,
      0.8624862832823887,
      0.23580502738704887,
      -0.49128973721306024
    ],
    [
      2.4750199332399134,
      0.5596517975217492,
      0.20613726276179856,
      1.2644500943263313,
      0.345336438516667,
      0.3626307858428336,
      0.4528041160636892,
      0.33669007422999797,
      -0.5255228127859057
    ],
    [
      1.782346483978871,
      0.2724442797690729,
      -0.2971946169188442,
      1.6044789078505404,
      0.47930250715351413,
      -0.15925810174758148,
      1.2930645258401652,
      0.42339804092548255,
      -1.8184393617449008
    ],
    [
      1.4427077615672232,
      0.36730391272187,
      -0.23616976763740727,
      0.8240733003169918,
      0.39986846556792605,
      -0.20697681312149907,
      1.5642491865810464,
      0.7931001323487,
      -0.6004354033230173
    ],
    [
      2.0551154624692995,
      0.4895197032408948,
      0.6105156750223166,
      1.0254833319489909,
      0.4146192265248136,
      -0.7013876627451607,
      1.2638926492931488,
      0.5673932074103366,
      1.1245450531195176
    ],
    [
      1.4460053550494347,
      0.5264518323141644,
      -0.36680251445606804,
      1.1135646890246222,
      0.4129174554478946,
      0.7062417909952269,
      1.5497480150727228,
      0.5965915758647645,
      0.7064423368085149
    ],
    [
      1.972883061208438,
      0.4583044646952955,
      -0.4467840391067215,
      1.6253419827674518,
      0.5123031650747266,
      0.19318541473461612,
      0.5043887444400603,
      0.2930703571750442,
      0.6723675345224747
    ],
    [
      1.7266841924642364,
      0.5501541297522257,
      -0.6969761735279308,
      1.381285976724078,
      0.4363162781593641,
      0.27757323004065126,
      0.7175123597126143,
      0.2708340984922569,
      1.1822779676578268
    ],
    [
      1.4305865532102695,
      0.7159599395613783,
      0.345417354160113,
      1.0308305913525975,
      0.33394954653340375,
      1.5387810262877446,
      0.8508912355072276,
      0.32853115143828493,
      -0.5052040796498904
    ],
    [
      1.7403314690008354,
      0.5368629775122653,
      -0.3792065484615661,
      1.43275037366794,
      0.5826737891623499,
      -0.2183243502004971,
      0.7423581668532456,
      0.3098811742006301,
      1.3062506887418053
    ],
    [
      1.5491954187166816,
      0.5516360016743436,
      -0.1279004271621631,
      0.9449867056188775,
      0.3650190611361552,
      1.46171317380632,
      0.8652034866364818,
      0.3321181233756787,
      -0.5461980633892219
    ],
    [
      1.9714418068940642,
      0.37650254932041455,
      -1.1356498413971456,
      1.3909754524680216,
      0.43181964142550067,
      0.1955764712593961,
      0.9330632412655517,
      0.24704874695970114,
      0.15441473390560279
    ],
    [
      1.8692293925448116,
      0.7309250690457111,
      -0.719721040572812,
      1.0643623296396456,
      0.32765120881453663,
      -1.2443026907651413,
      0.828192113049458,
      0.4543076459155736,
      2.215203873289468
    ],
    [
      1.399947009792954,
      0.31870554280313534,
      -0.11342246334263306,
      1.236241016889798,
      0.3627795966800431,
      2.5577691377583904,
      1.1141207170934757,
      0.2670179490493941,
      0.7978119063881683
    ],
    [
      2.5740599310970422,
      0.4927727784388924,
      1.3418291484523766,
      1.4467685919819426,
      0.3980131883436341,
      0.14070935168570164,
      0.27032362612168875,
      0.2755181044504444,
      -0.8459592091652812
    ],
    [
      1.9771521680349435,
      0.23602733247172752,
      -1.417032455917305,
      1.6340085502695996,
      0.6054388782228796,
      -0.5175384907668314,
      1.53249126026906,
      0.5503431626785733,
      1.8604357318726477
    ],
    [
      1.6386049904908897,
      0.5262350391077224,
      -1.25172904183412,
      1.595886061412938,
      0.41463924234129307,
      2.7800577245495575,
      1.8599800139827158,
      0.4639401531342574,
      0.22723884036573394
