{
  "gen": 18,
  "min": 0.006072480871515445,
  "avg": 0.4009591905063331,
  "best_params": [
    1.1378092011742786,
    0.6523827383293189,
    0.5202066340582244,
    1.817901753547431,
    0.47452010666052835,
    -0.1312730697335199,
    1.83500038756634,
    0.04674033005715283,
    -1.3754192682910396
  ],
  "pop_params": [
    [
      1.1378092011742786,
      0.6523827383293189,
      0.5202066340582244,
      1.817901753547431,
      0.47452010666052835,
      -0.1312730697335199,
      1.83500038756634,
      0.04674033005715283,
      -1.3754192682910396
    ],
    [
      1.13306809783565,
      0.6477539820780266,
      0.512684802822498,
      1.8126441396304753,
      0.48741125640943944,
      -0.1163438412430714,
      1.7216404416741333,
      0.0447868579557898,
      -1.3466964711611202
    ],
    [
      1.1439958954130458,
      0.616957856015338,
      0.48831635766400805,
      1.9976797409114315,
      0.5327178024087239,
      -0.13141415191015987,
      2.120471940625512,
      0.05192037316022123,
      -1.3790026438615202
    ],
    [
      1.0988284178742098,
      0.7249448599338679,
      0.5609453707624811,
      1.6662912632950915,
      0.5352047811261503,
      -0.004447063463544149,
      1.9699682963246032,
      0.01,
      -1.3395546741008544
    ],
    [
      1.2538660468308536,
      0.7124873309999668,
      0.5584229009775813,
      1.622853349684175,
      0.5115726173499037,
      -0.02504837576728368,
      1.8172838202074664,
      0.050205224359343346,
      -1.3537546763583295
    ],
    [
      1.3258487109758743,
      0.6458711306034526,
      0.46593761130931505,
      2.383956548008717,
      0.513908129923887,
      -0.1519055459510316,
      1.818772711681507,
      0.0552366184115013,
      -1.3211513841071416
    ],
    [
      1.1279701805269886,
      0.6412328882967846,
      -0.9053251836977579,
      1.862361151344491,
      0.46638747900682304,
      -0.12709250215121629,
      2.04559673307931,
      0.056676939709421864,
      -1.7622037143021319
    ],
    [
      1.14488304998472,
      0.6143463249973223,
      0.4881204033190784,
      1.9941571053065343,
      0.5326146365725779,
      -0.13137393494864374,
      2.005762119880376,
      0.01,
      -0.17154005193505162
    ],
    [
      0.9572751684703255,
      0.5991645216112402,
      0.5429039387720479,
      1.6510848575958654,
      0.541310870710823,
      -0.04323099271713131,
      1.9492136950823864,
      0.05799178947657803,
      -1.3618679929843662
    ],
    [
      1.2558497824688635,
      0.6374079570067146,
      0.5149928325791848,
      1.8224058897287372,
      0.6691543652441666,
      -0.45037420972435427,
      1.878032008004127,
      0.0355460183396146,
      -1.3675916103800954
    ],
    [
      1.1402458636440265,
      0.6519798500349903,
      1.0756106256136373,
      1.8373634826522278,
      0.6785172029025879,
      -0.1353566924670313,
      1.941678711616456,
      0.053411468968903385,
      -1.7396992194499732
    ],
    [
      1.1372928313946773,
      0.589255907495937,
      0.4685016583900975,
      1.7316232220947274,
      0.5496446395919726,
      -0.32222697082533835,
      1.8662220604160904,
      0.06104152678446444,
      -1.3451499623578025
    ],
    [
      1.1192921424357851,
      0.6931925413824394,
      0.47778720245716605,
      1.9542376579082414,
      0.43048239846764713,
      -0.13401976953173075,
      1.830566381269116,
      0.04649681430083224,
      -1.351821142906826
    ],
    [
      1.1371888658730802,
      0.6467285257503169,
      0.49669189571587363,
      1.774440451858856,
      0.5200642218397797,
      -0.10774534211373674,
      1.8329496730851098,
      0.015326260888757944,
      -1.35014382632681
    ],
    [
      1.1334328214061826,
      0.6480010265927771,
      0.5190558423135831,
      1.8111907519984407,
      0.4871317627052007,
      -0.11688474765251382,
      1.8060960962479573,
      0.01,
      -1.3429234767839822
    ],
    [
      1.1503976024387517,
      0.6196878916987523,
      0.4865374018794111,
      1.8708509151798467,
      0.5149560500484385,
      -0.3699599135108502,
      1.8686244739816358,
      0.03324596081399263,
      -1.2927406745323742
    ],
    [
      1.2726738895842398,
      0.6363306184750941,
      -0.22414978280504783,
      1.7062366778523121,
      0.5538352917861383,
      0.19047224630405057,
      1.9296888346039993,
      0.059284172319527075,
      -2.0676783745793808
    ],
    [
      0.9505697199501559,
      0.5858129060654476,
      0.5140316713030224,
      2.007212907635985,
      0.5520891736623416,
      -0.10776300495545672,
      2.1281834073673593,
      0.05241038463984317,
      -1.452699797198425
    ],
    [
      1.2620410555784163,
      0.6448408169814279,
      0.5480499757668686,
      1.9494591476945207,
      0.5218832345743227,
      -0.11667392054304895,
      1.982289611105282,
      0.05125083158506834,
      -1.3531193969902007
    ],
    [
      1.099848121473377,
      0.6182368723799545,
      0.513198039481599,
      2.1345902360754434,
      0.5869121235845045,
      -0.12868865063111742,
      2.136656916620166,
      0.05211845018173288,
      -1.3907510504457647
    ],
    [
      1.1429616131231688,
      0.6611820766766406,
      0.5139674776009309,
      1.7294675562557908,
      0.46337579090460984,
      -0.03666048586444712,
      1.9809862806977132,
      0.05854460889929999,
      -1.3961969513163004
    ],
    [
      1.2396320230365243,
      0.6640841030881821,
      0.49978709085883116,
      1.9680062525310247,
      0.4511029653975123,
      -0.14782042025361056,
      1.7295300035928307,
      0.045447550948046055,
      -1.3424668820828436
    ],
    [
      1.4465441894395747,
      0.655559916591363,
      0.4241692775089533,
      1.9798207640485699,
      0.5359164807661143,
      -0.12631704848616682,
      1.8804682880081545,
      0.04946764642612848,
      -1.4070181361662526
    ],
    [
      1.134981674241995,
      0.6340433697877278,
      0.6934728725327843,
      2.1700540244439925,
      0.44882410969057196,
      -0.1418530368591103,
      1.915592729594726,
      0.05216555080601348,
      -3.0
    ],
    [
      1.0847877175926497,
      0.6115196533778079,
      0.5611777300172187,
      2.021327341177287,
      0.6327460678699829,
      -0.12209472818729439,
      1.9146711210433909,
      0.052336843221660344,
      -1.366294625079484
    ],
    [
      1.184349873306443,
      0.6652452208356007,
      0.5029649110540736,
      1.8763691739755932,
      0.5932678037463441,
      -0.08466866563240158,
      1.8931768744232942,
      0.04434764083078501,
      -1.3502705224481404
    ],
    [
      1.104268340933724,
      0.6716577087617772,
      0.5610284149977501,
      1.7613505533824962,
      0.5353824266275937,
      -0.008053416376211826,
      1.9350075495064578,
      0.05126485365664896,
      -1.3350822686959332
    ],
    [
      1.134427565340898,
      0.6460327371173757,
      0.46744784368559716,
      1.8319701514778104,
      0.4866751490539625,
      -0.12929095727526643,
      1.89370838621119,
      0.04677573705923869,
      -1.3387125248660654
    ],
    [
      1.0135554401578815,
      0.5737564339945216,
      0.4784173605649858,
      1.7071587221870677,
      0.5392735854230181,
      -0.7849741244449224,
      1.9137481265320089,
      0.050846415572748146,
      -1.6003035501689746
    ],
    [
      1.1510293464198271,
      0.6451870080278612,
      0.46807507884048283,
      1.975953327354967,
      0.4587503786483795,
      -0.10629998118223671,
      1.9108388045301068,
      0.05343165243053954,
      -0.6944647662712493
    ],
    [
      1.2024367511863854,
      0.6433693246321974,
      0.5180874754140582,
      2.0075692295062493,
      0.5749546149388678,
      -0.12955452663817332,
      2.0074801395695276,
      0.052559099257207816,
      -1.3788560887860621
    ],
