{
  "gen": 15,
  "min": Infinity,
  "avg": Infinity,
  "best_params": [
    1.1861663446573514,
    0.951207163345817,
    1.3919636508684308,
    1.8361096041714062,
    0.16445845403801215,
    -2.0640328779827843,
    0.2684424752877784,
    0.8675143843171859,
    0.606690070459253
  ],
  "pop_params": [
    [
      1.1861663446573514,
      0.951207163345817,
      1.3919636508684308,
      1.8361096041714062,
      0.16445845403801215,
      -2.0640328779827843,
      0.2684424752877784,
      0.8675143843171859,
      0.606690070459253
    ],
    [
      2.153410475608532,
      0.03037864935284442,
      2.819459112971966,
      2.514083658321223,
      0.2202157195714934,
      -1.9090501967573963,
      0.631873078574958,
      0.31119982052994233,
      0.14853858979342682
    ],
    [
      1.3526405540621358,
      0.2983168487960615,
      0.6711173683342766,
      0.5045321958909214,
      0.29922320204986597,
      -0.8018289402378498,
      1.4226029542294043,
      0.7873242017790835,
      -1.8019573070498416
    ],
    [
      2.206226967806406,
      0.4492227997092395,
      0.36316444712585416,
      1.493404151814898,
      0.440511084357596,
      -0.9438926779672545,
      0.40583415055505134,
      0.46962438286158514,
      -0.837144603736149
    ],
    [
      1.888357147227599,
      0.2460950878763735,
      1.309442845454972,
      0.7208961347268239,
      0.25303044409153774,
      -1.910704953890454,
      0.6580473313463595,
      0.7415709141119956,
      -1.4201039263620396
    ],
    [
      1.6132376429390427,
      0.5151167989369586,
      -1.322804208572728,
      1.5238737097926882,
      0.1776604772780222,
      -1.5948566675711444,
      0.738750969676114,
      0.9070186777059698,
      0.6205294906617779
    ],
    [
      1.6460651382394007,
      0.373106175534798,
      -2.1382492848635595,
      1.3764643779770338,
      0.33599074248322347,
      2.751000084139366,
      1.1911987481196478,
      0.38193562709785756,
      0.17755739136090531
    ],
    [
      1.6937041898079799,
      0.41473874295232616,
      -2.1292605046624233,
      1.6319487387204183,
      0.4102822719772752,
      -1.9377335909096995,
      1.0082676407218434,
      0.3989876139579848,
      -1.231513000302441
    ],
    [
      1.836682123982779,
      0.46545752982822425,
      -0.46505204411779744,
      0.8055067775621985,
      0.32676200516901266,
      1.076925604911608,
      1.0426579975876817,
      0.4269062702949823,
      -0.10453474398756263
    ],
    [
      2.2333625013816905,
      0.4626442689555824,
      0.10528323978083498,
      1.0357315644953735,
      0.42749683631253954,
      -0.8798487673031705,
      0.9651718701552522,
      0.4033340278568348,
      -0.11268452440222884
    ],
    [
      2.2611084732178917,
      0.3385670956408516,
      -0.6853665614228963,
      1.4858358332089976,
      0.4304962881722082,
      -0.3087588960799845,
      0.8859267421198063,
      0.36795775816187065,
      0.17175649705804324
    ],
    [
      1.98159758427667,
      0.5649686336389863,
      1.410759275467809,
      1.0911565099440923,
      0.5018149817818394,
      -0.7906156534020233,
      1.1620811954420571,
      0.4465652553781097,
      -1.490900454447135
    ],
    [
      2.050825800145512,
      0.5225085480296447,
      1.1925594522303211,
      0.9809576409035917,
      0.29517655769350465,
      -1.3748560355957882,
      1.009332439411276,
      0.5971918179860032,
      1.3453303609927303
    ],
    [
      2.244330504482959,
      0.4076708316790605,
      -2.950751158755004,
      1.2521139919867277,
      0.45202598485901524,
      0.11352657342054961,
      1.1624405072229824,
      0.4172893300877038,
      -0.804776476779624
    ],
    [
      1.9419388815483962,
      0.3100704950000278,
      0.4107727709976472,
      2.2401843116820364,
      0.39940956890453516,
      -1.7738375829769186,
      1.3022774191081254,
      0.38755447930811454,
      -2.2817357139214813
    ],
    [
      1.7431578077267749,
      0.36574062678818775,
      -1.9636331894095267,
      1.7456394541880995,
      0.4391144411563163,
      -1.7390027096757028,
      1.0174286743163214,
      0.4306063855660871,
      -0.8166387442316557
    ],
    [
      1.9054998919972657,
      0.4483756542749502,
      0.5573251920723318,
      1.3383081157720824,
      0.3763164430140382,
      -0.9131377359299689,
      0.94258071929011,
      0.35552334010384057,
      -0.08749630081633641
    ],
    [
      1.6930561733727092,
      0.443961945336725,
      -0.16159519891424348,
      0.7511835566255892,
      0.40533967557085626,
      2.9538829965564077,
      0.9177284710356943,
      0.40778856810784786,
      2.352865981408497
    ],
    [
      1.5047489452088674,
      0.5302609173157283,
      -0.2948319707517542,
      1.0948100862817298,
      0.38549046535450765,
      -0.07508096912202533,
      1.194331961296756,
      0.24224691241965918,
      0.6999058113793084
    ],
    [
      1.8953961966443107,
      0.39119607932054534,
      -0.19230550205554806,
      1.9332025289882275,
      0.32154244751438765,
      -1.4093750514060142,
      0.9943511453078027,
      0.3299712973861653,
      0.16707882546398922
    ],
    [
      1.6763161985089963,
      0.30961385886869053,
      0.5263821725779372,
      1.1412644025416405,
      0.4183954713626534,
      1.2416608502655175,
      1.0549917787232002,
      0.42136846555003077,
      -0.5232013714836315
    ],
    [
      1.5731048893329478,
      0.44337789295644775,
      0.3116606920782744,
      0.9109450622003947,
      0.2937724788138686,
      -0.6729709285939842,
      1.0596066137118656,
      0.6712024492301807,
      -0.2509322581026211
    ],
    [
      1.9878352246574251,
      0.03228570344590079,
      0.8608199264156573,
      2.3776277274908963,
      0.35480918823942,
      -0.5663719741384482,
      1.4526171680392554,
      0.4519193560083312,
      0.20961708098429854
    ],
    [
      2.1632236234883897,
      0.15732653196760976,
      -2.259111149133746,
      2.299337981355405,
      0.3257707902030326,
      -1.0503427009574682,
      0.6842553904356591,
      0.4975780614910104,
      0.6812400875732609
    ],
    [
      1.531097980288102,
      0.01,
      2.644130857214142,
      2.1623806861032,
      0.3056889521242994,
      -1.8207852565050358,
      0.6200885455622861,
      0.31651065775561726,
      -0.502329422328335
    ],
    [
      1.7535937685393688,
      0.3546950492602423,
      -2.4825241478966467,
      1.2071278829656433,
      0.31257451796814195,
      -1.208044169668583,
      0.9292882753690932,
      0.3873156079127882,
      -0.21435623699122774
    ],
    [
      2.2570372486185817,
      0.3307428134789029,
      -0.6772222584758265,
      1.123196860212116,
      0.37917977897323485,
      -0.5320612005761964,
      1.2305818297658286,
      0.48518890940406967,
      -1.8051353134896917
    ],
    [
      1.860826192787642,
      0.4796558432439868,
      -0.001960667553658773,
      0.8905787879950844,
      0.3732134968067097,
      0.022198169725068606,
      0.6375698380562076,
      0.3876028189434841,
      0.17462465477127276
    ],
    [
      1.7424875608358674,
      0.5444507120110503,
      0.47032834160511794,
      0.789646513115248,
      0.3745272835262995,
      0.0158345921732808,
      1.0346991279813194,
      0.5027281351772037,
      0.0056825019158431855
    ],
    [
      2.1624162407338154,
      0.5067451781518554,
      -1.3009016655854242,
      1.0437651686175609,
      0.4119195933973023,
      0.11744165418176555,
      1.1756663842015214,
      0.40943694495341293,
      -0.33137794365583206
    ],
    [
      1.7136325809454658,
      0.36208867057881344,
      -0.49194599282435475,
      1.3967129248149717,
      0.3791315822345604,
      -0.07272765293670558,
      1.076149695142416,
      0.4719040358761781,
      -0.4092186043500885
    ],
