{
  "gen": 1,
  "min": 0.2651193755577942,
  "avg": 1.6254084668092403,
  "best_params": [
    1.1861663446573514,
    0.951207163345817,
    1.3919636508684308,
    1.8361096041714062,
    0.16445845403801215,
    -2.0640328779827843,
    0.2684424752877784,
    0.8675143843171859,
    0.606690070459253
  ],
  "pop_params": [
    [
      1.1861663446573514,
      0.951207163345817,
      1.3919636508684308,
      1.8361096041714062,
      0.16445845403801215,
      -2.0640328779827843,
      0.2684424752877784,
      0.8675143843171859,
      0.606690070459253
    ],
    [
      0.44682331322107494,
      0.716112339350765,
      1.5647102917013846,
      1.727703872951539,
      0.7732575081550154,
      -0.03722642181365554,
      1.6159252052077828,
      0.4332656081749641,
      -2.8474852395354286
    ],
    [
      1.2256927859989135,
      0.6468553362579297,
      -0.2504826570509002,
      1.6822886890162114,
      0.9420501606887599,
      -0.6833841731953543,
      2.887452635089351,
      0.9062971355365032,
      -1.8252531912642214
    ],
    [
      2.2557056878839816,
      0.39038780510874677,
      -2.149691251135543,
      1.6880996763309115,
      0.6943925704038589,
      0.5944997516633854,
      1.511802983966082,
      0.4837163065146962,
      -2.933167046506011
    ],
    [
      2.187570672032634,
      0.4238199535669997,
      0.561284449231072,
      2.433169233161761,
      0.26319530489795123,
      -2.651292902615747,
      2.238242092611617,
      0.7453079920897485,
      -1.242072380434725
    ],
    [
      0.4365597762387807,
      0.32980774702848265,
      -0.8553664148351396,
      2.6575840343414896,
      0.7724984430605708,
      -0.13230497849951997,
      1.0007610112764305,
      0.40361788879791904,
      -1.7514247065745672
    ],
    [
      0.4366106574700571,
      0.05554261560153522,
      -2.755627186086179,
      2.580835693631921,
      0.7066212807862234,
      -0.15495702547604884,
      0.3837190658879043,
      0.496699716365664,
      -0.1591693753166057
    ],
    [
      0.7362335300246922,
      0.3725876770713292,
      2.0020595702707786,
      2.4641102369332657,
      0.8215819613235573,
      2.2592961238189275,
      0.9825871414607166,
      0.4684813410592003,
      -0.22381575169501322
    ],
    [
      1.2009239115360693,
      0.9484774860393999,
      -0.4342746898088672,
      0.6148826529351518,
      0.11516451391629412,
      1.2563756359391396,
      0.18280525338001652,
      0.5138605770426516,
      1.094871595588248
    ],
    [
      2.8413651339475554,
      0.6872125266044675,
      -2.8798324917236178,
      2.518420171899308,
      0.2839329128044049,
      -1.430045494206886,
      2.858492239950042,
      0.83661615714197,
      -2.4932231432792684
    ],
    [
      0.5689699487739382,
      0.09356664017630645,
      -2.207733748975976,
      2.6806845159449817,
      0.6859075575715035,
      -1.6486331288741887,
      0.8033874193438286,
      0.49767062297595016,
      -0.1338762693151053
    ],
    [
      2.266158969451202,
      0.5883991651871553,
      -3.0,
      1.5268508972550907,
      0.3917090691832233,
      -1.849365860490692,
      0.4538128844603275,
      0.5868413259166485,
      0.9732283715967635
    ],
    [
      1.7342376751240236,
      0.47874949452851145,
      -1.2189444594562764,
      1.7239193702463584,
      0.8335121430362896,
      0.33735478957902276,
      2.8235116751239397,
      0.8948105271501385,
      -2.3915605001637514
    ],
    [
      0.9104482643189175,
      0.29203178782020806,
      -2.739933996501338,
      2.435461863189571,
      0.5616729726204683,
      0.1627217467693507,
      0.32928188308345857,
      0.670068053456979,
      0.4257983489082443
    ],
    [
      1.0372885028601901,
      0.5236027155259324,
      1.2181137533710675,
      1.1545258468999526,
      0.9720642618937511,
      2.7746837696526674,
      0.830168657893556,
      0.5568894639932794,
      -1.194730141099382
    ],
    [
      0.5012607454662602,
      0.2892017453704443,
      -2.792545337588482,
      0.7115431132387319,
      0.727198474968609,
      -0.12059432303926554,
      0.41983123143531453,
      0.5261037301613811,
      1.027153985869846
    ],
    [
      2.8947625807816544,
      0.7187131632576342,
      0.683850943255524,
      2.7718310446790353,
      0.4102265969699492,
      -1.4851795265845773,
      1.961590426334729,
      0.7846698036993487,
      -1.6680242575016984
    ],
    [
      1.1221285566121084,
      0.4326872021470428,
      -2.926345064408461,
      2.3654944205309705,
      0.3590121605488422,
      -2.045837270587362,
      3.0,
      0.9661793870093613,
      -0.9705522328985343
    ],
    [
      0.755209572036791,
      0.7766103505009966,
      0.33597105772985025,
      2.216207448362451,
      0.6871431878305063,
      -1.166874906663077,
      0.4098054484528964,
      0.5553704614984253,
      -1.666320296659441
    ],
    [
      2.024155130413362,
      0.01,
      -2.035151691495008,
      1.6913279891631,
      0.6949762457157663,
      0.9117675570156032,
      0.7503809974356234,
      0.6483222507398276,
      -1.5765054750191996
    ],
    [
      2.871878294791881,
      0.38615628492280923,
      -2.924170777318345,
      1.7779599259629764,
      0.6272844076891189,
      -1.0459149198821491,
      0.5902172009684773,
      0.9542280347257286,
      0.6412083972733714
    ],
    [
      1.8105419389552728,
      0.5064984584055878,
      -0.7143433822254153,
      1.151405030780138,
      0.9775039564518349,
      -0.5481823292207444,
      2.730875663486301,
      0.7024984855795933,
      -1.6412220651073204
    ],
    [
      0.43312312502117384,
      0.31438230749486273,
      -0.3035443100911084,
      0.2587266565189835,
      0.7802137769691182,
      -0.8728212482248647,
      1.1128365367944413,
      0.2022093558269466,
      -2.5524016959516915
    ],
    [
      0.6892898371674647,
      0.722226270559066,
      -1.326312110853073,
      0.2377061768064068,
      0.6510639591645111,
      -1.9793646577712853,
      2.4030717702869677,
      0.916082072444324,
      3.0
    ],
    [
      0.5278540430712985,
      0.42622662458936755,
      -1.0497463805252927,
      1.3770112641664132,
      0.815856020820819,
      -2.723862920018844,
      1.1864782735159816,
      0.6280284557056367,
      -0.7680656821862257
    ],
    [
      2.0650197132240287,
      0.7397185581834909,
      -2.5420797800345682,
      1.2307325537926794,
      0.3231800518203895,
      -1.247494786003141,
      1.4488667785880103,
      0.765141065609568,
      -1.9357932501582193
    ],
    [
      0.7775650172393488,
      0.01,
      1.0335686191239182,
      1.7159998374194414,
      0.7195864417169695,
      0.7348752509895826,
      1.2413042972312291,
      0.5476711134410361,
      -3.0
    ],
    [
      1.9356616087940672,
      0.49832181036257983,
      -0.940164830070126,
      2.3914336222856,
      0.6169952094496391,
      -2.5241296050624085,
      0.26126724266389323,
      0.6602092162712729,
      -0.9240564720123614
    ],
    [
      0.44650583603358807,
      0.7284002755073219,
      -2.2237958034232634,
      2.0257079562200007,
      0.7055305595704221,
      -0.05321999311833649,
      1.615155214237708,
      0.4572621354530833,
      -1.0816381799056267
    ],
    [
      0.44742428022089664,
      0.6989292067143925,
      2.646240534289485,
      2.4989377995150717,
      0.7729803724875325,
      -0.16882306867187905,
      1.3787671883218926,
      0.4511439475333788,
      0.0022926279015456075
    ],
    [
      1.0372885028601901,
      0.5236027155259324,
      1.5253494345477183,
      1.1545258468999526,
      0.9720642618937511,
      2.7746837696526674,
      0.830168657893556,
      0.5022760208334616,
      -1.194730141099382
    ],
    [
      0.9309696311720247,
      0.5949249279633206,
      -2.8169985003657034,
