{
  "gen": 2,
  "min": 0.41817694094732577,
  "avg": 1.3646556495010396,
  "best_params": [
    0.4175630897645738,
    0.636078950189662,
    2.807812021220017,
    2.4434417970286137,
    0.47127749521975915,
    -1.050615385615024,
    0.6814169740495379,
    0.21896724802972883,
    -0.37972582593861637
  ],
  "pop_params": [
    [
      0.4175630897645738,
      0.636078950189662,
      2.807812021220017,
      2.4434417970286137,
      0.47127749521975915,
      -1.050615385615024,
      0.6814169740495379,
      0.21896724802972883,
      -0.37972582593861637
    ],
    [
      0.7071130376764598,
      0.3767673817634682,
      -0.09286208885387204,
      1.8929388374378584,
      0.3752245031740747,
      -0.22479170320111264,
      2.267665720587894,
      0.04631637086169192,
      -1.4853783339358755
    ],
    [
      0.7325645846435199,
      0.6505338854813849,
      1.0782226912257693,
      1.7638774957945311,
      0.6590260109593189,
      -0.10192912003620874,
      1.597287616380065,
      0.46716219156572236,
      -2.635910293425171
    ],
    [
      0.44322677791419,
      0.7699785503108241,
      1.191988621764417,
      1.7654842073182335,
      0.8361988284158015,
      0.46470881500372774,
      1.639564275981788,
      0.13448546711437978,
      -1.714768720078268
    ],
    [
      1.959755564704786,
      0.35183822146970034,
      -2.379356775523017,
      1.6686993624394653,
      0.2688107908857997,
      0.4151127032820905,
      1.790213142853388,
      0.6753953891203235,
      -0.9810955867531773
    ],
    [
      2.2637035974038233,
      0.4298598704112557,
      -2.56467285923237,
      2.1177875181557946,
      0.405895811090632,
      -2.1354765122618224,
      1.0406490538362867,
      0.6196926801725633,
      0.15341508920769467
    ],
    [
      2.5607269426815877,
      0.36008505171014826,
      -2.4944865695589202,
      2.273017523634005,
      0.49299813790178454,
      -0.5759415554563917,
      0.48139491186384886,
      0.5558716252507377,
      -1.2282257616305856
    ],
    [
      0.233429881923306,
      0.15802653888507823,
      -1.1015877448863804,
      2.8269592368815966,
      0.8510228941269187,
      -1.5694243379498278,
      0.48618911984400526,
      0.4908196079851207,
      0.7706240213557254
    ],
    [
      0.6239416316155519,
      0.5454878041959912,
      -2.8975376390677132,
      2.189516666982594,
      0.884565071413771,
      -0.7607968227962548,
      0.4328031421653367,
      0.37851256075675405,
      0.3273557223523922
    ],
    [
      2.04563603074177,
      0.37207931831846347,
      -2.4939854944579967,
      2.1150970781293115,
      0.5928805501851737,
      -2.3808770354812965,
      0.5634847433223895,
      0.7780525891945136,
      -0.9023877670395863
    ],
    [
      1.8090746639086415,
      0.4084003737104659,
      -0.20427554026122796,
      1.2431200720730535,
      0.6610692469368613,
      -0.5770269454457975,
      0.9991058571083196,
      0.2934062237597032,
      0.8442995381584895
    ],
    [
      0.8652064580903233,
      0.6089363571439156,
      -1.6897447943805326,
      1.474071943376001,
      0.7801541497456499,
      -0.850797539541632,
      0.43761926751430336,
      0.673152876473069,
      1.0862486523289905
    ],
    [
      0.8824123108143699,
      0.28700126410746124,
      -0.5415867095635623,
      1.7144097798057665,
      0.653996712775714,
      -2.3173778729959955,
      1.407638859884179,
      0.640714317545904,
      -1.1134824558206975
    ],
    [
      1.1861663446573514,
      0.951207163345817,
      1.3919636508684308,
      1.8361096041714062,
      0.16445845403801215,
      -2.0640328779827843,
      0.2684424752877784,
      0.8675143843171859,
      0.606690070459253
    ],
    [
      2.299600531754442,
      0.8314001055794563,
      -2.595856182621379,
      1.9808443747059024,
      0.4076969112084766,
      -1.3303558541615639,
      0.2801156623658718,
      0.8023622339987138,
      1.1424598546069094
    ],
    [
      2.2052715259438957,
      0.3926457178383654,
      0.18223241283619784,
      0.4970902683476143,
      0.8715506325397981,
      0.21577155757513022,
      2.05247454614796,
      0.2243690797596102,
      -1.4580430443964967
    ],
    [
      0.26936858331291585,
      0.6384757140084538,
      0.3196976582523612,
      2.556821753878811,
      0.4919868320088869,
      -3.0,
      0.6692796849146319,
      0.4302799556393321,
      -0.6379205653881213
    ],
    [
      0.7980461505877139,
      0.5173148919400602,
      -0.9412156000203091,
      1.9599706466363602,
      0.3416681892885449,
      -0.13747923796941675,
      1.0030021954402073,
      0.8243758718175137,
      -1.4914010690073396
    ],
    [
      0.42724828562329104,
      0.5163216244662487,
      -0.3292871440080658,
      1.947942198628603,
      0.49654948591436726,
      -0.43797054216642606,
      0.4706562778988116,
      0.16216441976907142,
      -0.28393618240350715
    ],
    [
      2.164414307748467,
      0.6072857311584479,
      -0.5579756130879396,
      0.5004180553673366,
      0.4163788360949388,
      0.4243608333483331,
      0.30102140734998284,
      0.3363730690978014,
      2.9030795275915438
    ],
    [
      1.551474712331916,
      0.65740624755633,
      0.8497668047019626,
      1.7714650688741393,
      0.6799135672578649,
      -0.03713324196118287,
      1.458042573964069,
      0.7292272828690771,
      -1.6979544246564107
    ],
    [
      0.43005395280629816,
      0.636078950189662,
      2.807812021220017,
      2.4434417970286137,
      0.47127749521975915,
      -1.050615385615024,
      0.6814169740495379,
      0.21896724802972883,
      -0.37972582593861637
    ],
    [
      0.36712024744836147,
      0.6484014628585154,
      -0.2092396172520059,
      1.6244240009227422,
      0.7139963295661436,
      -0.9216160698381423,
      0.6853434444596438,
      0.5846891989858484,
      0.914625497612505
    ],
    [
      1.1760509773749666,
      0.4510204046155425,
      -0.7694125672893527,
      1.7686964318682556,
      0.6313137108555689,
      -3.0,
      1.2980961781645963,
      0.4517112168575461,
      -2.8600322688644146
    ],
    [
      1.1802408299809675,
      0.45700708834962217,
      -0.2911289781063977,
      1.5914972537537726,
      0.8211225460644229,
      1.6635652809537378,
      2.1306623590217213,
      0.5175639582829722,
      -2.9937149349743777
    ],
    [
      1.2718927864216132,
      0.5079677505772473,
      -0.8108885482664503,
      2.1524045614583263,
      0.6322112240438396,
      -1.083918982986222,
      1.7415682686647935,
      0.44674656473802254,
      -0.7758933640030845
    ],
    [
      1.926284924846442,
      0.4751521182384296,
      -2.429393961690014,
      2.5327601220625944,
      0.3406731653212985,
      -0.045905245503106595,
      0.5148396229352341,
      0.6776574898704676,
      1.980158015252413
    ],
    [
      0.5778938651785732,
      0.716112339350765,
      1.5647102917013846,
      1.727703872951539,
      0.7732575081550154,
      -0.03722642181365554,
      1.2733000020542162,
      0.4332656081749641,
      -2.8474852395354286
    ],
    [
      1.4734315420107875,
      0.3230938023080564,
      -1.3920664909033595,
      1.2356281158913318,
      0.4151512426781607,
      -2.2119032136757872,
      1.1406816509629898,
      0.6349305116646562,
      -1.2030261776817397
    ],
    [
      2.126115991528809,
      0.42047886249628846,
      -1.0982801218315377,
      1.1200960289528008,
      0.3920848487822466,
      2.102763777145928,
      2.431637099731094,
      0.6165486553735371,
      -2.7551034253552737
    ],
    [
      1.2847063473528353,
      0.6133899458686106,
      2.1165536578306297,
      1.623940771169812,
      0.44289123887521237,
      0.38881972350938115,
      0.5785501379513651,
      0.24656305993437505,
      1.5091699769747708
    ],
    [
