{
  "gen": 11,
  "min": 0.04907216641172112,
  "avg": 1.4378154977624942,
  "best_params": [
    1.0759529550392894,
    0.6439881820698768,
    0.5701538230985718,
    1.8830451303471791,
    0.5346799423972256,
    -0.1304646965626717,
    1.9313739034613655,
    0.0531509165785598,
    -1.39504977030029
  ],
  "pop_params": [
    [
      1.0759529550392894,
      0.6439881820698768,
      0.5701538230985718,
      1.8830451303471791,
      0.5346799423972256,
      -0.1304646965626717,
      1.9313739034613655,
      0.0531509165785598,
      -1.39504977030029
    ],
    [
      1.0759529550392894,
      0.6439881820698768,
      0.5701538230985718,
      1.8830451303471791,
      0.5346799423972256,
      -0.1304646965626717,
      1.9313739034613655,
      0.0531509165785598,
      -1.39504977030029
    ],
    [
      1.0759529550392894,
      0.6439881820698768,
      0.5701538230985718,
      1.8830451303471791,
      0.5346799423972256,
      -0.1304646965626717,
      1.930258999081767,
      0.0531509165785598,
      -1.39504977030029
    ],
    [
      1.2847803233914314,
      0.6548844940378672,
      0.5906701141917265,
      1.5676833033128772,
      0.5430214876976104,
      0.13450263899391943,
      1.9896948296840407,
      0.07127659479855933,
      -1.3392288996021926
    ],
    [
      1.2816850855480053,
      0.4968408321518361,
      0.20646349526744082,
      1.8726243968752811,
      0.5563753932621339,
      -0.02082135324632503,
      2.0375457333539115,
      0.23145100426181728,
      -1.2823223886660848
    ],
    [
      0.9781779291380543,
      0.6293153412319489,
      0.35748560648988076,
      1.9399784003257383,
      0.4476674835955698,
      -0.16068643652920225,
      2.0281896073639065,
      0.04443723020267399,
      -1.42719088693091
    ],
    [
      0.7855692244236551,
      0.5778190371881455,
      3.0,
      1.6124002432682167,
      0.5184957574623335,
      -0.2491897212035927,
      1.9699434129195526,
      0.0829970087969636,
      -1.7094767805314612
    ],
    [
      1.2953848488678972,
      0.5942414116045402,
      0.2710189635536099,
      1.484476124737002,
      0.6563204080209829,
      -0.1523289041517486,
      1.9536210837689267,
      0.01,
      -1.4605235246508337
    ],
    [
      0.8374369868615613,
      0.5985379813819964,
      0.18204552457131867,
      1.6526654436331192,
      0.6179415379693476,
      -0.06003508199977908,
      1.8703936687837184,
      0.09711228374575567,
      -1.1581424876982476
    ],
    [
      0.9036575084055974,
      0.6191765116070731,
      0.6543464642133896,
      1.9733440030890008,
      0.6379671298356954,
      -2.214945609708156,
      1.6731212209318045,
      0.3700213154454241,
      -1.118216189729176
    ],
    [
      1.5186727275086833,
      0.6270071866869124,
      0.3013799794688219,
      1.8582891177140355,
      0.6426030255215366,
      -0.08884059304644328,
      1.8374498639871837,
      0.03675462657326263,
      -1.9484560175691676
    ],
    [
      1.5337788471904985,
      0.6303020035682502,
      -0.1440107570764656,
      1.8387957242750386,
      0.4752677254592369,
      -1.7924971236226692,
      1.7027537838940838,
      0.1524784733022928,
      -1.3341706353690794
    ],
    [
      0.6568284708700882,
      0.5858447789328547,
      0.5501473976789103,
      1.9392041380272442,
      0.6090725403208742,
      -0.47884291560294345,
      1.8553957223913637,
      0.28936479769263407,
      -3.0
    ],
    [
      0.5621860144390002,
      0.6175571575730195,
      1.4553796551413847,
      1.9740700466561036,
      0.5764946227548622,
      -0.11773539473516423,
      1.796320414316096,
      0.3124503794230354,
      -0.9088231395887154
    ],
    [
      0.5551508460916765,
      0.6216328318679722,
      2.8598168614243877,
      1.6384054081329507,
      0.6574540413872569,
      -0.21565631239789906,
      1.8907905063653558,
      0.0396112784513372,
      -2.038599160326528
    ],
    [
      0.6816368977558465,
      0.6015651414882242,
      2.011422949176135,
      1.8522236461257482,
      0.6417622252315722,
      -1.9534265976495542,
      1.7335529646538517,
      0.26196145304455676,
      -1.2389997301337825
    ],
    [
      1.1782773350221174,
      0.5812366837379448,
      1.9974087080673295,
      1.9255865294017167,
      0.6010722037277562,
      -0.19899027571532152,
      2.2718883301150714,
      0.04416354872726624,
      -1.5588274332756047
    ],
    [
      1.1644122945709579,
      0.6382010753769309,
      0.10962804532147025,
      1.868695290103466,
      0.47110034386303623,
      0.9157298943067453,
      1.59895820499942,
      0.12531551007056632,
      -1.280604661942888
    ],
    [
      1.4835914587838759,
      0.5848840988692662,
      0.41798884649538504,
      1.653598043301671,
      0.5213230059393147,
      -0.24976732156661063,
      1.8565920331639498,
      0.08579818934327105,
      -1.2090915953273353
    ],
    [
      1.2749408545067473,
      0.635615221195327,
      0.22108757992062766,
      1.8807903158529544,
      0.5693386034564074,
      3.0,
      1.9412764833840224,
      0.05389948460587048,
      -1.5689982861875602
    ],
    [
      1.3184174025827016,
      0.6178878516444362,
      0.32190279586369724,
      1.7370838031062112,
      0.6355534148493964,
      -0.14765116870430145,
      1.6538087190932909,
      0.16671393680727192,
      -1.5083430347538318
    ],
    [
      1.243630213803639,
      0.5977741500576558,
      0.34940574291305737,
      1.931515822769712,
      0.46794850354550344,
      -0.13816087726520024,
      1.7804388128958912,
      0.04931407609619072,
      -1.3576357214569201
    ],
    [
      1.3294298454134683,
      0.5955197858503788,
      -0.24005106431069284,
      1.8524885759684415,
      0.4447712087463053,
      -0.15552019685169988,
      2.0177367612751134,
      0.01,
      -1.624029643241087
    ],
    [
      1.5217750019312826,
      0.6157085663998066,
      0.24868103022573215,
      1.852218668528351,
      0.5264132201258488,
      -1.9837506903928,
      2.3533403470985284,
      0.11373859788957291,
      -1.658063904495238
    ],
    [
      1.3162819116329887,
      0.5786700891181433,
      0.3454011080527741,
      1.5181007818908332,
      0.4398667274995326,
      0.09076505388936879,
      2.0425868866825456,
      0.01,
      -1.4409717088087912
    ],
    [
      1.060008765447106,
      0.592436594253305,
      0.42768081959222803,
      1.9257900174733438,
      0.5314157813249722,
      0.4444345000980797,
      1.644911186373729,
      0.1024531028508271,
      -1.4685184974062748
    ],
    [
      1.0759529550392894,
      0.6582225953756596,
      0.5701538230985718,
      1.8830451303471791,
      0.5346799423972256,
      -0.1304646965626717,
      1.7625865617625207,
      0.0531509165785598,
      -1.39504977030029
    ],
    [
      1.0742144761959278,
      0.5231394404433996,
      0.36934044404345245,
      1.7334551092382744,
      0.8110832802047426,
      -0.06359696345302132,
      1.9280070666440277,
      0.10621338014186583,
      -1.1913998489192923
    ],
    [
      1.1649223920969938,
      0.6332105135400884,
      0.5568769195522109,
      1.635466848532438,
      0.5248760068038953,
      -1.146202695835499,
      1.9608092899233216,
      0.04667043144793622,
      -1.3833645696588086
    ],
    [
      1.0265273911208705,
      0.6378494938328769,
      0.4086123723042553,
      1.7343225293310616,
      0.541523025739661,
      -0.07965008302678116,
      1.8887031062858588,
      0.0402028627910965,
      -1.314461563413388
    ],
    [
      1.2290882342562397,
      0.4929472006948524,
      -2.434545397866736,
      2.0735505290232448,
      0.709019520802395,
      -0.12495263396258571,
      1.7735348842533953,
      0.11705151237957473,
      -0.9614445124588507
    ],
    [
      1.0393103329004165,
      0.5981778320650526,
