{
  "gen": 9,
  "min": 1000000.0,
  "avg": 1000000.0,
  "best_params": [
    1.1861663446573514,
    0.951207163345817,
    1.3919636508684308,
    1.8361096041714062,
    0.16445845403801215,
    -2.0640328779827843,
    0.2684424752877784,
    0.8675143843171859,
    0.606690070459253
  ],
  "pop_params": [
    [
      1.1861663446573514,
      0.951207163345817,
      1.3919636508684308,
      1.8361096041714062,
      0.16445845403801215,
      -2.0640328779827843,
      0.2684424752877784,
      0.8675143843171859,
      0.606690070459253
    ],
    [
      2.153410475608532,
      0.03037864935284442,
      2.819459112971966,
      2.514083658321223,
      0.2202157195714934,
      -1.9090501967573963,
      0.631873078574958,
      0.31119982052994233,
      0.14853858979342682
    ],
    [
      1.3526405540621358,
      0.2983168487960615,
      0.6711173683342766,
      0.5045321958909214,
      0.29922320204986597,
      -0.8018289402378498,
      1.4226029542294043,
      0.7873242017790835,
      -1.8019573070498416
    ],
    [
      1.1790969166029301,
      0.9735547001011217,
      -3.0,
      1.6009332601572925,
      0.085334168831826,
      -1.2691519607093058,
      1.91714747357755,
      0.9060095659458364,
      0.6543385758760814
    ],
    [
      1.9070740815739904,
      0.518470553156513,
      -0.1254689179538661,
      1.2951442536551476,
      0.24832718512744134,
      -1.1733837209124538,
      1.5820416811730051,
      0.5701600866899519,
      -3.0
    ],
    [
      1.6739281652253326,
      0.559431337632082,
      3.0,
      2.424269230762802,
      0.4907325076108666,
      -0.7569192723452489,
      1.7923993217430287,
      0.3049078070377477,
      -0.09043058815560023
    ],
    [
      1.7254957396325077,
      0.310233512095197,
      0.7789540375673587,
      1.9382941304863635,
      0.4848835000538387,
      1.4772508050157391,
      1.2734088336302165,
      0.48991731278566025,
      0.18254658587951844
    ],
    [
      1.5355562880652722,
      0.4497438984176289,
      0.8165053774338253,
      1.930215075529572,
      0.5787861233772457,
      -0.8108910553245265,
      1.4949400895959764,
      0.534580162338982,
      0.961134466092696
    ],
    [
      1.8449365996858034,
      0.4016764717952552,
      0.6221155544865149,
      1.1065107447982059,
      0.24302368403938812,
      -2.283624999870063,
      1.7058865031571258,
      0.634089162550405,
      -0.6767846348962548
    ],
    [
      1.2963156425718652,
      0.43386721732730743,
      -1.9717363354285924,
      1.7409675889797285,
      0.5358983048810563,
      0.35550197286287966,
      2.3621523630244092,
      0.5179609822351459,
      0.4973928966072376
    ],
    [
      1.4119467386257871,
      0.6720607925928381,
      0.6080027956269561,
      0.7859238308946112,
      0.17901155276500605,
      -3.0,
      1.402367930418152,
      0.8204531487921448,
      -0.03339292062543153
    ],
    [
      1.49372922188125,
      0.31185962361052,
      -2.0334976197170915,
      1.3577608560568408,
      0.3432886034663164,
      -0.13789671784551039,
      2.186024991574712,
      0.45816345546836135,
      -0.8005678213231233
    ],
    [
      1.3626477079858883,
      0.9470523397662877,
      -0.1332347564959685,
      1.4957412104283034,
      0.30894141642442663,
      -1.1272907787842055,
      1.2718850033446092,
      0.44827841166174964,
      0.23365930896905437
    ],
    [
      1.2560017643578982,
      0.8856044225372219,
      -2.1184169259544614,
      1.2422355595887644,
      0.4343651703256404,
      -1.4335234827727223,
      1.9393421672602253,
      0.8505705260607207,
      -0.892554149812194
    ],
    [
      1.262756587329649,
      0.9679380227900687,
      0.13335258448850748,
      1.8900116975541992,
      0.5927239083758084,
      1.8722441172746462,
      0.5223513548956082,
      0.6732548953061641,
      0.6272308822169248
    ],
    [
      2.556620840301601,
      0.43842590555991556,
      -3.0,
      1.7629672312972733,
      0.46181797254931534,
      -0.557808979303019,
      1.7986723613143731,
      0.5174011284864523,
      0.7451718206038438
    ],
    [
      1.442964251086238,
      0.36088739027399397,
      1.4353014630347594,
      1.922655146407001,
      0.5692406597407509,
      -0.551555547389511,
      1.6211678537929477,
      0.24451148700361272,
      -0.4460958283388149
    ],
    [
      2.554594954588662,
      0.4371005006804868,
      -2.9102531531153453,
      1.7925092559336382,
      0.4529414544638809,
      -0.6198526737155582,
      1.924516195468085,
      0.33704029381107964,
      0.12945286971523817
    ],
    [
      1.8305115387666788,
      0.21272694478886178,
      3.0,
      2.114143271294512,
      0.49201086516857095,
      1.585299576119911,
      1.1420776887622184,
      0.40605672486014516,
      0.15833077305069623
    ],
    [
      1.5702947928784334,
      0.7450600612960275,
      -0.6484965149111777,
      1.4302836489951338,
      0.1316478361236316,
      -0.7455191318442995,
      2.020380792399324,
      0.7240652709148823,
      0.5896932305962708
    ],
    [
      1.4223705490214353,
      0.5036266445700749,
      -2.1868539594429572,
      1.9817888587791161,
      0.39891167990595566,
      0.36890895286382874,
      1.0196863449551188,
      0.3700828831674683,
      -0.6222143180834132
    ],
    [
      1.2423613706912446,
      0.6065829225673387,
      -2.0449208534886907,
      1.4408313395077594,
      0.4420605006413544,
      -0.9824291067663065,
      2.340625009230627,
      0.8745680807330223,
      -0.8745781944455047
    ],
    [
      1.4940563437785948,
      0.3128612556080444,
      -1.4657654362481645,
      0.5794624537689451,
      0.3126390410073599,
      1.6998536406263667,
      1.565621678523645,
      0.17661937618395945,
      -1.7540330534674302
    ],
    [
      1.24509767991396,
      0.9025335307576983,
      1.1536592678354585,
      1.8868778190144186,
      0.24929953569900826,
      -1.3694474677125852,
      1.6378261546263184,
      0.8260805653454648,
      0.36349116451173735
    ],
    [
      1.2696218391431995,
      0.3834867053961593,
      1.6427596234426989,
      1.54953985521612,
      0.23912269086973065,
      -0.8931133502207396,
      0.7286697755092564,
      0.8245209018744373,
      -0.09628020982216556
    ],
    [
      1.850218036303509,
      0.061798541039053245,
      2.8420846339267003,
      1.7542654410220628,
      0.2342876047744386,
      -1.842242977391635,
      0.8922919145350853,
      0.4374384379163786,
      -0.9960268327651803
    ],
    [
      1.1861663446573514,
      0.951207163345817,
      2.759430294098994,
      1.8361096041714062,
      0.16445845403801215,
      -2.5288672354461577,
      0.2684424752877784,
      0.8675143843171859,
      0.606690070459253
    ],
    [
      1.334546750869735,
      0.49494111018730347,
      -0.3895892426671375,
      1.2936832117299242,
      0.24606189876545836,
      -1.2661547631128307,
      1.5190160119530116,
      0.48075534061960407,
      -1.8741760759389476
    ],
    [
      1.68278323805665,
      0.2657090106813094,
      -1.2421471793829764,
      2.3618200736859802,
      0.3248037995191852,
      -1.6095645106715257,
      0.7691529871855929,
      0.4038539222878903,
      -1.7025605993578188
    ],
    [
      1.7009221991882484,
      0.20125691542203383,
      1.5284377577485975,
      1.8642271964506478,
      0.49237221872654163,
      -0.04816450804569694,
      1.3396220150156124,
      0.5036628455915351,
      -0.4958638215062364
    ],
    [
      1.4607096494869598,
      0.4261729364601059,
      1.1089744779141293,
      1.2272469260365093,
      0.5106513776417531,
      -1.393585698677551,
      1.4866195776399973,
      0.6499265319586409,
      0.0630629903695692
    ],
    [
      1.9284394000134066,
      0.39673224403436924,
      -0.08753126695649616,
