{
  "gen": 6,
  "min": Infinity,
  "avg": Infinity,
  "best_params": [
    1.1861663446573514,
    0.951207163345817,
    1.3919636508684308,
    1.8361096041714062,
    0.16445845403801215,
    -2.0640328779827843,
    0.2684424752877784,
    0.8675143843171859,
    0.606690070459253
  ],
  "pop_params": [
    [
      1.1861663446573514,
      0.951207163345817,
      1.3919636508684308,
      1.8361096041714062,
      0.16445845403801215,
      -2.0640328779827843,
      0.2684424752877784,
      0.8675143843171859,
      0.606690070459253
    ],
    [
      2.153410475608532,
      0.03037864935284442,
      2.819459112971966,
      2.514083658321223,
      0.2202157195714934,
      -1.9090501967573963,
      0.631873078574958,
      0.31119982052994233,
      0.14853858979342682
    ],
    [
      1.3526405540621358,
      0.2983168487960615,
      0.6711173683342766,
      0.5045321958909214,
      0.29922320204986597,
      -0.8018289402378498,
      1.4226029542294043,
      0.7873242017790835,
      -1.8019573070498416
    ],
    [
      1.8823131477392963,
      0.46122804122409566,
      -0.2962080602363632,
      1.0985490254083259,
      0.30281466157172526,
      0.13612593578416599,
      0.8939545571386402,
      0.3433143519665047,
      0.7150702788520205
    ],
    [
      1.9632505708646086,
      0.6714450729855248,
      1.0979587615823299,
      1.6491923787930425,
      0.4652414063811383,
      0.5003728826976381,
      0.9591410828867396,
      0.2720152667940225,
      -0.6867202364893921
    ],
    [
      1.1895675926632898,
      0.5037718100598733,
      -2.0570463178209653,
      1.6572675110365656,
      0.3301992167348634,
      0.1385223324721372,
      1.1906646681879995,
      0.34338597857616454,
      0.39593127229464486
    ],
    [
      2.412375259905182,
      0.7351966417733167,
      0.808826888645523,
      1.168020972083357,
      0.33354586012426946,
      -0.23909165256470571,
      1.1245044556649115,
      0.6905985161203008,
      1.5808096755477
    ],
    [
      2.498803334395465,
      0.6293839001940823,
      -0.2975244829159487,
      1.527912404556459,
      0.44561199538904256,
      1.3569126807215646,
      0.26006814973703984,
      0.3034449012104077,
      -0.25726212541493965
    ],
    [
      1.3951110364401242,
      0.5619070656405896,
      0.973061622624439,
      1.2111631110871082,
      0.3210536233275333,
      -0.5265109113471476,
      1.0061517710395886,
      0.3742192503728736,
      -2.4960064486047933
    ],
    [
      2.298589492948463,
      0.7206332870387059,
      -2.323176576537701,
      1.4641240159455873,
      0.24531616909763865,
      -0.27736297243330693,
      1.1927139789226915,
      0.3213682214124833,
      3.0
    ],
    [
      1.6472917351570682,
      0.567820878816489,
      -0.27346757984661396,
      1.277012356275828,
      0.32683236273201827,
      0.0036206094389642923,
      0.5683811492987447,
      0.6064561785278604,
      -0.9272946751692168
    ],
    [
      2.107994822368518,
      0.5295697325260478,
      -1.4888938419080653,
      1.7717650337231408,
      0.5171866591431218,
      0.28826286833771286,
      0.31753164993462485,
      0.3170502145658123,
      0.4250831931857822
    ],
    [
      2.5850623098345267,
      0.45494861860394964,
      -1.4047680212325009,
      1.249561838732861,
      0.5701093107267049,
      0.48341606166245416,
      0.9006878298975515,
      0.49537072179685154,
      0.885570973170654
    ],
    [
      2.6848800961039028,
      0.3082550690477245,
      0.5612452891304263,
      1.6130618779971087,
      0.48250304426162266,
      0.9026494797564396,
      0.9224315434139729,
      0.42221108142108693,
      1.1819157068888313
    ],
    [
      1.7329622002721468,
      0.755798320137908,
      -0.1811067775123425,
      1.360308895039649,
      0.3668117693823748,
      0.3377342338768644,
      0.8858423103740882,
      0.14658346756820345,
      1.1296810137652393
    ],
    [
      1.80526223014866,
      0.5643846933142888,
      -0.38067661555675736,
      1.5199179026994858,
      0.5294497131941263,
      1.1169881872830407,
      0.9680728315183614,
      0.5110249298535989,
      -0.9879395606645566
    ],
    [
      1.7147907508157472,
      0.5762153660430076,
      0.03821930066639123,
      0.9291492581061837,
      0.4618584347970623,
      1.894298528775575,
      0.2361928670677439,
      0.4003319718308611,
      -0.7391067650084209
    ],
    [
      1.3607878865148033,
      0.27073320248095883,
      2.123544313907784,
      1.095261349285258,
      0.2546509283756349,
      -0.1262971472800255,
      1.299944522843159,
      0.8501107812591215,
      -1.8090829834925317
    ],
    [
      1.9409724368824421,
      0.42227001462752545,
      -0.9038555391087169,
      1.0804098579720811,
      0.5042898487217189,
      -1.586283614959548,
      0.6977754394554291,
      0.46109221524934985,
      0.2884137339628021
    ],
    [
      2.119606966108217,
      0.49540584966457246,
      -1.650667720159513,
      1.3673096037767634,
      0.09413272005965259,
      1.6512075705746974,
      1.9802001891220258,
      0.45219871691422264,
      0.005850085741256228
    ],
    [
      1.4403135446693707,
      0.628447223236106,
      0.24544303882693705,
      1.298429494561172,
      0.3529704312292077,
      0.3589524204752449,
      0.5598476936447349,
      0.6612849554286234,
      -1.6624879703636974
    ],
    [
      2.363649237951717,
      0.7393697440783608,
      0.567551158137422,
      1.4145779581528029,
      0.34861621788316804,
      0.35109860418359123,
      0.26623420496939265,
      0.24841091572873128,
      -0.5610453404478873
    ],
    [
      1.9771521680349435,
      0.28476176797058494,
      -1.417032455917305,
      1.6340085502695996,
      0.6054388782228796,
      -0.5175384907668314,
      1.53249126026906,
      0.5503431626785733,
      1.8604357318726477
    ],
    [
      1.200063272270571,
      0.32562155648353414,
      -0.8915964626726766,
      1.5531017200609467,
      0.35571860348755435,
      -0.5912500352851562,
      0.7357517297203456,
      0.6998351619456817,
      -0.8745642206401196
    ],
    [
      1.97033330618633,
      0.6787574964390756,
      0.6283868484440956,
      1.2397979859631083,
      0.30665028974721664,
      -0.31011923751060994,
      1.0274387757756176,
      0.3332591384754973,
      -2.405892363474145
    ],
    [
      1.8552925503069893,
      0.6859608968006727,
      -0.859555573772513,
      2.3889303980504777,
      0.35266224004935637,
      1.4469146011731029,
      1.5499738266022556,
      0.24437607792342333,
      0.3222515238946256
    ],
    [
      1.288381213891371,
      0.44660755389345336,
      3.0,
      1.215028471319605,
      0.23107109031426806,
      -1.2993195186681494,
      1.1076938824437081,
      0.5151243442762475,
      -0.909369623980642
    ],
    [
      1.837093366577432,
      0.6122240264942918,
      3.0,
      1.5672919648462653,
      0.48691249724156854,
      0.384886903732609,
      0.10763019074519678,
      0.28486141538351867,
      0.6220277210245867
    ],
    [
      1.4427077615672232,
      0.34947578561655457,
      0.40900514169837265,
      0.8240733003169918,
      0.39986846556792605,
      -0.20697681312149907,
      1.5642491865810464,
      0.7606576427711133,
      0.683794472150181
    ],
    [
      2.1265882636528683,
      0.4825768723672003,
      -1.5525777755227739,
      2.216726423985121,
      0.588599846017698,
      -1.4202198619549251,
      1.2838589491534298,
      0.6207865031210678,
      -0.21542936476015034
    ],
    [
      2.560834198167584,
      0.5178029820984522,
      -0.6162465768611609,
      1.2544731321533287,
      0.3500837390927012,
      0.20355774149707873,
      0.5219904269095064,
      0.33074097598117397,
      0.4197756852620121
    ],
    [
      2.020011170234577,
