{
  "gen": 20,
  "min": -5.488656990520688e-06,
  "avg": 1.122559026897078,
  "best_params": [
    1.1378092011742786,
    0.6523827383293189,
    0.5202066340582244,
    1.817901753547431,
    0.47452010666052835,
    -0.1312730697335199,
    1.83500038756634,
    0.04674033005715283,
    -1.3754192682910396
  ],
  "pop_params": [
    [
      1.1378092011742786,
      0.6523827383293189,
      0.5202066340582244,
      1.817901753547431,
      0.47452010666052835,
      -0.1312730697335199,
      1.83500038756634,
      0.04674033005715283,
      -1.3754192682910396
    ],
    [
      1.13306809783565,
      0.6477539820780266,
      0.512684802822498,
      1.8126441396304753,
      0.48741125640943944,
      -0.1163438412430714,
      1.7216404416741333,
      0.0447868579557898,
      -1.3466964711611202
    ],
    [
      1.13306809783565,
      0.6477539820780266,
      0.512684802822498,
      1.8126441396304753,
      0.48741125640943944,
      -0.1163438412430714,
      1.7216404416741333,
      0.0447868579557898,
      -1.3466964711611202
    ],
    [
      1.2561901380689078,
      0.672724289795531,
      0.5190788255908237,
      2.082447956069627,
      0.5256058557037324,
      1.3556378081209963,
      1.8732364574908626,
      0.053292683253247285,
      -1.380418638899789
    ],
    [
      1.0771184664337612,
      0.6250781154690948,
      0.519351826249324,
      1.9361636665141349,
      0.5689607981277468,
      -0.12909462374248595,
      1.8937650636096315,
      0.05024528590330259,
      -1.3747245931088565
    ],
    [
      1.1509864115706199,
      0.6752157230273096,
      0.4754767848790692,
      1.8124034114639738,
      0.5854976340891483,
      -0.4842713861758091,
      1.8947528281067338,
      0.05074814827681703,
      -1.3439229199680238
    ],
    [
      1.1458698902352022,
      0.6289596943913868,
      0.4285643977782834,
      1.8785372347490539,
      0.6134171281891638,
      -0.1283521635890291,
      1.9627458882626003,
      0.061770618316225115,
      -1.3889124820785388
    ],
    [
      1.3410656766003033,
      0.6940554404210906,
      -0.06515199786837017,
      1.928554693186541,
      0.5318463199761926,
      -0.12711989054747422,
      1.7877519880351882,
      0.05671700073840426,
      -1.3857998651354038
    ],
    [
      1.1374963904326445,
      0.6436140593956086,
      0.5130771936834345,
      1.9077044620022021,
      0.47541699076546706,
      -0.10970768868631312,
      1.8213306077671,
      0.036452366132533776,
      -1.3494021198744262
    ],
    [
      1.1418451115659016,
      0.6213838926542847,
      0.48551484626508207,
      1.905097455895097,
      0.6439211240582816,
      -0.12678803794630222,
      1.8488546278521996,
      0.052202577047227736,
      -1.3784589315918228
    ],
    [
      1.1373514788202395,
      0.6534836213184333,
      0.5186486142656932,
      1.9877647979475181,
      0.4848133770149797,
      -0.1313521424164376,
      2.263693833200481,
      0.046678950699798806,
      -1.3779333759701176
    ],
    [
      1.5004315442208747,
      0.6306762217023147,
      1.0180186728917986,
      1.8987986247468007,
      0.5129250911412278,
      -0.8564043346096358,
      1.8860478348035843,
      0.05147826391874018,
      -1.3870050318306204
    ],
    [
      1.128632822670008,
      0.6271769514027131,
      0.516224539601477,
      2.018324077706253,
      0.5699586835873519,
      -0.20260307580545917,
      2.295337378356532,
      0.0520326736562,
      -1.3791845642629093
    ],
    [
      1.0148454079831097,
      0.6321025854943689,
      0.533180968709881,
      2.006291524728935,
      0.6613764360295976,
      -0.12729756141452472,
      1.960509433689623,
      0.05270503611574413,
      -1.3747565809106042
    ],
    [
      1.1809155351386464,
      0.6533117370086932,
      0.49044755662633305,
      1.9404779432320933,
      0.4636466872367433,
      -0.14055424913899647,
      1.9059575651732186,
      0.05000712219794849,
      -1.3333798240855013
    ],
    [
      1.1378967516164664,
      0.6255898117716004,
      0.517748776096898,
      1.7632587242875568,
      0.5233946341494866,
      1.038739151863666,
      2.018383016139829,
      0.04620726345621674,
      -1.3583575143317665
    ],
    [
      1.1092540057038331,
      0.6199210102735209,
      0.5249760870966242,
      1.9263099426131418,
      0.5395082720838243,
      0.25110968502191866,
      1.7961732351177242,
      0.04581811053917776,
      -1.3770539857896527
    ],
    [
      1.1981344055930414,
      0.6695995830280417,
      0.5889250345155292,
      2.0154790948199675,
      0.4435246726400355,
      -0.11801130763328203,
      1.7082548471256642,
      0.04566983017570156,
      -1.3729136220677793
    ],
    [
      1.1220699146367983,
      0.6362297567412027,
      0.5225743116478881,
      2.0570787676424884,
      0.5175320948423215,
      -0.10278600042061292,
      1.9891972415304828,
      0.052842256982277486,
      -1.3917426215846729
    ],
    [
      1.1348328632173972,
      0.6706048132303605,
      0.5212752159253529,
      1.7963250357245206,
      0.5240724749261526,
      -0.0466153010159884,
      1.8361780011299613,
      0.043943698262356085,
      -1.3460986437127556
    ],
    [
      1.339800007559248,
      0.6464926562100654,
      -0.19036988920640607,
      1.899736557859346,
      0.49012520352987865,
      -0.1493932605878542,
      1.8483741914608138,
      0.04816229587297918,
      -1.3521093088120402
    ],
    [
      1.0991270767179944,
      0.6407559636366034,
      0.5140311968194224,
      2.126667452204041,
      0.5467904774301697,
      -0.11580896129834525,
      1.9868893542211028,
      0.05244255433950044,
      1.380832792234642
    ],
    [
      1.112097672627575,
      0.6403661673195499,
      0.5157311518503026,
      1.7959935317251017,
      0.5395226054740742,
      -0.10086630598913657,
      1.9878000523567345,
      0.01,
      -0.18178722025498018
    ],
    [
      1.0730922848607116,
      0.6485973271590595,
      0.5213371854059953,
      1.7926307199609115,
      0.5072020105040214,
      -1.415752304511137,
      1.7126183878205337,
      0.0479638612377149,
      -1.3498364380069934
    ],
    [
      1.1479761630931349,
      0.6477539820780266,
      0.512684802822498,
      1.8126441396304753,
      0.48741125640943944,
      -0.1163438412430714,
      1.7216404416741333,
      0.0447868579557898,
      -1.3466964711611202
    ],
    [
      1.2300429251545386,
      0.6266016503011503,
      0.5120912304435596,
      1.8583512572896828,
      0.5716013632553911,
      -0.11086228969822387,
      1.667295757014441,
      0.04674677414666723,
      -1.3550861259274496
    ],
    [
      1.1430581478155348,
      0.6479325680159097,
      0.5478100499965268,
      1.9395075733945215,
      0.597517616777287,
      -0.12440664669078708,
      1.9502957594296901,
      0.05255762752112201,
      -1.3436295087982109
    ],
    [
      1.3452919287484606,
      0.6506206992902892,
      2.3682837027636277,
      2.0094463882773956,
      0.5476534951557475,
      -0.12001948649873029,
      1.9113329441259734,
      0.051260911561213374,
      -1.3509810945089067
    ],
    [
      1.1286804695152555,
      0.618161642636674,
      0.5162227416132872,
      2.002572855281935,
      0.6245613103050347,
      -0.12692675105630183,
      2.1378088459912976,
      0.19775540602955116,
      -1.3628515380411088
    ],
    [
      1.1439868800265787,
      0.645376724367011,
      0.5207531553472063,
      1.8583362359608249,
      0.5447844950466791,
      -0.10449917040183536,
      1.9209051000362127,
      0.0526423333760808,
      -1.3841280482045362
    ],
    [
      1.3387766882349035,
      0.6349663321722966,
      0.5145481159096644,
      1.9740199351826098,
      0.5777111364691337,
      -0.1295043830594782,
      1.9103427010961247,
      0.05292485106940364,
