{
  "gen": 9,
  "min": 0.04907216641172112,
  "avg": 0.5146821568312393,
  "best_params": [
    0.9852873718092234,
    0.6312067436478872,
    0.6653249180465096,
    2.0897215637111066,
    0.4743673809143282,
    -0.26592379392483284,
    1.4035385725163687,
    0.11803914843599328,
    -0.9200836410627566
  ],
  "pop_params": [
    [
      0.9852873718092234,
      0.6312067436478872,
      0.6653249180465096,
      2.0897215637111066,
      0.4743673809143282,
      -0.26592379392483284,
      1.4035385725163687,
      0.11803914843599328,
      -0.9200836410627566
    ],
    [
      1.549287284074855,
      0.5614045536791381,
      0.13766265088114576,
      1.5441845538046326,
      0.7143833896126672,
      0.153773108145436,
      1.9223002528273032,
      0.07328920401985059,
      -1.2662107149097075
    ],
    [
      0.9545566016133556,
      0.6375617901966469,
      0.8526352698980757,
      1.8795814043108245,
      0.4447789050844006,
      -0.20406813196107093,
      1.9053754478156946,
      0.040230607249807065,
      -1.4468676736993722
    ],
    [
      0.8471310979612295,
      0.5720913210724465,
      0.47301583597850805,
      1.8435283512945446,
      0.5048106079107515,
      -0.05503492254126373,
      2.2277581824136643,
      0.12038920792764837,
      -2.003693026946615
    ],
    [
      0.6396130997570588,
      0.6175571575730195,
      1.4553796551413847,
      1.9740700466561036,
      0.5764946227548622,
      -0.06460741092158562,
      1.796320414316096,
      0.3124503794230354,
      -0.9088231395887154
    ],
    [
      0.5805767045322248,
      0.623425994761288,
      0.6980700409612314,
      1.9486190428361125,
      0.5215297322291906,
      -0.10037120863524059,
      2.067493033035644,
      0.09606083836141704,
      -1.2655573980747237
    ],
    [
      1.4071117830829398,
      0.6211396352435938,
      0.20324193570863092,
      1.935420955557981,
      0.6318436085008107,
      -0.2545646714439293,
      1.525687915202754,
      0.07780331274623038,
      -0.9036873904703853
    ],
    [
      0.6408676841590141,
      0.5836984234243588,
      1.9746376427997823,
      2.03903464381872,
      0.5433478612806399,
      -0.26945586894138596,
      1.7118887706884887,
      0.0946454690079943,
      -1.1465272953671222
    ],
    [
      0.6774002796502261,
      0.6338644486924707,
      0.2134311008440863,
      1.8257940190267132,
      0.524183691826481,
      -0.1709477168217619,
      2.083907917502365,
      0.0519734962374699,
      -1.1806903168877345
    ],
    [
      1.1980025784719,
      0.5283354595093533,
      0.023710132111165523,
      1.8660663473328554,
      0.7784526775558451,
      0.40330700812948683,
      1.1794852573445407,
      0.21255643175069555,
      -1.2334571407250874
    ],
    [
      0.5437733557770373,
      0.5885196305113074,
      1.42850859699897,
      1.851501139742219,
      0.6556719764060222,
      -2.9478106603055387,
      1.3248141005769218,
      0.16763328219475085,
      -1.7257607545544182
    ],
    [
      1.515117133324127,
      0.6725640276976337,
      0.39191023556147575,
      1.9309260746530064,
      0.5084276146628663,
      -0.26675779501894664,
      1.7428944254348087,
      0.34784539493787053,
      -1.432198272523802
    ],
    [
      0.6313234311170101,
      0.609055113811093,
      2.287775160668258,
      1.8286391050323558,
      0.6404071209153123,
      -0.28560421701833055,
      1.6620859472365648,
      0.276233727094247,
      -1.5294509827436038
    ],
    [
      0.7822878374744386,
      0.5838662730842978,
      1.2327364554752136,
      1.7027772406342336,
      0.4896555406515223,
      -0.24852772410577795,
      1.5264662384907395,
      0.160875095377253,
      -1.257980525776759
    ],
    [
      0.7907625986303817,
      0.6678870683614063,
      0.9718959595057178,
      1.853709888147732,
      0.6870264146948546,
      -0.8576427094263563,
      1.7583826037023234,
      0.03177501289937114,
      -1.9204308756203585
    ],
    [
      1.332662379189387,
      0.6174650061987006,
      0.9661035366345454,
      1.8156386234194308,
      0.4505062456114837,
      -0.17502733240128765,
      1.9600078399810474,
      0.05040345648451764,
      -1.2653545325234123
    ],
    [
      1.0286138881788403,
      0.6437787761543201,
      0.6165481739510472,
      1.8425500740710365,
      0.4763760690387693,
      -0.2351912430451043,
      1.370912448141704,
      0.03393196486650267,
      -1.1793225056694534
    ],
    [
      1.4844443582581575,
      0.5478003037870129,
      0.21922731371194754,
      1.570032250869111,
      0.45716577689496296,
      -0.07682988811051875,
      2.0132484824896135,
      0.04600179320272113,
      -1.4165320829860615
    ],
    [
      1.4636838814776851,
      0.636170125081968,
      0.3711805911682976,
      1.8524885759684415,
      0.4447712087463053,
      -0.15552019685169988,
      2.0472540596603825,
      0.021328259615390463,
      -1.4516382073645453
    ],
    [
      1.0327282995848048,
      0.5861035643515379,
      0.1886986945367491,
      2.011668775909687,
      0.5674464562329508,
      0.15043873915366562,
      1.619495113164413,
      0.16252632581329943,
      -0.9059461547075982
    ],
    [
      1.3591700475059645,
      0.5849831926251031,
      0.32773622765961286,
      1.7308947738928544,
      0.6874259293677403,
      0.13425289489825942,
      1.5053707452529221,
      0.01927463269811993,
      -1.396841946713436
    ],
    [
      0.9044975596529465,
      0.5863615234459975,
      1.8042553098477039,
      1.8687130133245737,
      0.6311603388223385,
      -0.12238629565727571,
      2.0654506159945876,
      0.10456085037406426,
      -1.4528331691144651
    ],
    [
      1.0609158685708513,
      0.6515841259060988,
      0.5706629048747702,
      1.7906839435211528,
      0.4502851645219067,
      -0.10705432064409172,
      2.0202462227209366,
      0.03363425543173771,
      -1.3167267032859287
    ],
    [
      0.9532263572528467,
      0.6080046769928317,
      0.9336774924754546,
      1.871430034680435,
      0.5159289770940543,
      -0.23410354749041765,
      1.7404583492104788,
      0.26067794328383764,
      -1.2591508135660927
    ],
    [
      1.3791941035721949,
      0.5603835712098143,
      0.0859504729429598,
      1.6114171278291205,
      0.6671678098140328,
      -0.00825674099993487,
      1.8985716642199135,
      0.07894803797583465,
      -1.2726578112259939
    ],
    [
      1.2688327687050676,
      0.5843409039612247,
      1.3309071935296328,
      1.8000387931415944,
      0.5503532215043145,
      -0.2743896335741258,
      1.9062600983339346,
      0.027576382634174345,
      -1.445297803707442
    ],
    [
      0.9766433296536099,
      0.6246559205153538,
      1.4557446933719542,
      2.215554669122687,
      0.7358598166177093,
      -0.15808825766000245,
      1.7482570050048158,
      0.01,
      -1.4324404803556878
    ],
    [
      1.169604081286487,
      0.6413497480841215,
      0.6569376769712859,
      2.089634657221653,
      0.5736049641798374,
      -0.2706548924241767,
      1.4714981074455369,
      0.23145644640991264,
      -0.8904918523018467
    ],
    [
      1.3981698361756338,
      0.5928140150400734,
      0.20962319262186532,
      1.8639545423060273,
      0.6295652481743237,
      -0.06443392204832168,
      1.4519380588922626,
      0.022921351387657857,
      -1.6068710753657758
    ],
    [
      1.3981698361756338,
      0.5543786363380498,
      0.20962319262186532,
      1.8639545423060273,
      0.6285545983972842,
      -0.06443392204832168,
      1.7176389973512436,
      0.022921351387657857,
      -1.6068710753657758
    ],
    [
      1.4314727586996419,
      0.6471754193571597,
      0.5204147858435437,
      1.8512692508779052,
      0.6369869997281344,
      -0.3124660531562372,
      2.119987811191388,
      0.03484528777739425,
