{
  "gen": 3,
  "min": 1000000.0,
  "avg": 1000000.0,
  "best_params": [
    1.1861663446573514,
    0.951207163345817,
    1.3919636508684308,
    1.8361096041714062,
    0.16445845403801215,
    -2.0640328779827843,
    0.2684424752877784,
    0.8675143843171859,
    0.606690070459253
  ],
  "pop_params": [
    [
      1.1861663446573514,
      0.951207163345817,
      1.3919636508684308,
      1.8361096041714062,
      0.16445845403801215,
      -2.0640328779827843,
      0.2684424752877784,
      0.8675143843171859,
      0.606690070459253
    ],
    [
      2.153410475608532,
      0.03037864935284442,
      2.819459112971966,
      2.514083658321223,
      0.2202157195714934,
      -1.9090501967573963,
      0.631873078574958,
      0.31119982052994233,
      0.14853858979342682
    ],
    [
      1.3526405540621358,
      0.2983168487960615,
      0.6711173683342766,
      0.5045321958909214,
      0.29922320204986597,
      -0.8018289402378498,
      1.4226029542294043,
      0.7873242017790835,
      -1.8019573070498416
    ],
    [
      3.0,
      0.4535291235269297,
      0.24004108972668003,
      1.296780269222652,
      0.39682463481777314,
      -1.6295972068815645,
      1.341736739965885,
      0.7374050004656126,
      1.229320220355893
    ],
    [
      1.2464334872456824,
      1.0,
      0.4689735615686135,
      1.8101072135233789,
      0.34421066514073884,
      -1.4372022878844726,
      1.2907840185997366,
      0.8139410002616044,
      -0.5408054903505102
    ],
    [
      1.880318307869163,
      0.5358977450516198,
      0.12264771462376975,
      2.005977743532904,
      0.6055725248919492,
      0.521089092575227,
      1.0054121496180715,
      0.5713868936879439,
      -1.0844399724504206
    ],
    [
      1.1290090485493434,
      0.7934083332735944,
      -1.8607673628264108,
      1.08538357098459,
      0.6702486197269626,
      -0.1574639598001777,
      2.102518821018088,
      0.49694881407102437,
      -1.3001440053841522
    ],
    [
      1.4466837502471372,
      0.22357261882006374,
      1.094449847665147,
      1.0334439722763977,
      0.42255768015092643,
      -1.9033706438967868,
      0.21035369876228402,
      0.8667450303309399,
      2.4406842760548964
    ],
    [
      1.999307554795224,
      0.9505009192848605,
      -0.04446235307592031,
      1.7032223410470562,
      0.16392078344127256,
      -2.583188833444143,
      1.572503349683641,
      1.0,
      0.4538642876214989
    ],
    [
      1.3505475351509197,
      0.3501055082110367,
      -1.323966272751548,
      0.9909854415930452,
      0.5084887493550562,
      0.15069315498430105,
      1.6690831714052223,
      0.8863997016650368,
      2.0954260655092805
    ],
    [
      1.4498671301015733,
      0.7720483398132196,
      1.1730918072674257,
      0.9605460645403052,
      0.17847171449037497,
      0.7645925388436963,
      0.46591716669335087,
      0.8426968497557259,
      -0.9277099328305727
    ],
    [
      1.2746340170195305,
      0.9832334591453478,
      0.03317335405167391,
      1.3408631032744334,
      0.8376589693389065,
      1.6947933168776856,
      1.3142234412238465,
      0.8895039110997036,
      -0.835093582020065
    ],
    [
      2.2594948444350504,
      0.5415922521042525,
      -0.9516316476851299,
      2.1450663628006086,
      0.6984269131855085,
      3.0,
      1.9929023311767455,
      0.43972881523558177,
      -0.1656090218450006
    ],
    [
      1.2096577277938945,
      0.01,
      1.4584831276308254,
      2.0800896148398462,
      0.9086761607977175,
      0.8860796797410664,
      1.122804939201595,
      0.3545257592849558,
      0.80574290503948
    ],
    [
      1.5601185593809204,
      0.5228554065889419,
      0.22468557102245978,
      2.2697151323340985,
      0.5882575254204877,
      0.22212785882239605,
      1.9074491532433808,
      0.1795372269660777,
      -2.3391834162571192
    ],
    [
      1.9251189773233999,
      0.14801261581426625,
      1.3362553501537886,
      1.8548763413752354,
      0.7483484998729527,
      2.4400220774983206,
      1.975179010948522,
      0.7189033189863239,
      -1.0955066823734443
    ],
    [
      1.5337818190243322,
      0.7317579400969428,
      -0.6065345883039466,
      2.1782181999118,
      0.8676130424896658,
      2.9154604494734544,
      1.6359892129906481,
      0.4984891253916473,
      -1.3814904448021064
    ],
    [
      1.4030434526984665,
      0.5850396531230874,
      1.0374182175137432,
      1.1706893346438585,
      0.7549262711828089,
      1.1741543209673826,
      1.3729550616682178,
      0.3779377522173432,
      -0.5460403403121283
    ],
    [
      1.6866784898213976,
      0.546418304387475,
      0.7243013774168314,
      2.6673744204828767,
      0.7125952936812971,
      0.06705705256904637,
      2.0087722336185805,
      0.6852653212102917,
      0.19102435379168992
    ],
    [
      1.6281280023743505,
      0.6871453616206469,
      1.629895123980744,
      0.871656089572473,
      0.6650334791698245,
      -0.9598972903821847,
      0.3811026186980172,
      0.8753532371344932,
      0.18448602698242134
    ],
    [
      2.006443414729938,
      0.374081257154928,
      -0.22727546251563036,
      2.564342764496298,
      0.3171298986498151,
      0.7399072990201323,
      2.0568200618877377,
      0.17411965206851218,
      -2.3687186126505066
    ],
    [
      1.7256751914291684,
      0.7721585574476577,
      -0.380451876409853,
      0.538562802119309,
      0.6499167048533995,
      -0.6746498033772186,
      2.143783089519595,
      0.4456393704376119,
      1.05080549478126
    ],
    [
      1.937467314506317,
      0.26859618482426784,
      2.3028625871549613,
      1.8841892604411292,
      0.2581542364155115,
      -0.7143419759723788,
      1.9264034569398403,
      0.17991445265508962,
      -0.8202051032286151
    ],
    [
      1.2974324497016176,
      0.9525978362042683,
      0.0683834129777429,
      1.2608038038003235,
      0.6798854165657847,
      2.1677256030185017,
      1.7981535863503,
      0.7002412658753999,
      -0.9066294424549308
    ],
    [
      2.127550789085139,
      0.10743131291569269,
      2.4216567652453067,
      2.0580210375242163,
      0.5996496929208999,
      -1.6882754091164232,
      0.8957171682919489,
      0.29139659276405194,
      0.9775552234408724
    ],
    [
      1.084404439317404,
      0.9205397246155715,
      2.2050201821041524,
      0.27356640139609195,
      0.43876962913641787,
      -1.548565906298347,
      2.4588209710177926,
      0.6230598936636438,
      0.5673114874744674
    ],
    [
      2.7791253574535033,
      0.44771530931258435,
      0.26040542354204876,
      0.868891126369127,
      0.43612651384848045,
      -1.7898392145352586,
      0.8561910923072563,
      0.8027769342780371,
      -0.2101536573885665
    ],
    [
      1.237084398916033,
      0.5760064998704995,
      0.8044734975608814,
      2.019256861915539,
      0.14013078698713866,
      -0.6944395815202906,
      1.5883559332457775,
      0.8120038962252871,
      0.8811246671576128
    ],
    [
      1.4865250434134123,
      0.5914010282753858,
      0.3097471571703274,
      1.5647321804934988,
      0.41549606016234275,
      -1.4934850421422987,
      1.5223207402649401,
      0.6853570912653396,
      -0.4431759426050561
    ],
    [
      1.465506824773274,
      0.6016178477710051,
      -2.3074764194752597,
      1.0649022861513187,
      0.6657427357892965,
      1.7590785444171728,
      2.1843731808439233,
      0.4451637617384553,
      0.030719853206996106
    ],
    [
      1.6023759436254332,
      0.641276313745138,
      -0.3343815318568528,
      1.0140638449120367,
      0.6438990790882134,
      -1.8632362168057386,
      2.8603659580590763,
      0.6993630614442435,
      0.9195550168724376
    ],
    [
      1.5397208777800446,
      0.28697515988650185,
      -0.7940477586201986,
