{
  "gen": 19,
  "min": 0.006072480871515445,
  "avg": 2.5451600800761094,
  "best_params": [
    1.1378092011742786,
    0.6523827383293189,
    0.5202066340582244,
    1.817901753547431,
    0.47452010666052835,
    -0.1312730697335199,
    1.83500038756634,
    0.04674033005715283,
    -1.3754192682910396
  ],
  "pop_params": [
    [
      1.1378092011742786,
      0.6523827383293189,
      0.5202066340582244,
      1.817901753547431,
      0.47452010666052835,
      -0.1312730697335199,
      1.83500038756634,
      0.04674033005715283,
      -1.3754192682910396
    ],
    [
      1.13306809783565,
      0.6477539820780266,
      0.512684802822498,
      1.8126441396304753,
      0.48741125640943944,
      -0.1163438412430714,
      1.7216404416741333,
      0.0447868579557898,
      -1.3466964711611202
    ],
    [
      1.1439958954130458,
      0.616957856015338,
      0.48831635766400805,
      1.9976797409114315,
      0.5327178024087239,
      -0.13141415191015987,
      2.120471940625512,
      0.05192037316022123,
      -1.3790026438615202
    ],
    [
      1.1315101483645873,
      0.6402061813886891,
      0.5289404071819973,
      2.0895643256423555,
      0.5274977498026109,
      -0.10612430737209635,
      1.9589427459453144,
      0.0526925121623196,
      -1.3798578593428066
    ],
    [
      1.4343602672570377,
      0.6485952975932562,
      0.5082156609356963,
      1.9502408125180175,
      0.5261773662675968,
      -0.1150459881077819,
      1.7594969558964297,
      0.04764962823984617,
      -1.3873557608323128
    ],
    [
      1.123739036871458,
      0.6418244394179128,
      0.49312789491148873,
      1.7293577823494375,
      0.5368721492874551,
      -0.1441316593337704,
      1.9617397994909567,
      0.053137208417500616,
      -1.3343313628830948
    ],
    [
      0.751206719135751,
      0.6524219852463321,
      0.49331632291643457,
      1.8543264057030924,
      0.47994235659405926,
      -0.12025109176706382,
      1.8972416799176097,
      0.01,
      1.660027540772332
    ],
    [
      1.4366005281170326,
      0.645505660453027,
      0.5007248904737562,
      2.000219242360492,
      0.52867757527598,
      -0.1307761084830583,
      1.9885476899052463,
      0.051906296221560254,
      -1.3830730117053112
    ],
    [
      1.0988284178742098,
      0.5964851681611578,
      0.5609453707624811,
      1.6662912632950915,
      0.5352047811261503,
      -0.004447063463544149,
      1.9699682963246032,
      0.05116943185479345,
      -1.3395546741008544
    ],
    [
      1.1999402781275572,
      0.657040172202741,
      2.222887722743809,
      1.8792286318500624,
      0.5216603312548158,
      -0.11197081812475276,
      1.8069704956754304,
      0.0465621488810198,
      1.5262764709480678
    ],
    [
      1.179803713888729,
      0.6402952347255778,
      0.4969317414248678,
      1.9704524590590367,
      0.4819991823706675,
      1.0203931671620188,
      1.95926169781646,
      0.055124842902825585,
      -1.1692229589243666
    ],
    [
      1.1809155351386464,
      0.6533117370086932,
      0.49044755662633305,
      1.9404779432320933,
      0.4636466872367433,
      -0.14055424913899647,
      1.9059575651732186,
      0.05000712219794849,
      -1.3333798240855013
    ],
    [
      1.143513727861254,
      0.6441642646251896,
      0.5177450591152138,
      1.97613896026511,
      0.5685609865243141,
      -0.12952396547725892,
      1.990895941502948,
      0.05255941045037948,
      -1.3823993978062934
    ],
    [
      1.1867826285309162,
      0.6661207871884348,
      0.5162297078079623,
      1.817573006216138,
      0.4285426609457461,
      -0.14334916819738966,
      1.8696385205773831,
      0.046731823731314986,
      -1.3388930825213834
    ],
    [
      1.099848121473377,
      0.6182368723799545,
      0.513198039481599,
      2.1345902360754434,
      0.5869121235845045,
      -0.12868865063111742,
      2.136656916620166,
      0.05211845018173288,
      -1.3907510504457647
    ],
    [
      1.2772569666797082,
      0.7069031700709132,
      0.5588156159921578,
      1.6071753081112907,
      0.5247553660734524,
      -0.0168508952199649,
      1.891962669426513,
      0.05092885092664987,
      -1.3468079072193324
    ],
    [
      1.2266498840142541,
      0.632799319683635,
      0.5147464549850845,
      1.853458735288654,
      0.5560827273745553,
      -0.10456196548587221,
      2.088839205320602,
      0.052299690626681876,
      -1.4008259302814827
    ],
    [
      1.1873983442347935,
      0.6457587054304261,
      0.4521119901715181,
      1.725182793205139,
      0.47277660598689636,
      -0.13119712533593358,
      1.8206089596455686,
      0.0583441486870528,
      -1.3471596320212373
    ],
    [
      1.1288814507916038,
      0.6232717679602097,
      0.48352094878054286,
      1.8773127098205873,
      0.4979430648839947,
      -0.17470568965865713,
      1.6703081063854504,
      0.0476699382442478,
      -1.3525639219247974
    ],
    [
      1.13369818558803,
      0.6480507091896698,
      0.5119828112283844,
      1.8121952824287535,
      0.5677172482990909,
      -0.11121577073434952,
      1.4165044212975,
      0.051967123124658204,
      -1.3537194002303483
    ],
    [
      1.425679874349938,
      0.6538765954549036,
      0.44532796939800684,
      1.9229208926106502,
      0.5403773259691432,
      -0.13165000344796454,
      1.8377102244042676,
      0.04940961851206925,
      -1.4073849285911861
    ],
    [
      1.2358110244174534,
      0.6482078223886695,
      0.5231815506639298,
      2.1463880155016875,
      0.5796990437751462,
      -0.1096198341843491,
      2.0192232371473406,
      0.0525573195345659,
      -1.381045992330311
    ],
    [
      1.0735284678070163,
      0.6292122174603278,
      0.4910376624244776,
      1.9920635550713093,
      0.5338951298751127,
      -0.13140596410631836,
      2.1196441237947594,
      0.042444503272069146,
      -1.3795992365356748
    ],
    [
      1.099848121473377,
      0.6182368723799545,
      0.513198039481599,
      2.1345902360754434,
      0.5869121235845045,
      -0.20653437989515078,
      2.136656916620166,
      0.05211845018173288,
      -1.3907510504457647
    ],
    [
      1.214699175016308,
      0.6440210416055394,
      0.7687205774377923,
      2.040284034190419,
      0.6571452843015433,
      1.0546498290055986,
      1.8414779969045898,
      0.12060375600741456,
      0.402592009014499
    ],
    [
      1.154342601283086,
      0.6724617755786132,
      0.5219215047360699,
      1.7967899560735394,
      0.588253131296363,
      -0.021974380905483856,
      1.88428861644649,
      0.04423947270730476,
      -1.3407674061868433
    ],
    [
      1.1420016759134874,
      0.6488430074225277,
      0.5197169724066464,
      1.7993268981475736,
      0.5841777465663021,
      1.8867195114163289,
      1.9956533351255277,
      0.05135312611710251,
      -1.356113477265554
    ],
    [
      1.099848121473377,
      0.6182368723799545,
      0.513198039481599,
      1.8266063100730099,
      0.5869121235845045,
      -0.12868865063111742,
      2.136656916620166,
      0.017962826490910917,
      -1.3907510504457647
    ],
    [
      1.0465240504060551,
      0.653704903830016,
      0.5196099567543776,
      1.8062054772271727,
      0.5123822360809704,
      -0.104752188167972,
      2.02148118278503,
      0.05263776364597346,
      -1.4174373898545456
    ],
    [
      1.1209835990082428,
      0.6309097524328108,
      0.5014137281606438,
      2.18601250421811,
      0.5189545364464953,
      1.1796923373813857,
      1.8369059742139926,
      0.04647764942810222,
      -1.3798084595709301
    ],
    [
      1.2163569732137443,
      0.6415895527165228,
      -0.10819286584601434,
      2.094252478236159,
      0.4849008373904959,
      -0.13338745515438064,
      1.687123327075568,
      0.05000463078056512,
      -1.3806609129325926
