{
  "gen": 10,
  "min": 0.12834158831012327,
  "avg": 0.7752187490929435,
  "best_params": [
    0.6820639391214658,
    0.0985615049303484,
    -0.27176999259380474,
    2.6506127308378296,
    0.38609691775374677,
    -0.4442881587348433,
    0.675949714812975,
    0.5135787784417756,
    0.2728224701771546
  ],
  "pop_params": [
    [
      0.6820639391214658,
      0.0985615049303484,
      -0.27176999259380474,
      2.6506127308378296,
      0.38609691775374677,
      -0.4442881587348433,
      0.675949714812975,
      0.5135787784417756,
      0.2728224701771546
    ],
    [
      0.6820639391214658,
      0.0985615049303484,
      -0.27176999259380474,
      2.6506127308378296,
      0.38609691775374677,
      -0.4442881587348433,
      0.675949714812975,
      0.5135787784417756,
      0.2728224701771546
    ],
    [
      0.5451152669904554,
      0.05190423167216716,
      -0.6178770234423232,
      2.8530050142736534,
      0.5622939082719932,
      -0.3825258487699461,
      1.0537731941436597,
      0.5294929373599931,
      -0.001837982859181908
    ],
    [
      0.6647389476153469,
      0.04089567076859838,
      -0.48645144308939936,
      2.4820138842504154,
      0.3874370394783982,
      -0.4239466378665297,
      0.8182454862502073,
      0.521626780188094,
      0.5782578632540956
    ],
    [
      0.659081205861542,
      0.0681757031179924,
      -0.32054440194338685,
      2.6534450888499257,
      0.4799750312288556,
      -0.4329187132626696,
      0.6763847745458909,
      0.5171023253862662,
      0.20623621485487403
    ],
    [
      0.49862833346509283,
      0.10098309423106719,
      -0.32487259690829423,
      2.663867520958621,
      0.6222960550934944,
      -0.44713385912329856,
      0.8564904900098024,
      0.528251282521617,
      0.03769427545007979
    ],
    [
      0.6181893555504836,
      0.053155949975783656,
      -0.5488447354162791,
      2.527386475862059,
      0.48939959679975553,
      -2.288802418118371,
      0.7880020410117884,
      0.527276760776094,
      0.7242151139692147
    ],
    [
      0.6763836479056902,
      0.05636051614435209,
      -0.26887882138646796,
      2.609729800558468,
      0.41678837652128475,
      -1.0784139936422694,
      0.614447016157538,
      0.5136481190961637,
      0.08394869731424964
    ],
    [
      0.6791302738470948,
      0.07750808163422737,
      -0.44947373892874876,
      2.7443302185724296,
      0.5197166971976639,
      -0.38791759367250234,
      0.8584828964108693,
      0.5221583236633032,
      -0.020209701531159387
    ],
    [
      0.6937229753623374,
      0.20728800435942463,
      0.12877270534382723,
      2.7332071687665906,
      0.38964243849660185,
      -0.32530620067520394,
      1.32273628821325,
      0.5076635208002763,
      0.03177118472317175
    ],
    [
      0.578243700320128,
      0.05190423167216716,
      -0.5673563883810067,
      2.783253712733334,
      0.613472240766833,
      -0.3825258487699461,
      1.0488448299593367,
      0.549066276136701,
      -0.001837982859181908
    ],
    [
      0.7126580543427439,
      0.095438185614538,
      -0.539280877317853,
      2.6312689041599864,
      0.3826264878044877,
      -1.5870181929188472,
      1.22464027233869,
      0.5212412690713842,
      -0.13163858050558486
    ],
    [
      0.8094948548882064,
      0.06088438134131564,
      -0.2066280229709806,
      2.51938375989155,
      0.5600791017511934,
      -0.3994343130806191,
      0.7690781469002815,
      0.5242322162954005,
      0.28325632444274157
    ],
    [
      0.5979622645244115,
      0.07317185517784341,
      -0.5453331869615312,
      2.655417455897118,
      0.7188206185978889,
      -0.39869821180153964,
      1.0737576668186233,
      0.5254072299735661,
      -0.03643284318473039
    ],
    [
      0.569851461061826,
      0.05721331143519055,
      0.1033387620114582,
      2.7384711443200627,
      0.47867093495470325,
      -0.35094582207542346,
      1.039773025241618,
      0.512261111021936,
      0.02497661174613371
    ],
    [
      0.751716817853113,
      0.15290880227433917,
      -0.3292992400151513,
      2.663583926761819,
      0.4924536866989184,
      -0.36688548460101117,
      0.7269131149714814,
      0.5306278899239649,
      -0.020108264804422765
    ],
    [
      0.44159164161244446,
      0.10811934643606907,
      -0.3848825730123156,
      2.6816983297827512,
      0.4916915686947226,
      -1.875449050011943,
      1.1137217941955955,
      0.5226835871702145,
      -0.11027533035577008
    ],
    [
      0.7271420201417612,
      0.02643438098473573,
      -0.6451612559016979,
      1.926709363211674,
      0.6725233524215242,
      -0.3792905045967565,
      0.889216150564825,
      0.5339170128788625,
      -0.2945953890912823
    ],
    [
      0.633995236333526,
      0.05000387556337724,
      -0.6394697420836017,
      2.5547817841274862,
      0.5771773187836727,
      -0.37728299946953686,
      1.1243835338410169,
      0.5294790778783421,
      -0.2948717372754025
    ],
    [
      0.940624838987953,
      0.11514794840907835,
      -0.6470158368233162,
      2.546435724502011,
      0.5596923379884289,
      -0.36135951087151075,
      1.117698048916254,
      0.5270152417146892,
      0.000773111521587877
    ],
    [
      0.5974319792973513,
      0.0985615049303484,
      -0.27176999259380474,
      2.6506127308378296,
      0.39016125721301725,
      -0.4462281203267966,
      0.6047846093831618,
      0.5135787784417756,
      0.1485720267910925
    ],
    [
      0.576852572313636,
      0.01,
      -0.6368703416212504,
      2.7425672168451802,
      0.5352050369298452,
      -0.3885041589379533,
      1.194925918746503,
      0.5514858237565176,
      -0.05996964672333148
    ],
    [
      0.5751550089017395,
      0.09386441122563136,
      -0.5491584837487512,
      2.625853647170708,
      0.47404588767152456,
      -0.43222521735341163,
      0.8731415383649156,
      0.5624010306884996,
      -0.07405370814753398
    ],
    [
      0.8348820955995626,
      0.09911392894232024,
      -0.3684185334288291,
      2.629291239054099,
      0.586508555097527,
      -0.44127550871204146,
      0.9103418332797707,
      0.5167517598422438,
      0.2849481119397746
    ],
    [
      0.48622567358633095,
      0.3388769837825683,
      0.08117975449369286,
      2.144462012911147,
      0.45984396995168064,
      -0.16225845908187847,
      0.8499499424692332,
      0.4611165656532032,
      0.03564723985744475
    ],
    [
      0.578742766800739,
      0.08728155781438954,
      -1.3853242653359779,
      2.6382557841105454,
      0.3998514042486998,
      -0.596192663266057,
      0.7913434948958102,
      0.5249837244486797,
      -1.114578684298446
    ],
    [
      0.6677034653834758,
      0.10129542381245106,
      -0.5399158838743011,
      2.5115836766595234,
      0.3847208239625257,
      -0.4301774283182475,
      0.865003304155701,
      0.5294213053057911,
      0.1347805905267561
    ],
    [
      0.6419367090703251,
      0.05455250595090765,
      -0.30523508440950753,
      2.6479838745678257,
      0.41245388615340106,
      -0.37286931598343565,
      0.7036278346773268,
      0.5122672529654584,
      0.2801205796513346
    ],
    [
      0.9491861903517039,
      0.11567308560148891,
      -0.04261219551236611,
      2.6257954610225602,
      0.5971736289784297,
      -0.3982436180799082,
      0.6807741191248506,
      0.5114600999310723,
      0.008468378829885735
    ],
    [
      0.63417668700634,
      0.05576269824478737,
      -0.35499820989962483,
      2.716269559350211,
      0.5050330192095533,
      -0.3768142272340879,
      0.7738632718827442,
      0.5232154810496018,
      0.18480403449390545
    ],
    [
      0.6683865572402532,
      0.07985081472666333,
      -0.27037933192471947,
      2.6595630716508674,
      0.4067656846216291,
      -1.4433660436985045,
      0.6995444549375424,
