{
  "gen": 15,
  "min": 0.022323027871775834,
  "avg": 0.5712691238204107,
  "best_params": [
    1.0988284178742098,
    0.6442935933205081,
    0.5609453707624811,
    1.6662912632950915,
    0.5352047811261503,
    -0.004447063463544149,
    1.9699682963246032,
    0.05116943185479345,
    -1.3395546741008544
  ],
  "pop_params": [
    [
      1.0988284178742098,
      0.6442935933205081,
      0.5609453707624811,
      1.6662912632950915,
      0.5352047811261503,
      -0.004447063463544149,
      1.9699682963246032,
      0.05116943185479345,
      -1.3395546741008544
    ],
    [
      1.1538062402156963,
      0.6455329830489468,
      0.4957914141649524,
      1.9886345798745104,
      0.541398710948523,
      -0.13116461654612815,
      2.091158225635428,
      0.05198093210402505,
      -1.380262038184962
    ],
    [
      1.0948520880291852,
      0.6645183112696341,
      0.5703217715073274,
      1.649745398830069,
      0.4852547770252465,
      -0.08872089696832844,
      1.9283969269953776,
      0.05329760741726779,
      -1.3908901893717618
    ],
    [
      1.4020997757165303,
      0.6054210093159615,
      0.4789116705139741,
      2.0111017173809977,
      0.5482683713160522,
      -0.4544549732553548,
      1.4746229514422882,
      0.1262038024917536,
      -1.3528203461480937
    ],
    [
      1.3505643889435546,
      0.6684183030599559,
      1.297664541592456,
      1.7430292012605675,
      0.5039413039180588,
      -0.11955759052904814,
      1.929373782139961,
      0.053803810425467995,
      -1.4335944379367374
    ],
    [
      1.0759529550392894,
      0.6439881820698768,
      0.5701538230985718,
      1.77190749784931,
      0.5275386876806083,
      -0.1304646965626717,
      1.9313739034613655,
      0.0531509165785598,
      -1.39504977030029
    ],
    [
      1.086438271767475,
      0.6647752468702661,
      0.5039759783864748,
      1.8441489920160379,
      0.5170012386185339,
      0.7018257790485556,
      1.9285218841433824,
      0.061125994003510827,
      -1.3773453636888315
    ],
    [
      1.1378826565402496,
      0.6213630542948327,
      0.39706407911165675,
      2.022961078703087,
      0.5621514440498213,
      -0.12296925565694743,
      1.9058956905253448,
      0.0525705471185076,
      -1.7509657185222571
    ],
    [
      1.1171869816135143,
      0.6198322252447805,
      0.43464238676018113,
      1.8561074459736935,
      0.45645416746469947,
      -0.1415836275091832,
      1.9123523097497168,
      0.04221803707458765,
      -1.4128690842719736
    ],
    [
      1.2287432815862802,
      0.6851991899302,
      0.4529084243711829,
      1.844337017658913,
      0.4125184190423704,
      -0.15390350677599576,
      1.903954011541144,
      0.05676121105946362,
      -1.2611511024860464
    ],
    [
      1.1812584284029715,
      0.6223939509292444,
      -0.025583713345795234,
      2.14454495522417,
      0.5828850975174269,
      -0.12672702154698837,
      1.9009490663370696,
      0.05689212848853618,
      -1.3917014650667652
    ],
    [
      1.1490721335200078,
      0.6316902451482591,
      0.48091451829225407,
      1.966848569921993,
      0.6211064722438525,
      -0.13139951630995772,
      2.268800662187218,
      0.06564395868049475,
      -2.5617651085764317
    ],
    [
      1.1179414073972085,
      0.6422510398043617,
      1.0986282571400692,
      1.714020373942097,
      0.5363343200510919,
      -0.13768952766598475,
      1.772864912617561,
      0.07300716887204406,
      -1.3964563796952087
    ],
    [
      1.1244508752348776,
      0.5976598514698457,
      -0.40145739232581834,
      2.053385255746038,
      0.643357351959134,
      -0.1045591535485527,
      1.9969426059090094,
      0.05567834496445737,
      -1.5240218454055592
    ],
    [
      1.2102588377026984,
      0.6768355302328575,
      0.5089412899492887,
      1.9238075596831665,
      0.5451776663991049,
      -0.11558081246673246,
      2.1003722526405317,
      0.05315229765358872,
      -3.0
    ],
    [
      1.1531572696638266,
      0.5927892034762737,
      0.5075152432001148,
      1.919912322979323,
      0.5240942139012881,
      0.35068519866031894,
      1.8509881494998142,
      0.055980559745498745,
      -1.3744366828953123
    ],
    [
      1.0802480504525331,
      0.600446155748184,
      0.15402309266630354,
      1.9237850064024813,
      0.5679309886428073,
      -0.1285391025251474,
      1.929549167120495,
      0.06125730557236767,
      -1.3727866413082837
    ],
    [
      1.1011439924474664,
      0.6326019274373745,
      0.5682804520260174,
      1.8765590510883798,
      0.5527477593761047,
      -0.10100695886144856,
      1.8830967014287578,
      0.05971534723322356,
      -0.9637114338527834
    ],
    [
      1.0646928591429072,
      0.6400872832707527,
      0.4948261796264246,
      1.9119271664873614,
      0.595508493442208,
      0.7147256126162421,
      1.988508205829615,
      0.01,
      -1.434745018733326
    ],
    [
      1.0805455503192958,
      0.6246358224985639,
      0.5434961156808946,
      2.084283613263899,
      0.5948211194270928,
      -0.12831489552766312,
      2.0106759877914704,
      0.05911921764538567,
      -1.3714932295543567
    ],
    [
      1.0774877692261806,
      0.6212659316327225,
      0.4788365843068251,
      1.9167548926875608,
      0.5395007977354593,
      0.9390298715188565,
      1.9595517808888456,
      0.06524192775470651,
      -1.3499271744708754
    ],
    [
      1.072418482405508,
      0.6513612918207288,
      0.40101796763103603,
      1.7839698445932273,
      0.5186858761215544,
      -0.14495851819332206,
      1.8332733906812084,
      0.04904360089594105,
      -1.4340843826949432
    ],
    [
      1.2498458424911039,
      0.5631320332463619,
      0.5762879464611388,
      2.060180211083683,
      0.6328145053029558,
      -0.12878419785707654,
      2.104185815601479,
      0.04262837138444187,
      -1.4378875582934147
    ],
    [
      1.0954368525743903,
      0.6209563547087752,
      -0.7611506821912895,
      2.156995763098935,
      0.5196321854565353,
      -0.12173756868306866,
      1.79756588107867,
      0.053668027337293485,
      -1.3981072217054873
    ],
    [
      1.0872253737480326,
      0.6218812719312143,
      0.5402567876281145,
      2.0138572774865606,
      0.5801557941563638,
      -0.13095342729432188,
      1.9510575433273627,
      0.05586159124206317,
      -1.3855144504746768
    ],
    [
      1.1169112036137405,
      0.5846454154951075,
      0.3998781692550206,
      1.9092865156642622,
      0.5429561454168584,
      -0.12643780835142654,
      1.8789102293471909,
      0.05142286093612743,
      -1.4008807313502263
    ],
    [
      1.0239483700635652,
      0.6433860559027779,
      0.5610399244180524,
      1.6910689661545686,
      0.53784622675793,
      0.02476330286604686,
      1.9146031455546713,
      0.05006616395172162,
      -1.58871827768311
    ],
    [
      1.1358422487323623,
      0.6214126982506684,
      0.5015793818975707,
      1.7418668868898233,
      0.5031335040503246,
      -0.12875116906643644,
      1.6912199114039141,
      0.05449170331764841,
      -0.8681980399097426
    ],
    [
      1.0759529550392894,
      0.6439881820698768,
      0.5701538230985718,
      1.8830451303471791,
      0.5346799423972256,
      -0.1304646965626717,
      1.9313739034613655,
      0.09506949387928348,
      -1.39504977030029
    ],
    [
      1.0351932723482276,
      0.6417853073466432,
      0.44516973147838024,
      1.9469089066799568,
      0.5359805595453894,
      -0.12889873122313716,
      1.8753556075058841,
      0.05321616665211724,
      -1.3962434718959114
    ],
    [
      1.4358246178549623,
      0.6021431030323349,
      0.4869473596259817,
      1.6449827275930868,
      0.5453965660035929,
      -0.1277963644824388,
      1.7481650755920914,
      0.10171645524783261,
