{
  "gen": 9,
  "min": Infinity,
  "avg": Infinity,
  "best_params": [
    1.1861663446573514,
    0.951207163345817,
    1.3919636508684308,
    1.8361096041714062,
    0.16445845403801215,
    -2.0640328779827843,
    0.2684424752877784,
    0.8675143843171859,
    0.606690070459253
  ],
  "pop_params": [
    [
      1.1861663446573514,
      0.951207163345817,
      1.3919636508684308,
      1.8361096041714062,
      0.16445845403801215,
      -2.0640328779827843,
      0.2684424752877784,
      0.8675143843171859,
      0.606690070459253
    ],
    [
      2.153410475608532,
      0.03037864935284442,
      2.819459112971966,
      2.514083658321223,
      0.2202157195714934,
      -1.9090501967573963,
      0.631873078574958,
      0.31119982052994233,
      0.14853858979342682
    ],
    [
      1.3526405540621358,
      0.2983168487960615,
      0.6711173683342766,
      0.5045321958909214,
      0.29922320204986597,
      -0.8018289402378498,
      1.4226029542294043,
      0.7873242017790835,
      -1.8019573070498416
    ],
    [
      1.796546478688821,
      0.41669997939043735,
      0.5656660842847827,
      0.9463097297642666,
      0.41517421637355306,
      0.5086710381174866,
      1.3907011223696752,
      0.6466063954819228,
      -0.6008458432304906
    ],
    [
      1.7052161880283245,
      0.5193220303424357,
      -2.0118954336084967,
      1.2374526007112212,
      0.517298393828209,
      -0.11539869460650279,
      0.9753165779238334,
      0.3911331703040234,
      0.1298774032390796
    ],
    [
      1.652085448388319,
      0.1640495409986221,
      0.34547650481728087,
      1.756420458897849,
      0.3543572856505607,
      -0.8263806559220358,
      0.7418723451840069,
      0.3044211139294073,
      -0.6882856766205645
    ],
    [
      1.7520612309591745,
      0.40596020721495546,
      -1.3119085884534936,
      1.1699325158161253,
      0.4501975981236538,
      0.7337640277014983,
      1.1984895860660507,
      0.30004805609183655,
      0.7849414125648904
    ],
    [
      1.6373330225982063,
      0.4909476860855415,
      1.0416564273840154,
      1.638378106686763,
      0.39906536562483363,
      -0.9864530106389282,
      0.7505492838839338,
      0.8013443955887763,
      1.451858572809123
    ],
    [
      1.7673614093034322,
      0.5479901090962321,
      -1.0223870478930372,
      1.2577012562333285,
      0.34178711291028047,
      0.6635425897771562,
      1.2485153258337531,
      0.5691014317342175,
      1.528667630595528
    ],
    [
      1.4850147319417217,
      0.6683212990993349,
      0.16006665899935402,
      0.786628063471413,
      0.2848285988020667,
      -0.43934837770627766,
      0.9715454939144067,
      0.3383630245493957,
      1.5784927439556269
    ],
    [
      1.4825761881168877,
      0.34956539430301725,
      0.44825157899230367,
      1.2821981761837025,
      0.17841917825056933,
      -2.1947742586623167,
      0.935841327470893,
      0.5969765247203549,
      -1.065078879889092
    ],
    [
      2.255542313388226,
      0.5324656777232888,
      -0.09914032251042865,
      1.560544056390158,
      0.4162934107489884,
      -0.9429733577009962,
      0.49006959691664953,
      0.45497814737752446,
      -1.2106466505530729
    ],
    [
      1.8350912902660599,
      0.38393956409583246,
      0.26658823112359475,
      0.7638920184239502,
      0.38927631841296817,
      0.12956792418003982,
      1.0854549832977245,
      0.5927291738075082,
      1.0490949484484262
    ],
    [
      1.6857871019457729,
      0.4752427358209401,
      -0.46248448187808683,
      1.5952271936032212,
      0.4268050301868989,
      -1.1556354145765646,
      0.8988132697310559,
      0.335088358230483,
      -0.3250972950543789
    ],
    [
      1.501183445315367,
      0.3614899371444057,
      -0.385965570817294,
      1.262525173478373,
      0.41936004856940295,
      1.807496254095828,
      1.1994937501224208,
      0.4166644130235354,
      0.7394692362471023
    ],
    [
      1.6370698143221636,
      0.5311132727738317,
      -0.8303583246252736,
      1.362333569712843,
      0.3443038118842496,
      1.236952943486004,
      1.211226320835326,
      0.36695539094331664,
      1.45521994118052
    ],
    [
      1.6287375580869443,
      0.15482048771821383,
      0.05137856390726592,
      1.1270500041337417,
      0.36225288145665857,
      0.3817309784280767,
      0.5908332741021606,
      0.2887908496395026,
      0.7922536752230023
    ],
    [
      2.2993787871819693,
      0.5054472149445987,
      -0.19539406838340678,
      1.1075564467207075,
      0.39862669873531903,
      -1.205591913058499,
      0.45348893160824577,
      0.43546480351562017,
      -0.8013318796385671
    ],
    [
      2.721725418496037,
      0.29500975627733406,
      -0.38133031813447626,
      1.2762966648942433,
      0.35590130089577665,
      1.0653378822046193,
      1.216682894550423,
      0.4554047768659372,
      0.1712867980857662
    ],
    [
      1.7196660356131621,
      0.39332298272902555,
      -0.522353639317722,
      1.597423854046187,
      0.41731316026259646,
      1.1834861446127158,
      1.3374043187301083,
      0.33501854947047044,
      0.8084557477425673
    ],
    [
      1.6727814817843256,
      0.6837527551970947,
      -0.5008696134810358,
      1.3518691431265724,
      0.5515445947502997,
      0.11873094269117583,
      1.3185675999889408,
      0.23373726189656036,
      1.2110149903984162
    ],
    [
      1.4070985499656428,
      0.6571632462443666,
      1.440725621387469,
      1.4274298683818516,
      0.4709035580443461,
      0.1162108938330657,
      0.8234901269513107,
      0.41270846001946193,
      -0.36362340796022047
    ],
    [
      1.719195087188979,
      0.4265898510668444,
      -0.28714372706373803,
      1.1959536165167477,
      0.4252974202563455,
      1.9304568581361548,
      1.1168867808171568,
      0.35443214655076927,
      0.19983509965825208
    ],
    [
      1.6251615160614414,
      0.3798475161765833,
      -0.1968054074081507,
      1.2440195230046918,
      0.3981793925222976,
      1.1999113477478331,
      0.7384454038574717,
      0.5157829239573779,
      1.2938706524962684
    ],
    [
      1.5448871684244447,
      0.623623825351252,
      -0.47509567394371566,
      1.2065609229769265,
      0.2898000395274611,
      0.26105572733605253,
      0.8896989184824354,
      0.3556891169453681,
      -0.483685310679905
    ],
    [
      2.1146696675559937,
      0.4563161400714627,
      -0.6669813372020146,
      1.2797743715213818,
      0.4457530922287013,
      -1.4025745427214187,
      0.5184506843666115,
      0.5771763103455965,
      1.5456673331723305
    ],
    [
      1.6806237943676867,
      0.4421475780177931,
      -0.6762223205867964,
      1.7368465079620237,
      0.43741828485840123,
      1.6515256274391978,
      0.9715208859124913,
      0.2201051200653148,
      0.8830736910895762
    ],
    [
      1.749082977376874,
      0.5211112108241337,
      0.2091722091644851,
      1.0329250724746393,
      0.4394426432690385,
      -0.2974419290590158,
      0.7493940091418027,
      0.4024993556236155,
      -0.3513264525006384
    ],
    [
      1.8415832886823542,
      0.4554622509695944,
      1.1632342189689082,
      1.2218783013095826,
      0.3654590833538951,
      0.6794178076759441,
      0.5909379751938397,
      0.4192604329031549,
      -0.5346612690971093
    ],
    [
      1.8535097133628564,
      0.2169133907114006,
      -0.6605707206548803,
      1.117431328425482,
      0.3417382129535131,
      2.64454703628133,
      0.9262574633434454,
      0.2388411696001226,
      -1.237366279316281
    ],
    [
      2.054772059799717,
      0.47352220115674865,
      1.2774144515614785,
      0.9894315439715846,
      0.41487033138848306,
      -1.960833731777366,
      0.7339305182615344,
      0.4193355020145916,
      0.2419350542280978
    ],
    [
