{
  "gen": 8,
  "min": 0.12834158831012327,
  "avg": 0.6855155094574968,
  "best_params": [
    0.6820639391214658,
    0.0985615049303484,
    -0.27176999259380474,
    2.6506127308378296,
    0.38609691775374677,
    -0.4442881587348433,
    0.675949714812975,
    0.5135787784417756,
    0.2728224701771546
  ],
  "pop_params": [
    [
      0.6820639391214658,
      0.0985615049303484,
      -0.27176999259380474,
      2.6506127308378296,
      0.38609691775374677,
      -0.4442881587348433,
      0.675949714812975,
      0.5135787784417756,
      0.2728224701771546
    ],
    [
      0.6820639391214658,
      0.0985615049303484,
      -0.27176999259380474,
      2.6506127308378296,
      0.38609691775374677,
      -0.4442881587348433,
      0.675949714812975,
      0.5135787784417756,
      0.2728224701771546
    ],
    [
      0.5813419557534529,
      0.05190423167216716,
      -0.6437113122367628,
      2.773768922609804,
      0.5521726742625115,
      -0.3825258487699461,
      0.8861162376375568,
      0.5294929373599931,
      -0.001837982859181908
    ],
    [
      0.5813419557534529,
      0.05190423167216716,
      -0.6226467583326141,
      2.596900474237953,
      0.634402724894153,
      -0.34648807377304747,
      0.7611692924503993,
      0.5294929373599931,
      -0.001837982859181908
    ],
    [
      0.6194325382204754,
      0.04696071560024681,
      -0.2805560035403997,
      2.7442166043853753,
      0.6038299249661218,
      -0.4157281136032954,
      0.7572525740818304,
      0.5285939864080473,
      0.21311178846950884
    ],
    [
      0.6919345337214974,
      0.5946802628344203,
      1.5157271290886478,
      1.7477694332449096,
      0.7433370339240084,
      0.3493468328353667,
      1.4343713848903912,
      0.36796962677870204,
      -0.5613451140458208
    ],
    [
      0.5813419557534529,
      0.05190423167216716,
      -0.6437113122367628,
      2.773768922609804,
      0.5521726742625115,
      -0.3825258487699461,
      0.8861162376375568,
      0.5294929373599931,
      -0.001837982859181908
    ],
    [
      0.6820639391214658,
      0.0985615049303484,
      -1.2449710289484188,
      2.6506127308378296,
      0.38609691775374677,
      -1.7811438989292354,
      0.675949714812975,
      0.5135787784417756,
      0.2728224701771546
    ],
    [
      0.632532379684902,
      0.07905102252552865,
      -0.15307744168972237,
      2.76237161300993,
      0.5204723292956145,
      -0.4171596644694344,
      0.6518974511817146,
      0.5122694962352905,
      1.1254975479280882
    ],
    [
      0.5188287481650635,
      0.05190423167216716,
      -0.6437113122367628,
      2.9468105711024912,
      0.63382867484691,
      -0.3825258487699461,
      0.8861162376375568,
      0.5484742984856832,
      0.659119103869214
    ],
    [
      0.5954642179875631,
      0.1634867458036392,
      -0.5990917314936326,
      2.407406705078177,
      0.6295569529346793,
      -0.49759362535133156,
      1.8400384284956999,
      0.5297954882305312,
      -0.8199422546065036
    ],
    [
      1.3782899641400128,
      0.14300478293345079,
      -0.07726926728214967,
      2.3138620480498435,
      0.677048431901187,
      -0.250591418052172,
      0.9341131416688622,
      0.5315830988793121,
      0.17723706061423528
    ],
    [
      0.6341422986813788,
      0.026294265711443787,
      -0.6437113122367628,
      2.7514437798734246,
      0.6487361137970634,
      -0.3825258487699461,
      0.8861162376375568,
      0.5294929373599931,
      0.7582872087095693
    ],
    [
      0.9906532890131102,
      0.3595779569269888,
      0.11094741932116214,
      1.529636129684972,
      0.8191486454792699,
      -0.3522292485642406,
      1.032029452138063,
      0.61570561933577,
      -0.4151721184480705
    ],
    [
      0.9912844770301552,
      0.29144589242162444,
      -0.6432945326323476,
      2.582638968462488,
      0.726330176488116,
      -0.3400418229478967,
      0.9282848830108369,
      0.5431287112754686,
      -0.0005171144080944254
    ],
    [
      0.5921476706482645,
      0.5774425682275722,
      1.1771416766765554,
      1.9415295074994932,
      0.6882295835858634,
      -0.36843061716700265,
      1.4191065036609465,
      0.4350220378823963,
      0.0786021811273484
    ],
    [
      0.9913104832881532,
      0.20136860814035965,
      -1.0311953091523491,
      2.397828294433245,
      0.6358930087529046,
      -0.5777464518142917,
      0.9412230692487998,
      0.5296234768526726,
      -0.10984694432755711
    ],
    [
      0.5876350242643608,
      0.05212660212206518,
      -0.64267763643047,
      2.517600165321434,
      0.6325195760014104,
      -0.4121088324085096,
      1.8005815967423915,
      0.5297262007884128,
      -0.15978500837501264
    ],
    [
      0.5756117831097304,
      0.03040194564942806,
      -0.5559948109303621,
      2.631863302311108,
      0.7864219150269094,
      -0.3789098889746555,
      1.2084073926390166,
      0.543184848133313,
      -0.04969039583655656
    ],
    [
      0.3889054442247071,
      0.1150985853718614,
      0.6404442176421745,
      1.957860238778486,
      0.6741902672875092,
      -0.13941854595356823,
      1.4994701807499742,
      0.42941623071737434,
      -0.22304864838562
    ],
    [
      0.7067313357725274,
      0.6519086933284729,
      2.9120587423448123,
      2.473939686746594,
      0.3853668397405222,
      -0.4006830217745938,
      0.7099792709139989,
      0.5499574966029097,
      -0.9547091784443207
    ],
    [
      0.5813419557534529,
      0.05190423167216716,
      0.0647951612649934,
      2.8174403877312373,
      0.5698865067270644,
      -0.5531016930986015,
      0.8861162376375568,
      0.5294929373599931,
      -0.001837982859181908
    ],
    [
      0.7313311128134353,
      0.6182601289535087,
      3.0,
      2.356498883856365,
      0.401816308804247,
      0.3200812249589909,
      1.5998402574435093,
      0.5794006889210814,
      0.36128255067883486
    ],
    [
      0.709929342694807,
      0.04036893430951607,
      -0.6353098399474013,
      2.6722288373362995,
      0.5751525143656748,
      -0.3659834444229504,
      2.0117783617007023,
      0.5294635987664209,
      -0.5634860762846086
    ],
    [
      0.9289692946820933,
      0.2224486134905884,
      0.01695715146762894,
      2.6291204283029628,
      0.39137277992302866,
      -0.45841778437120184,
      1.2661563205408441,
      0.5328774281217284,
      -0.4570848143288847
    ],
    [
      0.5813419557534529,
      0.05190423167216716,
      -0.630832852161151,
      2.704544665055057,
      0.6348096940607267,
      -0.3825258487699461,
      0.8351409020290455,
      0.5294929373599931,
      -0.001837982859181908
    ],
    [
      1.0297661579115907,
      0.3520063989486494,
      -0.6987819906589335,
      2.355357086679327,
      0.8125618587143567,
      -0.22427156453739783,
      1.0914947879111803,
      0.7629576146275486,
      -0.03337012237628689
    ],
    [
      0.5768479632263876,
      0.09529124967520713,
      -0.3805996061117064,
      2.6953998436554927,
      0.6575869219819624,
      -0.40584324928653426,
      0.6460108566152881,
      0.5312546612961357,
      0.19125506791160132
    ],
    [
      0.6919345337214974,
      0.5946802628344203,
      1.5157271290886478,
      1.7477694332449096,
      0.7433370339240084,
      0.3493468328353667,
      1.4176622549655475,
      0.42695914788550177,
      -0.5613451140458208
    ],
    [
      0.5692028515753171,
      0.05190423167216716,
      -0.6206535541384606,
      2.538902038616833,
      0.5624330866584853,
      -0.3825258487699461,
      0.846975012531763,
      0.5294929373599931,
      -0.001837982859181908
    ],
    [
      1.1783330416948474,
      0.11750050535400847,
      -0.4328001048654742,
      2.4480485347785996,
      0.6662369618762509,
      -0.23430777388343865,
      0.6687417959671548,
