{
  "gen": 3,
  "min": 0.21886633237069827,
  "avg": 1.7282792899502573,
  "best_params": [
    0.5813419557534529,
    0.05190423167216716,
    -0.6437113122367628,
    2.5573290801106734,
    0.6481889558285893,
    -0.3825258487699461,
    0.8861162376375568,
    0.5294929373599931,
    -0.001837982859181908
  ],
  "pop_params": [
    [
      0.5813419557534529,
      0.05190423167216716,
      -0.6437113122367628,
      2.5573290801106734,
      0.6481889558285893,
      -0.3825258487699461,
      0.8861162376375568,
      0.5294929373599931,
      -0.001837982859181908
    ],
    [
      0.44742428022089664,
      0.6989292067143925,
      2.646240534289485,
      2.4989377995150717,
      0.7729803724875325,
      -0.16882306867187905,
      1.3787671883218926,
      0.4511439475333788,
      0.0022926279015456075
    ],
    [
      1.7647919768697085,
      0.4501274617875374,
      -0.0660719557176278,
      1.150201162290216,
      0.7695250357718995,
      0.3720535574816357,
      1.290187141412258,
      0.8711157378353495,
      -2.1938165752934395
    ],
    [
      2.039522991613144,
      0.5730648027547972,
      -0.39875478966885514,
      2.0708637927483,
      0.5461243574603983,
      -0.7592584945888784,
      2.268447406977502,
      0.6321002194365509,
      0.46057127093426375
    ],
    [
      0.6883120103025577,
      0.9896666364739789,
      0.09896564522536733,
      2.542813666826537,
      0.6590913991548225,
      -1.693544678552927,
      0.8331645853574028,
      0.6437057960219951,
      -1.1342816962168385
    ],
    [
      1.8068436859740329,
      0.5753257443161973,
      -0.9676462377787255,
      1.5918450012789531,
      0.8906597715806102,
      1.2558023113347083,
      1.3702300149300954,
      0.7335339284200039,
      -1.7922089104221897
    ],
    [
      1.4643290952822414,
      0.6803406812519821,
      0.17413001156868235,
      1.7312437743295237,
      0.7845328181065898,
      0.24956008258406986,
      1.6339294429013451,
      0.635672815683908,
      -2.680544584039268
    ],
    [
      1.793853165030442,
      0.10623679892072217,
      -2.155266093736923,
      1.4927889451843488,
      0.5191249935173158,
      -0.47955743578972654,
      1.5082423497738855,
      0.9396041891213543,
      0.005069495355454645
    ],
    [
      1.3685059712107395,
      0.7727612963530275,
      -0.7223017428608872,
      2.014814583409985,
      0.5649869849248256,
      -1.8147351398358735,
      1.2533733475011655,
      0.539189682946682,
      -1.8088153903341793
    ],
    [
      1.1919263301186709,
      0.6873100748913532,
      -2.001820763384307,
      1.9610517263385323,
      0.358081622057075,
      -0.27561972556307973,
      1.8818295995178609,
      0.901987118122074,
      -1.4713408377632144
    ],
    [
      1.1650992064437788,
      0.5745983874216821,
      -0.48195801444620295,
      2.0913167652403377,
      0.5694844471086224,
      -0.7601724246567003,
      0.9665550332686824,
      0.2650864169936359,
      -1.782267928598128
    ],
    [
      1.7552479153270706,
      0.6951510851789555,
      0.26473040209591847,
      1.7056865569212067,
      0.759305467688817,
      0.49418363701794343,
      1.2993336857059457,
      0.47178663537618526,
      -2.237634406502198
    ],
    [
      1.7199575478814675,
      0.6396870806741033,
      -1.9656465705661084,
      1.966290131814261,
      0.5966545002892666,
      -0.5879892684926982,
      1.5145204598526756,
      0.7087940799027881,
      -0.026421538660972743
    ],
    [
      1.7536353573595977,
      0.5832736487847759,
      -0.13140919845046495,
      1.294512538534088,
      0.988156203374871,
      0.20627810501858201,
      1.1579648742499054,
      0.5434363480739299,
      -0.40339342119305277
    ],
    [
      1.65567045950319,
      0.7915278867644001,
      3.0,
      1.810165883918286,
      0.4567447383679422,
      -1.62507279563456,
      0.90100887066799,
      0.35825418177758034,
      -2.953858659635261
    ],
    [
      1.4836732060351059,
      0.6349661879173761,
      0.225474907003554,
      2.390486453570728,
      0.6297428433177341,
      -0.43226598934528226,
      2.3065666852629203,
      0.45929773009088937,
      0.3335913122115022
    ],
    [
      2.2585069402376576,
      0.5011955367095446,
      -2.488111927898291,
      2.31890891182846,
      0.833559392195282,
      -0.7082630781046995,
      1.06302996016118,
      0.5103317185818833,
      -3.0
    ],
    [
      1.9765190868429838,
      0.6667677601225626,
      0.21806629162652014,
      1.8017439830589135,
      0.7708425366281587,
      0.16744513765044,
      2.1239157411559586,
      0.6302198197564708,
      -3.0
    ],
    [
      1.8681524402109166,
      0.6857098956269796,
      0.2893482756275556,
      2.636617645291458,
      0.409531126761383,
      0.6354462264207645,
      1.8663453260259941,
      0.44557338761041243,
      -2.611119050623829
    ],
    [
      2.1226827462215523,
      0.5908807365831286,
      0.20731976472817298,
      1.3120254043775237,
      0.8733370290787903,
      -0.01721611311894211,
      1.5068049476185654,
      0.6616475099002621,
      -1.4797908803619753
    ],
    [
      2.318680603705567,
      0.6656702613702561,
      -0.4153950577821752,
      1.826667164572013,
      0.6652294329746486,
      -0.7254498875530235,
      1.1336876325449532,
      0.25299572551378224,
      -2.6365526472188447
    ],
    [
      2.2881936941858996,
      0.7326565305087727,
      0.2532728822497467,
      1.7148341222974306,
      0.5178468030860671,
      -0.6939527706093553,
      1.2860513824779023,
      0.338968814302146,
      -2.772590042879567
    ],
    [
      1.3405539699382814,
      0.6689385431579141,
      1.6546524694792628,
      1.7445160461748435,
      0.5848740403080679,
      -0.0861874687824919,
      1.2445838797089177,
      0.48036054213999935,
      -2.400469910925547
    ],
    [
      1.7772122343687236,
      0.5739876006959402,
      0.4673292328150881,
      1.6383814273211712,
      0.7517392163971294,
      0.4608505505575704,
      1.4898095161180946,
      0.7777161439946204,
      -1.912325910676948
    ],
    [
      1.1831278275134682,
      0.6547113779113031,
      1.9780256822548778,
      1.5694962989672223,
      0.961507803806172,
      -0.510923410044668,
      2.3642191088344884,
      0.8022672488089431,
      -0.7591023926374239
    ],
    [
      1.154381117951135,
      0.01,
      1.6774001827613245,
      0.9608105511548927,
      0.7134972443338438,
      -0.22620494665546287,
      1.3389678548311936,
      0.485862710149162,
      -0.2054631774739657
    ],
    [
      1.7799980575247123,
      0.571439184776815,
      -0.3916984241720418,
      1.1353844750540147,
      0.6037912062552216,
      -0.9277430093190917,
      1.7033426062650519,
      0.7105434885456583,
      -1.5136711428164533
    ],
    [
      0.6717180181924919,
      0.3857211935551102,
      0.6064828224120247,
      2.659568069363534,
      0.2745499845196053,
      -0.8991693681831567,
      0.8764776711905047,
      0.642021720367374,
      0.273747191781302
    ],
    [
      1.7477081452404242,
      0.610060090918925,
      -0.796018669355411,
      1.09430689375548,
      0.545802858093706,
      -0.5735587359428258,
      2.010233424649221,
      0.7310904188899284,
      -1.4114504045136296
    ],
    [
      1.7324520754896682,
      0.6712242299986337,
      -0.2624934759453399,
      1.6915986020024454,
      0.7698033239227698,
      0.48755613642222373,
      1.724717772189226,
      0.5685946643873553,
      -1.337580827551664
    ],
    [
      1.9652845773723473,
      0.7863163946923164,
      -1.0417695566207585,
      1.444589048992096,
      0.5692456522182566,
      -1.3671105202276959,
      1.5118892144655687,
      0.636166653586998,
      -1.3358113516266417
    ],
    [
      0.9236015811496339,
      0.015834618674648505,
