{
  "gen": 17,
  "min": 0.006072480871515445,
  "avg": 0.5235160384118432,
  "best_params": [
    1.0988284178742098,
    0.6442935933205081,
    0.5609453707624811,
    1.6662912632950915,
    0.5352047811261503,
    -0.004447063463544149,
    1.9699682963246032,
    0.05116943185479345,
    -1.3395546741008544
  ],
  "pop_params": [
    [
      1.0988284178742098,
      0.6442935933205081,
      0.5609453707624811,
      1.6662912632950915,
      0.5352047811261503,
      -0.004447063463544149,
      1.9699682963246032,
      0.05116943185479345,
      -1.3395546741008544
    ],
    [
      1.1538062402156963,
      0.6455329830489468,
      0.4957914141649524,
      1.9886345798745104,
      0.541398710948523,
      -0.13116461654612815,
      2.091158225635428,
      0.05198093210402505,
      -1.380262038184962
    ],
    [
      1.1284204684069796,
      0.6485546010786333,
      0.5214005188586706,
      1.8066112452829204,
      0.5070016775899552,
      -0.10449140089380302,
      1.9150056055248632,
      0.05297344964911023,
      -1.3810103316448656
    ],
    [
      1.1372928313946773,
      0.589255907495937,
      0.4685016583900975,
      1.7316232220947274,
      0.5496446395919726,
      -0.32222697082533835,
      1.8662220604160904,
      0.06104152678446444,
      -1.3451499623578025
    ],
    [
      1.2425520284966498,
      0.6790588190535579,
      0.5613342550925808,
      1.7546373746742858,
      0.5365034583570121,
      -0.040560449070080905,
      1.927664484327149,
      0.050049942966235376,
      -1.9193332568968335
    ],
    [
      1.1378092011742786,
      0.6523827383293189,
      0.5202066340582244,
      1.817901753547431,
      0.47452010666052835,
      -0.1312730697335199,
      1.83500038756634,
      0.04674033005715283,
      -1.3754192682910396
    ],
    [
      0.962696170874456,
      0.6021037835564235,
      0.8033571848225536,
      1.7911207221152894,
      0.5431208566060142,
      -0.1305492155352061,
      1.9348283503579484,
      0.07124595264492511,
      -1.3640604682068032
    ],
    [
      1.1438560682596721,
      0.6452689406071275,
      0.5343486422149089,
      1.9842537611911544,
      0.5740549159695228,
      -0.13096683191765543,
      2.0152418395365688,
      0.01,
      -1.3775834128576505
    ],
    [
      1.0988284178742098,
      0.5950945073263261,
      1.9444412782082527,
      1.6662912632950915,
      0.5293262634432786,
      -0.004447063463544149,
      1.9699682963246032,
      0.05116943185479345,
      -1.3395546741008544
    ],
    [
      1.164788196709546,
      0.6078110081039945,
      0.4843655763380643,
      2.0758887057334756,
      0.6361166345495729,
      2.149838232938257,
      1.8517945223821963,
      0.054171624664018925,
      -1.3901556531646877
    ],
    [
      1.1481822524798653,
      0.6625026099611099,
      0.42882719109265177,
      1.9377705945558064,
      0.4714454543790296,
      -0.14014496741182417,
      2.2344981248498765,
      0.04883370884564559,
      -1.394842492917133
    ],
    [
      1.2362629824766942,
      0.6295557560458201,
      0.42602815448535813,
      1.9401260309058452,
      0.5864218734326954,
      -0.1286890561005252,
      2.113298446336873,
      0.05548508622811446,
      -1.3750186547762762
    ],
    [
      1.1284204684069796,
      0.6485546010786333,
      0.5214005188586706,
      1.8066112452829204,
      0.5070016775899552,
      -1.7097004241990241,
      1.9150056055248632,
      0.05297344964911023,
      -1.3810103316448656
    ],
    [
      1.13435127046549,
      0.6515548636087054,
      0.4289064242487881,
      1.86297852112742,
      0.4858192760573884,
      -0.14302253732231276,
      2.0012962349952934,
      0.07927676012736307,
      -1.309087205957515
    ],
    [
      1.1984250220389936,
      0.6453484332171736,
      0.5496952170246643,
      1.824170465311206,
      0.542230024647812,
      0.09622750892426321,
      1.9188763442208476,
      0.05138726164549798,
      -1.3524879835018768
    ],
    [
      1.2377676635712354,
      0.5953228847136725,
      0.5271318159695055,
      2.1306237668934274,
      0.5306645119465996,
      -0.13120993878911089,
      1.98407669192223,
      0.01,
      -1.3807299059187808
    ],
    [
      1.2376585202826906,
      0.5964422673309592,
      0.5693984144604007,
      1.9104278521867528,
      0.5669143597450319,
      -0.13072742479727575,
      2.03454133190625,
      0.050574586103227716,
      -1.2743439807489043
    ],
    [
      0.9437607823724843,
      0.6471442557097155,
      0.5826067672205848,
      1.7917944346103842,
      0.5376951074281774,
      -0.9311826235179678,
      1.8149082711083258,
      0.093478368987999,
      -1.3532693462260539
    ],
    [
      1.0970082523456068,
      0.6449901112861858,
      0.4929457850900914,
      1.9788547190717887,
      0.5586507891822419,
      -0.10979815689736822,
      1.8669779428489348,
      0.0527204923973329,
      -1.4958411690499192
    ],
    [
      1.1439958954130458,
      0.616957856015338,
      0.48831635766400805,
      1.9976797409114315,
      0.5327178024087239,
      -0.13141415191015987,
      2.120471940625512,
      0.05192037316022123,
      -1.3790026438615202
    ],
    [
      1.1457186997678779,
      0.628115304521812,
      0.5246574928586942,
      1.9137983938554455,
      0.538237236907913,
      -0.044987526632381314,
      1.9414990985588991,
      0.05056535413107395,
      -1.8267337668226717
    ],
    [
      1.1933518883076204,
      0.6171234706475099,
      0.5104797505913661,
      1.8356682137734657,
      0.5318424438957561,
      -0.12713528806903976,
      2.0140177831440615,
      0.0520959669448704,
      -1.3731734133158238
    ],
    [
      1.1592524515853286,
      0.635834122528663,
      0.5099492603757101,
      1.981606311908864,
      0.5723543904608956,
      -0.13046978712675297,
      2.014375087432304,
      0.01,
      -1.3685656870518716
    ],
    [
      1.0922257268574005,
      0.6132764988370298,
      0.5561356519582928,
      1.6813639145258363,
      0.6299142885656391,
      0.1051044262249208,
      1.9161670176584171,
      0.05093786630928689,
      -1.3576663443320303
    ],
    [
      1.1438560682596721,
      0.6452689406071275,
      0.5343486422149089,
      2.1651127905375325,
      0.5740549159695228,
      -0.13096683191765543,
      2.034888088522499,
      0.0526136481479666,
      -1.3775834128576505
    ],
    [
      1.0895253916403227,
      0.6668413457949361,
      0.45620808297043236,
      2.091294044297575,
      0.5309315437978651,
      -0.1330179964291582,
      1.9775236978809143,
      0.045027443103830236,
      -1.3342597535472027
    ],
    [
      1.1348613026757781,
      0.61097058773655,
      0.5573572767997703,
      1.758984519997913,
      0.5379648422746309,
      -0.13288902629267277,
      1.8996756748374355,
      0.1252137404661126,
      -1.323681079072604
    ],
    [
      1.1209439542585424,
      0.6409400449730418,
      0.4829350679620321,
      1.8387253756429687,
      0.47201463040029784,
      -0.1555653981905895,
      1.9163510011383444,
      0.05623603992466019,
      -1.2753081437905422
    ],
    [
      1.080777130440034,
      0.6354687017209264,
      0.5730789892832866,
      2.2052222752429436,
      0.5290265184937514,
      -0.12803274088065575,
      1.9186823075837374,
      0.09266411592302845,
      -1.3838374282224726
    ],
    [
      1.1402458636440265,
      0.6519798500349903,
      0.5317443428741605,
      1.8373634826522278,
      0.6055303435373642,
      -0.1353566924670313,
      1.941678711616456,
      0.053411468968903385,
      -1.7396992194499732
    ],
    [
      1.196852238790113,
      0.5963631826516314,
      1.4065285569492945,
      1.9428328014952725,
      0.6022964944259883,
      -0.13123241823097048,
      1.865423197365991,
      0.07246095106195836,
      -1.4022555591433714
    ],
