{
  "gen": 9,
  "min": 0.12834158831012327,
  "avg": 0.7959051335979076,
  "best_params": [
    0.6820639391214658,
    0.0985615049303484,
    -0.27176999259380474,
    2.6506127308378296,
    0.38609691775374677,
    -0.4442881587348433,
    0.675949714812975,
    0.5135787784417756,
    0.2728224701771546
  ],
  "pop_params": [
    [
      0.6820639391214658,
      0.0985615049303484,
      -0.27176999259380474,
      2.6506127308378296,
      0.38609691775374677,
      -0.4442881587348433,
      0.675949714812975,
      0.5135787784417756,
      0.2728224701771546
    ],
    [
      0.6820639391214658,
      0.0985615049303484,
      -0.27176999259380474,
      2.6506127308378296,
      0.38609691775374677,
      -0.4442881587348433,
      0.675949714812975,
      0.5135787784417756,
      0.2728224701771546
    ],
    [
      0.5813419557534529,
      0.05190423167216716,
      -0.6437113122367628,
      2.773768922609804,
      0.5521726742625115,
      -0.3825258487699461,
      0.8861162376375568,
      0.5294929373599931,
      -0.001837982859181908
    ],
    [
      0.5076793540114204,
      0.08478517902136758,
      -0.6860253734535645,
      2.7725081022167566,
      0.3061990444979585,
      -0.38954283916516125,
      0.8998987568851211,
      0.546473384439273,
      0.586629068475643
    ],
    [
      0.691777915216298,
      0.09540153688117836,
      -0.30222308438026924,
      2.7153408613709127,
      0.4381535431630931,
      -1.111936173498786,
      0.808344981086585,
      0.5202641308354525,
      -0.008876988017512001
    ],
    [
      0.7826065517303709,
      0.104014958777059,
      -0.25721153814238285,
      2.5769522278004984,
      0.5858941056983659,
      -0.39788164099251133,
      0.8243039181663175,
      0.5124743820216128,
      0.24346215464387472
    ],
    [
      0.7271420201417612,
      0.07389391456598109,
      -0.6451612559016979,
      1.926709363211674,
      0.6725233524215242,
      -0.3792905045967565,
      0.889216150564825,
      0.5339170128788625,
      -0.2945953890912823
    ],
    [
      0.9285435798890048,
      0.10151913402704135,
      -0.6473314429681108,
      2.554919359456358,
      0.6753197949048835,
      -0.35935583966009177,
      1.0746917221416554,
      0.5296379309122866,
      -0.0029223794646901094
    ],
    [
      0.7316155693266525,
      0.27227904695969507,
      0.7146517979717453,
      2.3146403352389853,
      0.3707789756611425,
      -1.6366681812686543,
      1.2151253815454996,
      0.4808357089465419,
      -0.6250309328948106
    ],
    [
      0.699177681910189,
      0.03981078415821265,
      -0.4568392421711803,
      2.6674146972332715,
      0.5034536421660871,
      -0.3704457715973975,
      2.0460837629730304,
      0.513797609538245,
      -0.13565788018153913
    ],
    [
      0.6339640160105328,
      0.4085657013184998,
      -0.44568988110450714,
      1.820597693253976,
      0.6247031535503155,
      -1.7979058393703549,
      1.2102949825523213,
      0.5321479196756213,
      -0.1712475247943404
    ],
    [
      0.7929655553307451,
      0.14629829891579238,
      -0.6177390551705637,
      2.6957138305590487,
      0.5216870202022784,
      -0.4410853467140322,
      1.3084746867371253,
      0.5312629744713492,
      -0.13614497228555772
    ],
    [
      0.6820639391214658,
      0.0985615049303484,
      -0.27176999259380474,
      2.6506127308378296,
      0.39061869054251863,
      -0.3690879078980227,
      0.5737640916493969,
      0.5135787784417756,
      0.2728224701771546
    ],
    [
      0.6415777627767419,
      0.04901340895873383,
      -0.639866604404496,
      2.5093724927070378,
      0.6764732112868601,
      -0.3728332242617703,
      1.2084593012361,
      0.5294706259777064,
      -0.4077945491118506
    ],
    [
      0.6734360382429601,
      0.5959682391605794,
      0.33238080378175805,
      2.7234648218439963,
      0.5565750428280474,
      -0.3387069112948725,
      1.0132160234506022,
      0.5112738143812068,
      -0.052462990105880514
    ],
    [
      0.5275859697831533,
      0.05190423167216716,
      -3.0,
      2.660822954259488,
      0.6292655338545121,
      -0.3825258487699461,
      0.7852968678768454,
      0.5189564512407221,
      -0.001837982859181908
    ],
    [
      0.6633293632364934,
      0.05190423167216716,
      -0.6198114526583215,
      2.6262934280282573,
      0.5624729780998236,
      -0.3825258487699461,
      0.8555599024156444,
      0.5294929373599931,
      0.7585552468696887
    ],
    [
      0.917727441969048,
      0.28670856930952837,
      -0.7115245629402032,
      2.1274620626514626,
      0.35101838589374607,
      -0.4610371151352232,
      1.4376717158755952,
      0.5090615540090985,
      -0.47932096129234397
    ],
    [
      0.6820639391214658,
      0.0985615049303484,
      1.7426396154532746,
      2.6506127308378296,
      0.38609691775374677,
      -0.4442881587348433,
      0.675949714812975,
      0.5135787784417756,
      0.2728224701771546
    ],
    [
      0.71232797087289,
      0.09751527726102835,
      -0.4643014266409591,
      2.4416838461140684,
      0.40807090165053805,
      -0.3974764475422725,
      1.166545743127533,
      0.5214385677969817,
      -0.195806058384068
    ],
    [
      0.5512283343194301,
      0.11733914238772332,
      -0.6394861102808671,
      2.479491452439318,
      0.6140321469991139,
      -0.2709680228851776,
      0.725984549300501,
      0.5265922119254792,
      -0.04524472864513601
    ],
    [
      0.5813419557534529,
      0.05190423167216716,
      -0.6437113122367628,
      2.7523386992305663,
      0.6809581771578651,
      -0.3825258487699461,
      0.8861162376375568,
      0.5294929373599931,
      -0.001837982859181908
    ],
    [
      0.6491931160950601,
      0.5733850221448191,
      -0.2038990788360584,
      1.9398153968095764,
      0.5849235531351182,
      0.10658238347355053,
      1.0045818569039047,
      0.3702949311537525,
      -0.27557666469339565
    ],
    [
      0.8712932590885809,
      0.1040852872169756,
      -0.46020489690976246,
      2.8587673805602694,
      0.6262405912113815,
      -0.37249687968490935,
      0.7458120340117766,
      0.5294789569143549,
      -0.02515603821774054
    ],
    [
      0.63417668700634,
      0.05576269824478737,
      -0.35499820989962483,
      2.716269559350211,
      0.5050330192095533,
      -0.3768142272340879,
      0.7738632718827442,
      0.5232154810496018,
      0.18480403449390545
    ],
    [
      0.6591739737709396,
      0.05747321939509932,
      -0.26711239264096426,
      2.587798265603575,
      0.413376117687597,
      -0.4360013957012555,
      0.7447924784677299,
      0.5189929002636794,
      0.013095892965796843
    ],
    [
      0.6820639391214658,
      0.0985615049303484,
      1.0956966506367585,
      2.6506127308378296,
      0.38609691775374677,
      -0.9091225161982168,
      0.675949714812975,
      0.5135787784417756,
      0.2728224701771546
    ],
    [
      0.577331870215228,
      0.09049490924757071,
      -0.5568397969153094,
      2.715204081473999,
      0.43616088022349997,
      -1.1404833153027798,
      0.7843831808015543,
      0.4637689852346432,
      0.11805036117408949
    ],
    [
      0.6061948250722794,
      0.07508384404417842,
      -0.5491584837487512,
      2.5257351076830887,
      0.4608978465094842,
      -0.43222521735341163,
      0.8731415383649156,
      0.529841753469056,
      -0.07405370814753398
    ],
    [
      0.7082790417059546,
      0.04931751043351586,
      -0.36061765517315136,
      1.98744858060001,
      0.681385818211785,
      -0.38144738290502433,
      0.890779032675831,
      0.592537975250776,
      -1.2438757355466405
    ],
    [
      0.8838752455022391,
      0.10107261399029843,
      -0.290892565452033,
      2.4661841610357222,
      0.599300888885439,
      -0.4418060402507604,
      1.0593397466815282,
