{
  "gen": 12,
  "min": 0.022323027871775834,
  "avg": 0.4643604650750044,
  "best_params": [
    1.0759529550392894,
    0.6439881820698768,
    0.5701538230985718,
    1.8830451303471791,
    0.5346799423972256,
    -0.1304646965626717,
    1.9313739034613655,
    0.0531509165785598,
    -1.39504977030029
  ],
  "pop_params": [
    [
      1.0759529550392894,
      0.6439881820698768,
      0.5701538230985718,
      1.8830451303471791,
      0.5346799423972256,
      -0.1304646965626717,
      1.9313739034613655,
      0.0531509165785598,
      -1.39504977030029
    ],
    [
      1.0759529550392894,
      0.6439881820698768,
      0.5701538230985718,
      1.8830451303471791,
      0.5346799423972256,
      -0.1304646965626717,
      1.9313739034613655,
      0.0531509165785598,
      -1.39504977030029
    ],
    [
      1.0759529550392894,
      0.6439881820698768,
      0.5701538230985718,
      1.8830451303471791,
      0.5346799423972256,
      -0.1304646965626717,
      1.930258999081767,
      0.0531509165785598,
      -1.39504977030029
    ],
    [
      0.5567335289655437,
      0.681185190685182,
      2.1467865063947618,
      1.7966085339444628,
      0.5290280571310386,
      -0.22776253996463822,
      1.9231208540138434,
      0.01,
      -1.4484415026312116
    ],
    [
      1.1175531099794391,
      0.6081608852805745,
      0.35370979129319546,
      1.9576150239926107,
      0.4164869116449139,
      -0.14039038841833917,
      1.9618718297735127,
      0.045703899690761995,
      -1.4189322208811341
    ],
    [
      1.1941451610094973,
      0.6260325318157709,
      0.5161769563952743,
      1.9459580503676184,
      0.636109559936243,
      0.1697141164069781,
      1.8118058809793232,
      0.15047561988047312,
      -0.24051653257915262
    ],
    [
      1.2958950759285932,
      0.6172642148937068,
      0.3934360418270317,
      1.9499545314981532,
      0.6060722851634404,
      -0.4509657057041594,
      1.7651182712028273,
      0.050747997819930925,
      -1.3911358782909857
    ],
    [
      1.319595671897333,
      0.5681368867775601,
      0.34045823275532483,
      1.9610489066919565,
      0.6718933212189584,
      -0.13701065003075397,
      1.5471405328544043,
      0.058327689138730376,
      -1.3545449434886743
    ],
    [
      1.1544487215770105,
      0.6152350993148383,
      0.3212872017354532,
      1.9533559584561402,
      0.4995804891753201,
      -0.08164336066085072,
      1.7284156371028874,
      0.04909053054337387,
      -1.3972785908437808
    ],
    [
      1.0759529550392894,
      0.5571510818551632,
      0.5701538230985718,
      1.8830451303471791,
      0.5393590569928548,
      -0.1304646965626717,
      2.105876301378614,
      0.0531509165785598,
      -1.39504977030029
    ],
    [
      1.3110714019653493,
      0.5580557882157269,
      0.2854808779211525,
      1.700405886749014,
      0.5794517403838404,
      -0.057697691356137074,
      2.0205668548031626,
      0.03108540546531051,
      -1.2805153531644309
    ],
    [
      1.0159609612304161,
      0.6260325318157709,
      0.5161769563952743,
      1.8791017356846353,
      0.636109559936243,
      -0.7313529820209952,
      1.8118058809793232,
      0.15047561988047312,
      -1.2108017408472929
    ],
    [
      1.2317790147206167,
      0.6307272368683016,
      -0.2520578742906072,
      2.3051359561012195,
      0.5323621795347321,
      -3.0,
      1.7206177955856334,
      0.06474612412241923,
      -1.363921951880277
    ],
    [
      0.704002177117646,
      0.6144759547908114,
      0.542403935227363,
      1.6059782217272542,
      0.49068473427320536,
      -0.21812018437970182,
      2.093688198918876,
      0.0709669557307514,
      -1.6936727993529423
    ],
    [
      1.0759529550392894,
      0.6439881820698768,
      0.5701538230985718,
      1.8830451303471791,
      0.5346799423972256,
      -0.1304646965626717,
      1.9313739034613655,
      0.0531509165785598,
      -1.39504977030029
    ],
    [
      1.3819572280087609,
      0.6348943266406335,
      0.12191042285876713,
      1.9771454724148045,
      0.5772306658490612,
      -0.10051002819443303,
      1.8659910817660217,
      0.03377454228674821,
      -1.329985727350034
    ],
    [
      1.0759529550392894,
      0.6439881820698768,
      0.5701538230985718,
      1.8830451303471791,
      0.5346799423972256,
      -0.1304646965626717,
      1.9313739034613655,
      0.0904450815129039,
      -1.39504977030029
    ],
    [
      0.6496462628718784,
      0.6194911074350503,
      0.5926157318225861,
      1.683982254838759,
      0.5426412730198509,
      -0.1203300491970728,
      1.9567003613971894,
      0.2636270553066379,
      -1.2447642483391288
    ],
    [
      0.877056172109822,
      0.5232932535386086,
      1.8175987982650472,
      1.8350286517833851,
      0.5391283911426635,
      -0.02257356843293787,
      2.075602658585699,
      0.023510369252440967,
      -2.0249496480022624
    ],
    [
      1.0754101760760462,
      0.6278039371878505,
      0.4334938359310645,
      2.014450044014359,
      0.5477480501623804,
      -0.1350465592875515,
      1.6898152576218641,
      0.06177660690677435,
      -1.3840822270035518
    ],
    [
      1.1602821756581758,
      0.6449653273553537,
      0.22131886142755725,
      1.8936234979542943,
      0.6112345449234587,
      -0.1837807622860882,
      1.8412361478927342,
      0.08881714353585421,
      -1.3053442327842666
    ],
    [
      0.6669471784799607,
      0.61600832020409,
      1.6648770994863835,
      2.01521549422283,
      0.606305330903317,
      -0.07048154341353,
      1.7733783221541415,
      0.13378722085300293,
      -1.2629852100777201
    ],
    [
      1.3900072081115697,
      0.6353050545450784,
      0.42834553018797006,
      2.0212510638412553,
      0.5415317594874236,
      -0.08028990360245446,
      1.8535547119057252,
      0.048730361597661406,
      -1.3128642215736177
    ],
    [
      1.1684751360475905,
      0.6960470370554973,
      0.7582216773456641,
      1.7998742081032684,
      0.6389890735711632,
      0.10670289891325985,
      1.9074611679420772,
      0.06073902418633556,
      -2.130851480846685
    ],
    [
      1.146920237323061,
      0.6208805132108904,
      0.4809258404573511,
      1.9585127809183076,
      0.5540166398603061,
      -0.13807611306835202,
      1.7981659590309402,
      0.05427652128566295,
      -1.348646540141477
    ],
    [
      1.0849684738769978,
      0.6401670332310926,
      0.5691000180847178,
      1.8633186421337344,
      0.5237302299549694,
      -0.05027566302449493,
      1.9405773253190304,
      0.04617002217838526,
      -1.3869546050119714
    ],
    [
      1.3146428448029372,
      0.5922613544150266,
      0.43204345134952615,
      1.5450756303944893,
      0.4821189262108402,
      -0.1322180308388246,
      2.0084380120870433,
      0.016413782573676393,
      -1.4510982990003805
    ],
    [
      1.1723755183122926,
      0.6389267768186033,
      0.5150585569374599,
      1.613167808602299,
      0.5420208164728366,
      -0.16450410569821122,
      1.921349941068141,
      0.03722157852272409,
      -1.4743238886205763
    ],
    [
      1.180347952494621,
      0.6420033222386999,
      0.5360435049281541,
      1.7533662077132701,
      0.5459682520256496,
      -0.5842517235823236,
      1.9569713425356963,
      0.051535426093791914,
      -1.365454926582544
    ],
    [
      1.0558341418597625,
      0.6454896856505018,
      0.15907777722641758,
      2.021568478256098,
      0.6089867438479393,
      0.02537422018428581,
      1.8242997582072926,
      0.06184093240196185,
      -1.2992018972555148
    ],
    [
      0.9921936987949085,
      0.6817118891776203,
      0.4585379367644171,
      1.6717441093828715,
      0.6394717612909091,
      -0.16165200681341105,
      1.8374376407339403,
      0.04423503117277897,
      -1.4967425668141259
    ],
