{
  "gen": 2,
  "min": 1000000.0,
  "avg": 1000000.0,
  "best_params": [
    1.1861663446573514,
    0.951207163345817,
    1.3919636508684308,
    1.8361096041714062,
    0.16445845403801215,
    -2.0640328779827843,
    0.2684424752877784,
    0.8675143843171859,
    0.606690070459253
  ],
  "pop_params": [
    [
      1.1861663446573514,
      0.951207163345817,
      1.3919636508684308,
      1.8361096041714062,
      0.16445845403801215,
      -2.0640328779827843,
      0.2684424752877784,
      0.8675143843171859,
      0.606690070459253
    ],
    [
      2.153410475608532,
      0.03037864935284442,
      2.819459112971966,
      2.514083658321223,
      0.2202157195714934,
      -1.9090501967573963,
      0.631873078574958,
      0.31119982052994233,
      0.14853858979342682
    ],
    [
      1.3526405540621358,
      0.2983168487960615,
      0.6711173683342766,
      0.5045321958909214,
      0.29922320204986597,
      -0.8018289402378498,
      1.4226029542294043,
      0.7873242017790835,
      -1.8019573070498416
    ],
    [
      1.2746340170195305,
      0.9832334591453478,
      0.03317335405167391,
      1.3408631032744334,
      0.8376589693389065,
      1.6947933168776856,
      1.3142234412238465,
      0.8895039110997036,
      -0.835093582020065
    ],
    [
      1.6266675831722686,
      0.6848402803731588,
      -1.3429959835942729,
      1.3657643284955507,
      0.7123996064319995,
      -0.569306341334243,
      2.096570190652029,
      0.6827953646809833,
      -0.5026965710839479
    ],
    [
      0.6684952256463438,
      0.6104140616310492,
      -2.9321016126442174,
      1.0721803328963029,
      0.6882549313051014,
      1.8124487007016141,
      1.6206199319957104,
      0.5300697255819969,
      -1.2947233581956763
    ],
    [
      1.595190839774872,
      0.22357261882006374,
      1.094449847665147,
      1.0334439722763977,
      0.42255768015092643,
      -1.9033706438967868,
      0.21035369876228402,
      0.8667450303309399,
      2.4406842760548964
    ],
    [
      0.6794816730409254,
      0.7200967632485823,
      -2.951021168103037,
      0.7725378313001695,
      0.6447147324497449,
      1.935489776626023,
      2.7234663718683203,
      0.4790097798173079,
      1.1167755754712545
    ],
    [
      1.1389305800696128,
      0.7534574913021557,
      0.13219591300811423,
      2.8433503012448105,
      0.6382334758464423,
      0.7546095796589634,
      1.3837232104267503,
      0.31499875205972006,
      -1.432749049497078
    ],
    [
      1.892832383617157,
      0.21348599724820835,
      -2.4953591633100154,
      2.132810481231448,
      0.08203537630055159,
      1.9311603557421373,
      2.148102458753839,
      0.09053529283548076,
      -2.4909737154888485
    ],
    [
      0.9262789708339887,
      0.518876939519531,
      0.734929633534924,
      1.9928934483648408,
      0.8092661427427535,
      -0.7221484962743551,
      1.6250318796370142,
      0.31600591622844026,
      1.5493228770677123
    ],
    [
      1.571459962824916,
      0.2047464443082341,
      1.100779781638368,
      2.4353417580555767,
      0.4975658359289745,
      0.782060729497892,
      1.176785221495904,
      0.41572228093319763,
      -0.9841372303039901
    ],
    [
      1.6146417985829733,
      0.29831509854610005,
      1.893790020100846,
      0.6246693043670948,
      0.4593057395881244,
      -2.1922287449717155,
      0.16217959305267685,
      0.860226967457372,
      -0.0228245363930073
    ],
    [
      2.069923997043643,
      0.7869663865142735,
      1.2899526407862836,
      1.8212508822193292,
      0.8573314275066183,
      3.0,
      1.6442933589304398,
      0.13841335922111875,
      -0.0813130478983127
    ],
    [
      1.3333102394880445,
      0.8393508838108522,
      -1.716032245453293,
      0.2843046894063891,
      0.8159318244464504,
      -0.9141500682154124,
      1.8209701622134737,
      0.31803254195815067,
      0.9601478146260807
    ],
    [
      2.147474445576417,
      0.31859396532851686,
      0.12040812706686488,
      1.685459810095511,
      0.19300591097027178,
      2.817507766587351,
      2.347885187747232,
      0.9401039521485473,
      2.3689641025658927
    ],
    [
      2.920036645955851,
      0.26155915527130363,
      0.6771532448793023,
      0.8786350424197631,
      0.4248847130413847,
      -1.8463820618180382,
      0.21180156580413476,
      0.8365041013524898,
      1.0395834447517505
    ],
    [
      1.9586532902298739,
      0.24506128202309796,
      -1.2509105751335874,
      1.0058343613390082,
      0.5202752550022878,
      -0.12839784240391205,
      1.5073422177607436,
      0.8431769748025074,
      1.6985957810723376
    ],
    [
      1.3381754839627855,
      0.31085388987387874,
      -0.021981391074962886,
      0.502217873705618,
      0.339179145167489,
      -0.21136371839175871,
      1.6545753359257032,
      0.6825679298734526,
      -1.9494936586231655
    ],
    [
      1.1755247836730278,
      0.397901982342605,
      0.3077718552708779,
      2.7286497713335884,
      0.48176014566877934,
      0.40280822564163454,
      1.4752082141681229,
      0.36400631086223123,
      -2.3127104880815677
    ],
    [
      1.2326089469376866,
      0.5928931870084286,
      0.7022976805764327,
      2.277718288428303,
      0.7689822045288768,
      0.04785410045478744,
      0.995320854201654,
      0.19756281010811846,
      1.4069046788863648
    ],
    [
      1.3192712935715123,
      0.10482349086151721,
      0.3728744523922358,
      2.099015882509869,
      0.4037683829925083,
      -0.7316098872964454,
      1.5180979996630097,
      0.46331547949521296,
      -0.9612046705660502
    ],
    [
      0.8366008270605062,
      0.6613333217340616,
      -0.42841142328627957,
      1.7715108197420446,
      0.8012145324241317,
      -0.29571050356647444,
      2.2732033400870435,
      0.3960828092905271,
      -1.632401022896325
    ],
    [
      1.6065453307096744,
      0.3013947518602564,
      1.0934214463433691,
      0.680564750531002,
      0.5511531446145486,
      1.929643053384733,
      1.7061322760978763,
      0.8348317279871882,
      -0.8263173873209839
    ],
    [
      2.325454313176098,
      0.8873563415022383,
      2.523701013690042,
      1.669931962556186,
      0.11198123103035881,
      0.9274850365213311,
      1.9366001367982664,
      0.5281739661105561,
      0.2662684834951215
    ],
    [
      2.292335038768276,
      0.5890844943220648,
      -0.5049835163998662,
      2.1450663628006086,
      0.6984269131855085,
      3.0,
      1.9929023311767455,
      0.43972881523558177,
      -1.472107365490024
    ],
    [
      0.7314159167127912,
      0.9144237038258761,
      0.08462354836842567,
      2.4279114623166165,
      0.6950103260658235,
      2.192246776301764,
      1.766526823724178,
      0.21673701187157007,
      -1.2926024567561343
    ],
    [
      1.4941158959036505,
      0.9483450773531845,
      -1.768074193215055,
      1.1490480773147382,
      0.662531347727074,
      -0.6758975864560646,
      2.071568646206263,
      0.3704269249047613,
      0.34691718949430883
    ],
    [
      0.7445058967797891,
      0.25654994805674236,
      -2.7890233701601606,
      0.8442405152291852,
      0.6308836278695323,
      1.8832955159443134,
      1.7439078663562169,
      0.7635848541074338,
      0.30006293406091644
    ],
    [
      2.1347236336582713,
      0.43760485584796543,
      1.8411902910015394,
      1.345529234016381,
      0.4120480303370823,
      -0.9095064058396498,
      0.24562654926064165,
      0.9057527025200763,
      -0.26943185669651093
    ],
    [
      1.602012614193282,
      0.6334456299745385,
      -2.0405044895921725,
      1.2141820644928103,
      0.6318845004682675,
      -1.7483097491020727,
      2.619652993593694,
      0.4601303938954759,
      -0.2765375418131082
    ],
    [
      1.6721349211451204,
