{
  "gen": 8,
  "min": 0.06665331822418923,
  "avg": 0.7768619813111793,
  "best_params": [
    1.4636838814776851,
    0.636170125081968,
    0.3711805911682976,
    1.8524885759684415,
    0.4447712087463053,
    -0.15552019685169988,
    2.0472540596603825,
    0.021328259615390463,
    -1.4516382073645453
  ],
  "pop_params": [
    [
      1.4636838814776851,
      0.636170125081968,
      0.3711805911682976,
      1.8524885759684415,
      0.4447712087463053,
      -0.15552019685169988,
      2.0472540596603825,
      0.021328259615390463,
      -1.4516382073645453
    ],
    [
      1.4636838814776851,
      0.636170125081968,
      0.3711805911682976,
      1.8524885759684415,
      0.4447712087463053,
      -0.15552019685169988,
      2.0472540596603825,
      0.021328259615390463,
      -1.4516382073645453
    ],
    [
      1.360767142855372,
      0.5274894282598168,
      0.2098468171190427,
      1.8671134665305862,
      0.8142461239575586,
      0.14647973274178713,
      1.1717365907560864,
      0.09506870173026716,
      -1.1626202999629514
    ],
    [
      1.361687201088202,
      0.5370140912471808,
      0.005496086960767879,
      1.8559885633805677,
      0.7615771008902098,
      0.3745090745351272,
      1.3143839561684176,
      0.1290277351252031,
      -2.141725465350784
    ],
    [
      0.7552819577673127,
      0.6183482637637747,
      1.4610072350025645,
      2.0428604176874137,
      0.49328012734501786,
      -1.0240462966934445,
      1.5834877214321632,
      0.27223541621262987,
      -1.9432661619508567
    ],
    [
      1.9248980777317626,
      0.6419335022679403,
      -0.01655223976007146,
      1.529405620523393,
      0.6522338057182777,
      0.19998557535836267,
      1.8799125082839963,
      0.1088850300014592,
      -1.2292362436590167
    ],
    [
      1.4052738805998795,
      0.5899896659548259,
      0.48907543137469495,
      1.961376055361012,
      0.6299653270780164,
      0.21002908369858303,
      1.9800653753027395,
      0.19851128152967276,
      -1.6351368061031835
    ],
    [
      1.0976517745895866,
      0.6152133549785302,
      0.951012182076789,
      1.8130594192327152,
      0.64695033069915,
      -0.21471155150779028,
      1.7300942825583228,
      0.28731271578970613,
      -0.42734534940253854
    ],
    [
      0.5997112966287108,
      0.6204540991415565,
      0.6829506909028394,
      1.9114931720214998,
      0.5592596560067312,
      -0.03762323388035543,
      2.091499899506162,
      0.32887583238176005,
      -1.1324055284069323
    ],
    [
      1.4636838814776851,
      0.636170125081968,
      0.3711805911682976,
      1.8524885759684415,
      0.4447712087463053,
      -0.15552019685169988,
      2.0472540596603825,
      0.021328259615390463,
      -1.4516382073645453
    ],
    [
      0.7149074522305834,
      0.6735406026021313,
      1.6951899947302387,
      1.7259783857848103,
      0.6724236150668346,
      -0.6308172060265591,
      2.0707284835964006,
      0.17841015219598222,
      -0.5497531265084206
    ],
    [
      0.803345068860469,
      0.5984255714497628,
      1.4290960025802302,
      1.950215414405147,
      0.4457389918810904,
      0.09413094426050653,
      1.980355753721276,
      0.3028730069799901,
      -1.1393671613048835
    ],
    [
      0.5854368476628053,
      0.5205388627773855,
      1.4096295905729153,
      2.007001318545344,
      0.7188798266354742,
      -0.18632386553972272,
      1.5404024830977154,
      0.240190886847923,
      -1.3817176945380123
    ],
    [
      1.0312653134706802,
      0.6609957021629795,
      0.8433110341626342,
      1.8210012880885853,
      0.6282354052251133,
      -0.24695400619062868,
      1.9495616069432569,
      0.022404910330094324,
      -1.624350120465682
    ],
    [
      1.4500642341418422,
      0.6419658282711733,
      0.5526611684351308,
      2.0937058697650976,
      0.757710974844254,
      -0.29148047692774204,
      1.455785752119374,
      0.01,
      -1.776108545004582
    ],
    [
      1.4636838814776851,
      0.6522862270129279,
      0.3711805911682976,
      1.8524885759684415,
      0.4447712087463053,
      2.5754703163254655,
      2.0472540596603825,
      0.01,
      -1.4516382073645453
    ],
    [
      1.549287284074855,
      0.5614045536791381,
      0.13766265088114576,
      1.5441845538046326,
      0.7143833896126672,
      0.153773108145436,
      1.9223002528273032,
      0.07328920401985059,
      -1.2662107149097075
    ],
    [
      1.5959072186056074,
      0.6228388975803358,
      0.1987542139619835,
      1.6117504440868524,
      0.8603977602819044,
      0.020370871082102768,
      1.3058379520403571,
      0.16589519469866687,
      -1.6426614515227915
    ],
    [
      1.4883423773116176,
      0.6458903167241108,
      0.4748888207787698,
      1.8359192184237678,
      0.7871791946021629,
      -0.12561173237006,
      1.2805244111901453,
      0.0897203656368714,
      -1.376520556353326
    ],
    [
      0.48864413864054834,
      0.6082668537324614,
      2.5832756175007034,
      1.9118814630904999,
      0.6430266939412076,
      0.048320272960540145,
      1.6714135340297305,
      0.2111723722011638,
      -1.6702809834832328
    ],
    [
      1.3981698361756338,
      0.6419466263731501,
      0.20962319262186532,
      1.8639545423060273,
      0.6285545983972842,
      -0.06443392204832168,
      1.6644607682068664,
      0.022921351387657857,
      -1.6068710753657758
    ],
    [
      0.9852873718092234,
      0.6312067436478872,
      0.6653249180465096,
      2.0897215637111066,
      0.4743673809143282,
      -0.26592379392483284,
      1.4035385725163687,
      0.11803914843599328,
      -0.9200836410627566
    ],
    [
      1.4778262704927296,
      0.6361180981499766,
      0.3193920758453953,
      1.7373601579613367,
      0.7883452346130766,
      0.033847914355528586,
      2.0940804359098695,
      0.18233810086427177,
      -1.4419386090722193
    ],
    [
      0.9251031994015131,
      0.5547365265304972,
      0.5707247019209079,
      1.8847644480272836,
      0.6710686518806939,
      -0.11280153074920139,
      1.8806125536618046,
      0.0971673140524912,
      -1.204040306220678
    ],
    [
      0.705715674509304,
      0.7625186065777344,
      1.3247473214529266,
      1.9351358056080699,
      0.5103024789843157,
      -0.39000530300446784,
      1.4070767335163041,
      0.3985809687390699,
      -1.7460869693514882
    ],
    [
      0.48218679672388115,
      0.5805814582096447,
      3.0,
      1.7956137162151458,
      0.6383289296249349,
      -0.27606166621740247,
      1.8995598036169252,
      0.02338615546100692,
      -2.053669676253803
    ],
    [
      0.48218679672388115,
      0.6832761400681899,
      3.0,
      1.7956137162151458,
      0.642880790363846,
      -0.27606166621740247,
      1.9018834695497235,
      0.02338615546100692,
      -2.053669676253803
    ],
    [
      0.71841182750345,
      0.6176681222135848,
      2.938236426219345,
      1.9470538164950995,
      0.7029291597764662,
      0.13448253832603507,
      1.3481759562581153,
      0.16292678210218822,
      -2.8007015813342457
    ],
    [
      0.8201479624957608,
      0.6437031199299547,
      0.7933377878079536,
      1.8646120344717187,
      0.6206815215607749,
      -0.15622591443353642,
      1.2452456148082565,
      0.09173245863795007,
      -2.6130148848292856
    ],
    [
      1.263547904843573,
      0.6703762772508061,
      0.5674007455385992,
      1.874402446531665,
      0.4775612436259668,
      -0.1823285108210347,
      2.0619940532344954,
      0.019194700736362195,
      -1.438493555954002
    ],
    [
      0.5641755448433325,
      0.7364578644409899,
      1.3828563345505926,
      2.0142954112681184,
      0.4942037433358007,
      -1.6318718800894099,
      1.8334689774119215,
      0.3824845346144641,
      -0.8761426098217991
    ],
    [
