{
  "gen": 1,
  "min": Infinity,
  "avg": Infinity,
  "best_params": [
    1.1861663446573514,
    0.951207163345817,
    1.3919636508684308,
    1.8361096041714062,
    0.16445845403801215,
    -2.0640328779827843,
    0.2684424752877784,
    0.8675143843171859,
    0.606690070459253
  ],
  "pop_params": [
    [
      1.1861663446573514,
      0.951207163345817,
      1.3919636508684308,
      1.8361096041714062,
      0.16445845403801215,
      -2.0640328779827843,
      0.2684424752877784,
      0.8675143843171859,
      0.606690070459253
    ],
    [
      2.153410475608532,
      0.03037864935284442,
      2.819459112971966,
      2.514083658321223,
      0.2202157195714934,
      -1.9090501967573963,
      0.631873078574958,
      0.31119982052994233,
      0.14853858979342682
    ],
    [
      1.3526405540621358,
      0.2983168487960615,
      0.6711173683342766,
      0.5045321958909214,
      0.29922320204986597,
      -0.8018289402378498,
      1.4226029542294043,
      0.7873242017790835,
      -1.8019573070498416
    ],
    [
      2.47224282117523,
      0.86212327742378,
      -2.958287216812856,
      1.5811671774749407,
      0.4232368931172912,
      -1.6673531371756185,
      0.44760956526768014,
      0.3442390196895917,
      3.0
    ],
    [
      0.2723385698130938,
      0.6194548638240478,
      0.3155632524718561,
      2.4628414079481176,
      0.6256265209822627,
      0.6969244982801464,
      0.39391750116591356,
      0.23173113081651878,
      -0.22598604503622824
    ],
    [
      0.4921734038863625,
      0.5309784230413429,
      -0.16055706715181883,
      0.8442290566116227,
      0.5051472289880308,
      2.5137894532759604,
      1.0899199798774801,
      0.37391311871697513,
      1.5142847429167687
    ],
    [
      0.7071130376764598,
      0.3767673817634682,
      -0.6282822087116078,
      1.8929388374378584,
      0.3752245031740747,
      -0.22479170320111264,
      2.267665720587894,
      0.04631637086169192,
      -1.4853783339358755
    ],
    [
      0.6636079969820712,
      0.20454130258406997,
      2.793749787982271,
      2.022438325772987,
      0.2594235327766236,
      0.7974690212356756,
      2.4103190312749065,
      0.5715097209519263,
      -0.2559552327746524
    ],
    [
      0.7383959569689064,
      0.2332777773768025,
      -2.816127734847323,
      2.809956793123235,
      0.05822937040742175,
      -0.07238293049497835,
      2.2447840503509435,
      0.21121466050142798,
      3.0
    ],
    [
      2.564803733039533,
      0.6433632576974326,
      2.0072745098759075,
      1.2684962456636608,
      0.09306848388804473,
      2.3034488778737945,
      0.7515230644719954,
      0.8688812796686642,
      0.6094472702844871
    ],
    [
      1.8889485573721627,
      0.0951809581480243,
      -1.6113699149738405,
      1.6839982097053143,
      0.23717291403211457,
      1.5930418514647484,
      2.3264450491768724,
      0.27174928943364374,
      -2.4835112806208297
    ],
    [
      1.5318856150995894,
      0.49524792847177024,
      1.6480809460793389,
      1.7305111841390746,
      0.11299507274882671,
      0.449743754922344,
      2.0418466725680804,
      0.4231164864022804,
      0.01595278278643386
    ],
    [
      2.1117016830937616,
      0.25797196081743784,
      -2.5713533471073378,
      1.2340494329558591,
      0.21294925966156017,
      1.6892006001426048,
      2.2857449168883286,
      0.2501768499078426,
      -2.447833893166883
    ],
    [
      2.6970173626389813,
      0.3953096619468215,
      -2.93497409111821,
      2.7256077316158644,
      0.10037381001827221,
      -1.0841181744575108,
      2.8551797044473344,
      0.9511010754681806,
      0.44062732873971644
    ],
    [
      2.2626926358913373,
      0.5560456289688703,
      -0.8786750466712692,
      1.1747177473267696,
      0.1028649296997697,
      0.7529239023822353,
      2.160983549554902,
      0.4006206896227328,
      -2.3479119386970524
    ],
    [
      0.38562076996505923,
      0.10760475609582447,
      0.08139102219606231,
      1.3351234827344525,
      0.41240243788201014,
      -2.1239723323203337,
      1.0502891670355439,
      0.8424006133783951,
      -1.90716871934169
    ],
    [
      1.5972710100734664,
      0.3400418572052374,
      1.7711171686122222,
      0.5893619727384931,
      0.44458170649857975,
      -2.8258745709711204,
      0.1,
      0.9630219305311458,
      2.015880723073235
    ],
    [
      1.0423411966500162,
      0.5641012198852606,
      -0.20307933636629194,
      0.3987302444348758,
      0.29661130011732423,
      -0.16052171184881897,
      1.1844950710759852,
      0.4728108824428419,
      3.0
    ],
    [
      0.5091921659208949,
      0.08728847208743797,
      1.3394852159025077,
      2.5516493341111266,
      0.281804581108065,
      -1.7319117165322382,
      1.5924617593472328,
      0.7796327878892274,
      2.6789096408117237
    ],
    [
      0.7616096106021439,
      0.8260328681320717,
      0.14887922647377572,
      1.3330502204599144,
      0.6582467048558792,
      3.0,
      2.3729209979629977,
      0.40887003967801244,
      0.8874485883958879
    ],
    [
      0.1179797604371027,
      0.8125687388487378,
      -1.4099673567431943,
      2.0648410966721915,
      0.23177014633841908,
      1.3374807354582914,
      1.210637311337179,
      0.4377660788633297,
      0.9634698750181183
    ],
    [
      2.299405239494491,
      0.08541592177994312,
      2.226742874125722,
      2.3939744837417147,
      0.14795346199898918,
      -0.05825904331816112,
      0.6521681076577643,
      0.4624097897882011,
      -1.5021549538380299
    ],
    [
      1.5972710100734664,
      0.32972690821183354,
      1.7711171686122222,
      0.8854135286600152,
      0.5138498006095868,
      -2.529261711946404,
      0.1735171559048268,
      0.9630219305311458,
      2.015880723073235
    ],
    [
      2.9127517536623495,
      0.8436977339043517,
      2.0299722282668267,
      1.4592101634054138,
      0.42067130731428853,
      -0.24999714892043978,
      0.26348894028768866,
      0.8660751524925027,
      1.8774060547804652
    ],
    [
      0.4696842450893651,
      0.470970193309573,
      -1.4220400761523833,
      1.8808841381153683,
      0.5407300207778973,
      -1.5408943776988686,
      1.2043844080961743,
      0.8553053678984766,
      -0.09797567452739075
    ],
    [
      0.25481929889235677,
      0.3741374423915914,
      -2.360261487740757,
      1.292557942750328,
      0.7261700547888099,
      -2.8082995009380407,
      1.8023513669418463,
      0.28586395625161287,
      -1.6608866955557846
    ],
    [
      2.475492850310752,
      0.8120292743865979,
      2.302325618118374,
      1.7957504415625036,
      0.4341314824558607,
      -0.9684830514595479,
      1.6120856939275519,
      0.6220668346624477,
      3.0
    ],
    [
      0.44682331322107494,
      0.7680651987590721,
      1.5647102917013846,
      1.727703872951539,
      0.7732575081550154,
      -0.03722642181365554,
      1.6159252052077828,
      0.4332656081749641,
      -2.8474852395354286
    ],
    [
      0.2922526489634386,
      0.17855198407582157,
      2.729131719001262,
      2.712596455445486,
      0.5770604793211633,
      0.235730856249466,
      0.9069077479329711,
      0.7393776644882225,
      1.106504420630511
    ],
    [
      1.0065896042946065,
      0.725985951205848,
      -0.10572808542378542,
      1.51029391761851,
      0.8162868683261147,
      0.018732635056948554,
      1.3592591542508774,
      0.18431050364905494,
      0.90707781574758
    ],
    [
      2.7997435410669853,
      0.1206781965678869,
      -2.73596738720494,
      1.6761656140954975,
      0.8918622542998453,
      1.646117550257078,
      1.0525952367138856,
      0.46452474892739487,
      0.0080991715725367
    ],
    [
      1.3689186694135405,
      0.8250360315309238,
      1.1803995693142149,
