{
  "gen": 1,
  "min": 1000000.0,
  "avg": 1000000.0,
  "best_params": [
    1.1861663446573514,
    0.951207163345817,
    1.3919636508684308,
    1.8361096041714062,
    0.16445845403801215,
    -2.0640328779827843,
    0.2684424752877784,
    0.8675143843171859,
    0.606690070459253
  ],
  "pop_params": [
    [
      1.1861663446573514,
      0.951207163345817,
      1.3919636508684308,
      1.8361096041714062,
      0.16445845403801215,
      -2.0640328779827843,
      0.2684424752877784,
      0.8675143843171859,
      0.606690070459253
    ],
    [
      2.153410475608532,
      0.03037864935284442,
      2.819459112971966,
      2.514083658321223,
      0.2202157195714934,
      -1.9090501967573963,
      0.631873078574958,
      0.31119982052994233,
      0.14853858979342682
    ],
    [
      1.3526405540621358,
      0.2983168487960615,
      0.6711173683342766,
      0.5045321958909214,
      0.29922320204986597,
      -0.8018289402378498,
      1.4226029542294043,
      0.7873242017790835,
      -1.8019573070498416
    ],
    [
      1.5790514522713064,
      0.3802440812240174,
      -0.26790784494813036,
      1.3536496344224231,
      0.8884303031474473,
      -0.7539677652133929,
      2.592971022125516,
      0.390626114186822,
      -2.054077615170347
    ],
    [
      2.698758065662174,
      0.8946804475940239,
      -2.414053236027896,
      1.5260714706097476,
      0.01,
      -1.8072421935931442,
      1.0215359469933465,
      0.3665162341979335,
      2.107289416550531
    ],
    [
      1.1713487315571864,
      0.15169767620833463,
      2.1224594661770944,
      1.38278494449227,
      0.961037444947143,
      -1.5073982340215675,
      1.3754511213077572,
      0.3210475167113124,
      0.42424368365211795
    ],
    [
      2.0213146246265477,
      0.31859396532851686,
      0.12040812706686488,
      1.685459810095511,
      0.19300591097027178,
      2.817507766587351,
      2.347885187747232,
      0.9401039521485473,
      2.3689641025658927
    ],
    [
      1.3122699058394003,
      0.30553670892722806,
      -2.118153249823443,
      0.5251294224530623,
      0.493891411932447,
      -0.09984047737953494,
      1.6439509049249126,
      0.6363066582726011,
      -2.442415621908279
    ],
    [
      0.6794816730409254,
      0.7200967632485823,
      -2.951021168103037,
      0.7725378313001695,
      0.6447147324497449,
      1.935489776626023,
      2.7234663718683203,
      0.4790097798173079,
      1.1167755754712545
    ],
    [
      1.776857230043912,
      0.09701558549981741,
      -2.4097109907961554,
      1.957838841880251,
      0.5818078080661107,
      2.0966567959817746,
      2.5975843112454102,
      0.17493967150770787,
      -2.265170377076779
    ],
    [
      1.6851206638876037,
      0.12363261889527546,
      -1.3419977215825853,
      2.9568379433779897,
      0.5437462371467365,
      0.01733007249442986,
      1.5499184137746918,
      0.7298623976823818,
      0.195571981567902
    ],
    [
      2.04510379530267,
      0.7539559151980003,
      0.20450248379030733,
      0.21596454307955343,
      0.4992117605412546,
      0.7023652976226794,
      1.898861360627681,
      0.36251253968958247,
      -2.448036532874049
    ],
    [
      1.5286940263163218,
      0.3023532879868117,
      0.695323307616098,
      0.9106158799854398,
      0.3853271874105487,
      -1.7269169802881448,
      1.2602283601186821,
      0.945407547492495,
      -1.4295925354960715
    ],
    [
      1.5521893647801794,
      0.4698698466851183,
      -0.08093658573896526,
      1.684818604987336,
      0.7363430682611412,
      3.0,
      2.335984074009315,
      0.9170579422772452,
      -0.6043442733328181
    ],
    [
      2.869109313923263,
      0.7405179475288108,
      0.32612431506840434,
      1.8739901640796215,
      0.42540406180351203,
      -1.5136140629930552,
      1.1323207680886587,
      0.8148810925195433,
      -2.913639068221465
    ],
    [
      2.081740132266162,
      0.5540495654796923,
      -1.7315929661003362,
      1.6032885509551458,
      0.23323840264353934,
      3.0,
      1.2572599400109186,
      0.9220813237929855,
      2.712447400581868
    ],
    [
      1.252828035826926,
      0.742572938002237,
      1.0237581289238133,
      2.6105366431054957,
      0.9289280868755438,
      -0.6110071055800568,
      1.5825935355698846,
      0.44209933072109,
      -1.6705970319333037
    ],
    [
      2.174175080085358,
      0.3249065436232592,
      -2.241178851470701,
      2.0117127621634423,
      0.6601696245299136,
      1.3845364794926263,
      2.3717104004788316,
      0.818466566630836,
      -1.4226676507546823
    ],
    [
      0.6029150734058687,
      0.5134339115558573,
      2.108845579781187,
      2.5410532614919625,
      0.54069871488848,
      -1.116100285842745,
      1.1428179180247187,
      0.5193804389871354,
      1.3111880460776069
    ],
    [
      1.5972710100734664,
      0.24507357277533057,
      1.7711171686122222,
      0.8854135286600152,
      0.44458170649857975,
      -2.529261711946404,
      0.1735171559048268,
      0.896286752136913,
      2.015880723073235
    ],
    [
      2.177625035641242,
      0.388683340960773,
      -1.9224544271475494,
      1.4861959284584367,
      0.626186655721509,
      -1.2829665410000475,
      2.2803326426132657,
      0.6657299606369265,
      -0.9608082086939917
    ],
    [
      1.9953269789951609,
      0.4145480303225874,
      0.5989341159901758,
      2.144212549424581,
      0.4244102228115623,
      -1.3416870847865516,
      2.027152840104543,
      0.37876742840240946,
      1.08175473816544
    ],
    [
      0.7314159167127912,
      0.9144237038258761,
      0.08462354836842567,
      2.4279114623166165,
      0.7517544230202485,
      2.192246776301764,
      1.7226446812645182,
      0.21673701187157007,
      -0.38747143673290463
    ],
    [
      2.4911900255220183,
      0.8873563415022383,
      2.523701013690042,
      1.669931962556186,
      0.11198123103035881,
      0.9274850365213311,
      1.9366001367982664,
      0.5281739661105561,
      0.2662684834951215
    ],
    [
      0.1,
      0.7586253116544288,
      -0.2671673812779313,
      2.40778691798752,
      0.7756898029856074,
      -2.463862111798995,
      1.1396077499201251,
      0.12209272344812852,
      0.7065153536356796
    ],
    [
      1.9057278451923731,
      0.3393371682711202,
      -1.70136248930333,
      1.1113322110980377,
      0.37965320685818693,
      -0.3173142535351532,
      2.219006280339895,
      0.637960350441436,
      -1.4071150809157134
    ],
    [
      1.2903019883713647,
      0.01,
      0.21636939113575343,
      1.5851675882135439,
      0.9086626932350923,
      -0.7227379750909155,
      1.8279384611184888,
      0.45797903840916476,
      -2.2917321052361412
    ],
    [
      2.470990610766285,
      0.8757458311669942,
      -2.6846699991181344,
      1.5218099144558312,
      0.2785280732407155,
      -1.6410178179085855,
      0.45983233792057776,
      0.3152931970638989,
      0.6271515335689313
    ],
    [
      1.5840961555077728,
      0.3353898277844665,
      1.8694483359597833,
      1.1142182173040722,
      0.4360308034010502,
      2.0602289343746163,
      2.5722275579904235,
      0.5517502699790876,
      1.0875859197468212
    ],
    [
      2.0854763251148523,
      0.5877368425700928,
      1.0372757765474492,
      1.5436581840172705,
      0.8217487345719998,
      -1.269494392152594,
      1.986162369303281,
      0.6434446331506625,
      2.4139496980184543
    ],
    [
      2.1183251976717243,
      0.4148634149701272,
      -1.6529983983982746,
      0.5536674237461495,
      0.25774046918294935,
      0.29535998823672305,
      2.172328175830181,
      0.663595402950554,
      -1.320396618324343
    ],
    [
      0.666204664614329,
      0.7252275941088903,
      -1.3153658253548652,
      0.17051630265121615,
