{
  "gen": 3,
  "min": 0.257313349900976,
  "avg": 0.9931421608453811,
  "best_params": [
    2.2034498324389364,
    0.7139790404586994,
    0.0057179081086169425,
    1.505800222828845,
    0.6432875311641246,
    0.33461031437221245,
    2.07236536183116,
    0.23091429241617556,
    -1.2883524283896253
  ],
  "pop_params": [
    [
      2.2034498324389364,
      0.7139790404586994,
      0.0057179081086169425,
      1.505800222828845,
      0.6432875311641246,
      0.33461031437221245,
      2.07236536183116,
      0.23091429241617556,
      -1.2883524283896253
    ],
    [
      0.31364619718811976,
      0.4247989390857684,
      2.297342775407878,
      2.147698564824231,
      0.7431184733707166,
      -0.20345933594910448,
      1.1788873150524906,
      0.2025261055990366,
      -1.467078218140489
    ],
    [
      0.4718919870837805,
      0.5484223849899914,
      1.7541218615795588,
      2.4445731602884693,
      0.4185065692759967,
      -0.3413998852183815,
      0.46263763610471764,
      0.7061726603467062,
      -0.5834457395523638
    ],
    [
      0.6916287164814523,
      0.3919483815743213,
      0.48657242091060526,
      1.7955138805197977,
      0.653396720187982,
      0.5759160164057074,
      1.6167787827632931,
      0.5733133572919891,
      -1.0745579461914194
    ],
    [
      0.4642340367072492,
      0.7396145255869676,
      2.03935696135782,
      2.2251274810301895,
      0.6721090021225455,
      -0.6890741173714683,
      2.0059626867495397,
      0.1827199965997816,
      -1.6422148845600513
    ],
    [
      1.2512347225286926,
      0.5995912194472954,
      0.45579737726072433,
      1.7713690568865452,
      0.7363953998802114,
      -1.1120643792333778,
      0.4115153412382313,
      0.5751181077255759,
      -1.288301311635198
    ],
    [
      1.431114753161195,
      0.5319873219202825,
      0.10263757919652572,
      1.8695500002131344,
      0.8256450371595704,
      0.3017957138307393,
      1.186808221281133,
      0.08741872405444477,
      -1.1386256518915907
    ],
    [
      1.5854583500549426,
      0.5158415661319367,
      -0.35197870333841275,
      1.8201422931920235,
      0.35210336365213535,
      -2.37427633355566,
      0.6341149373011868,
      0.6692124280955597,
      -0.004648979497131167
    ],
    [
      1.520224280201107,
      0.7445592616201635,
      0.7768356419623892,
      1.8899120245594412,
      0.7558433272322043,
      -0.012471902002343382,
      2.1311274845911083,
      0.2216610877546047,
      -1.4535262206096575
    ],
    [
      0.5009662506042937,
      0.4897416533065917,
      -0.2544779837670819,
      1.9269876365014142,
      0.4679760873055587,
      -0.8875781226416302,
      1.527202184469624,
      0.05034011854239962,
      -0.18436178881162468
    ],
    [
      0.4175630897645738,
      0.636078950189662,
      2.807812021220017,
      2.528782021145368,
      0.47127749521975915,
      -1.050615385615024,
      0.44968894302639456,
      0.241844795000785,
      -0.37972582593861637
    ],
    [
      1.1861663446573514,
      0.951207163345817,
      1.3919636508684308,
      1.8361096041714062,
      0.16445845403801215,
      -2.0640328779827843,
      0.2684424752877784,
      0.9677177106698851,
      0.606690070459253
    ],
    [
      0.7325645846435199,
      0.6505338854813849,
      1.0782226912257693,
      1.7638774957945311,
      0.6590260109593189,
      -0.10192912003620874,
      1.597287616380065,
      0.39968507833837824,
      -2.635910293425171
    ],
    [
      0.5899927962881486,
      0.7027768165192171,
      1.2684194838218086,
      1.7171513064366157,
      0.6448506117373555,
      -0.07142919433806591,
      1.4166651037142264,
      0.4552433121411556,
      -2.6574107431314604
    ],
    [
      0.46784755397153227,
      0.5834982373281046,
      2.2136784585668656,
      1.1196577152166722,
      0.7173679626032472,
      -0.354311016414795,
      0.46926395878903676,
      0.20011910029903113,
      -0.1477858053004717
    ],
    [
      1.651805742369082,
      0.5832572072404126,
      -1.2322650964228594,
      2.0433812297900746,
      0.7239409916521938,
      -1.3969179751202454,
      0.479302848575363,
      0.7137239370777217,
      1.079007236830228
    ],
    [
      1.2872426292880288,
      0.6565252631169034,
      2.1614748217779156,
      2.050167262812545,
      0.6444022046790879,
      -0.1532361425354536,
      1.1179984111658672,
      0.22751166868630315,
      -0.4626011973329559
    ],
    [
      1.836190359223591,
      0.49214101608757405,
      0.19138713097200977,
      1.4110157668356245,
      0.6876661020971447,
      0.11652273806211061,
      2.0330380814401274,
      0.22671509792195302,
      -1.3620361420181748
    ],
    [
      0.6080692778795755,
      0.7522603195318224,
      -0.2829395356662754,
      2.5242321373930423,
      0.30173901547853965,
      -1.7228974444928402,
      0.4126444113979618,
      0.4775467223560633,
      0.6771208389324403
    ],
    [
      0.6926305517578154,
      0.8100874704212644,
      1.0868368855235957,
      2.1190135427664902,
      0.7431150809926954,
      -0.027267521280995743,
      1.5546539465315927,
      0.057124982433967415,
      -1.7715515219167808
    ],
    [
      2.032540046815844,
      0.7104026072218154,
      -0.8593144264049521,
      1.299082290240558,
      0.4730790635148903,
      -0.8245742875549436,
      0.4436619167344457,
      0.7337433552235345,
      0.5758011965776594
    ],
    [
      1.0232127869322878,
      0.7504600524549377,
      0.5731270984377393,
      1.6339804237449562,
      0.49234744938510255,
      0.21912505188012582,
      1.593612616226081,
      0.12882718089037984,
      -1.7361473922776072
    ],
    [
      0.43715442124136517,
      0.5284235484560247,
      0.6285998069836785,
      1.583801908841743,
      0.6237534827904614,
      -1.2742214103908338,
      2.1537549605491173,
      0.2374527404110827,
      -1.4332920821100987
    ],
    [
      0.8652064580903233,
      0.6089363571439156,
      -1.1228572609240797,
      1.474071943376001,
      0.7801541497456499,
      -0.850797539541632,
      0.43761926751430336,
      0.673152876473069,
      1.0862486523289905
    ],
    [
      1.3784096056010784,
      0.9844395051031823,
      0.9507538363748517,
      1.8527917625250612,
      0.15278643382934365,
      -2.0105626765948257,
      0.39745415228465564,
      0.80263391418037,
      1.05064767684451
    ],
    [
      0.8652064580903233,
      0.6089363571439156,
      -2.065414431008318,
      1.474071943376001,
      0.7801541497456499,
      -0.850797539541632,
      0.43761926751430336,
      0.673152876473069,
      1.0853983388370154
    ],
    [
      0.9744514592020125,
      0.4980401264260039,
      -0.8060893474018672,
      1.3933660999433375,
      0.6193234509509977,
      -1.4969965558767075,
      0.1,
      0.30752045612977325,
      -3.0
    ],
    [
      0.5778938651785732,
      0.654217156519264,
      1.5647102917013846,
      1.727703872951539,
      0.7732575081550154,
      -0.03722642181365554,
      1.2733000020542162,
      0.4332656081749641,
      -2.8474852395354286
    ],
    [
      1.1448598699462746,
      0.5156731657134015,
      -1.600786779119647,
      2.3105769274304953,
      0.7768903976920725,
      -0.14643768211494523,
      0.14821307564916997,
      0.6980717116688537,
      -0.9834006356213454
    ],
    [
      0.7325645846435199,
      0.6505338854813849,
      1.0782226912257693,
      1.7638774957945311,
      0.6590260109593189,
      -0.10192912003620874,
      1.597287616380065,
      0.46716219156572236,
      -2.635910293425171
    ],
    [
      1.5506691414381863,
      0.5969461605292999,
      -1.4743194923115672,
      1.5254421242493095,
      0.4633755123851004,
      -1.7489203226453185,
      0.6024694349449572,
      0.29340303840469667,
      1.0167847833673287
    ],
    [
