{
  "gen": 2,
  "min": 0.2651193755577942,
  "avg": 0.959829670428555,
  "best_params": [
    0.5813419557534529,
    0.05190423167216716,
    -0.6437113122367628,
    2.5573290801106734,
    0.6481889558285893,
    -0.3825258487699461,
    0.8861162376375568,
    0.5294929373599931,
    -0.001837982859181908
  ],
  "pop_params": [
    [
      0.5813419557534529,
      0.05190423167216716,
      -0.6437113122367628,
      2.5573290801106734,
      0.6481889558285893,
      -0.3825258487699461,
      0.8861162376375568,
      0.5294929373599931,
      -0.001837982859181908
    ],
    [
      0.44742428022089664,
      0.6989292067143925,
      2.646240534289485,
      2.4989377995150717,
      0.7729803724875325,
      -0.16882306867187905,
      1.3787671883218926,
      0.4511439475333788,
      0.0022926279015456075
    ],
    [
      1.7552479153270706,
      0.6877053493743485,
      0.26473040209591847,
      1.7056865569212067,
      0.759305467688817,
      0.49418363701794343,
      1.2993336857059457,
      0.47178663537618526,
      -2.6755876094616684
    ],
    [
      2.0551183109025604,
      0.5702242075231366,
      -0.945926628074106,
      1.91172944657659,
      0.6535474723408271,
      -1.9442432747398062,
      0.3552290235662138,
      0.7428904075122785,
      -1.7717618075054462
    ],
    [
      1.9423602545581766,
      0.10623679892072217,
      -2.155266093736923,
      1.4927889451843488,
      0.5191249935173158,
      -0.47955743578972654,
      1.5082423497738855,
      0.9396041891213543,
      0.005069495355454645
    ],
    [
      1.7536353573595977,
      0.5832736487847759,
      -0.13140919845046495,
      1.294512538534088,
      0.988156203374871,
      0.20627810501858201,
      1.1579648742499054,
      0.5434363480739299,
      -2.664896988314584
    ],
    [
      1.7527977422146932,
      0.6871793228919155,
      -1.5189984392808447,
      1.966290131814261,
      0.5966545002892666,
      -0.5879892684926982,
      1.5145204598526756,
      0.7087940799027881,
      -1.3329198823059962
    ],
    [
      2.2555792342302334,
      0.7622653752490183,
      0.24585936846320883,
      1.8068747908270735,
      0.5047933886520829,
      -1.3164250075200707,
      1.0999849207899546,
      0.20663255171404546,
      -1.950925230616943
    ],
    [
      2.0601242610243307,
      0.6305302741405678,
      -3.0,
      2.7209609377188837,
      0.8004928703617897,
      -1.0736354649919508,
      2.729644211836892,
      0.8065901220888031,
      -2.1297330472951934
    ],
    [
      1.2256927859989135,
      0.7502298841445757,
      -0.2504826570509002,
      1.6822886890162114,
      0.9420501606887599,
      -0.6833841731953543,
      2.887452635089351,
      0.9062971355365032,
      -1.8252531912642214
    ],
    [
      0.47868866643776475,
      0.6140232526124487,
      1.111230841331718,
      1.4926022910839323,
      0.9208206022512656,
      0.07307187790404379,
      1.5005479875374885,
      0.5179043142397437,
      -2.0777226088112357
    ],
    [
      1.8388714496677545,
      0.4326043905784923,
      -1.5337807835422548,
      2.55188714679927,
      0.5052203893560655,
      -2.057727613041951,
      1.3816579574070462,
      0.9160865173852633,
      -0.9525138471174966
    ],
    [
      2.2555792342302334,
      0.7622653752490183,
      0.24585936846320883,
      1.895727007061146,
      0.5047933886520829,
      -1.3164250075200707,
      1.0999849207899546,
      0.20663255171404546,
      -3.0
    ],
    [
      2.268409502003932,
      0.6946199201183287,
      -1.7407822116379297,
      1.871105599578111,
      0.8171353781591659,
      1.9014719383493273,
      2.1956426823473563,
      0.42059726483681126,
      -2.8613107909478352
    ],
    [
      2.375959029596309,
      0.44933852931749113,
      -2.841063784865925,
      2.5083969324707076,
      0.8182340448536098,
      -0.6771115059216678,
      2.3402172621497583,
      0.5699114032252172,
      -1.5011207030470508
    ],
    [
      2.108664683072559,
      0.45395031818963744,
      -0.14004888793748127,
      1.104805350781377,
      0.9690205485677725,
      -0.2546125148839703,
      2.3911146450370744,
      0.8392629690642328,
      -1.9525696255903693
    ],
    [
      1.2209643319538326,
      0.6029406159657459,
      -1.675557469148114,
      1.3545340621316524,
      0.7015791861728841,
      0.11778135432859715,
      1.3741267767265777,
      0.6187643912293255,
      -1.0936877064887258
    ],
    [
      1.7835418083109666,
      0.2890479845827473,
      -2.9559908425354786,
      0.9062903662432672,
      0.43471321993199563,
      -0.5975557398177143,
      2.0476952558803583,
      0.737329815098242,
      0.9363202186921677
    ],
    [
      1.7552479153270706,
      0.6951510851789555,
      0.26473040209591847,
      1.7056865569212067,
      0.759305467688817,
      0.49418363701794343,
      1.2993336857059457,
      0.47178663537618526,
      -2.237634406502198
    ],
    [
      1.9316980768956,
      0.5697907284411061,
      -0.24729276995236038,
      1.1566872636172658,
      0.9659078501394024,
      -0.38976398562724346,
      2.506311545011425,
      0.7626392349771863,
      -1.9355600674215234
    ],
    [
      2.1655853519121853,
      0.6956498632901196,
      -2.842375361160926,
      2.518385685787451,
      0.29605460228619335,
      -1.49865095088773,
      0.16326048292503478,
      0.41934513045071586,
      -0.1528526353889017
    ],
    [
      2.0675594081629005,
      0.4247109189481458,
      -2.028471110151588,
      1.8589293238729554,
      0.7359510246894516,
      0.3358522154149658,
      2.471558276349996,
      0.7390364545357333,
      -2.6433997779581664
    ],
    [
      2.264360316835855,
      0.46274858415527353,
      -3.0,
      1.1827230343652582,
      0.9959908136403306,
      -0.37524309626830754,
      2.1091106096018684,
      0.865277410194736,
      -1.9370597490913928
    ],
    [
      1.227287164598032,
      0.1042263277136823,
      -0.10029911382706047,
      1.8511015851491557,
      0.7282097559147037,
      -0.10909937406692993,
      0.9573377315845004,
      0.481265158191794,
      -0.6049729968451061
    ],
    [
      2.2012641675667557,
      0.4425721131662247,
      -2.1757661344946118,
      1.68165854607795,
      0.54135442057248,
      -0.6281837230967819,
      2.496914802420756,
      0.8376127929946441,
      -1.89522813066152
    ],
    [
      1.2467175054226736,
      0.821464435974319,
      1.5209178182491492,
      1.7624379905318048,
      0.4187692297402191,
      -0.12900270073943076,
      0.8295066404486093,
      0.5941915871877608,
      -3.0
    ],
    [
      1.9356616087940672,
      0.49832181036257983,
      -0.940164830070126,
      2.3914336222856,
      0.5602511124952141,
      -2.5241296050624085,
      0.30514938512355305,
      0.6602092162712729,
      -1.829187492035591
    ],
    [
      1.2570053632471068,
      0.5311283292148655,
      -2.915728532465193,
      1.17126937839298,
      0.4792939110483937,
      -0.6705480629184513,
      1.3269441392221335,
      0.72704739262591,
      1.561243753602199
    ],
    [
      1.7647919768697085,
      0.4501274617875374,
      -0.0660719557176278,
      1.150201162290216,
      0.7695250357718995,
      0.3720535574816357,
      1.290187141412258,
      0.8711157378353495,
      -2.1938165752934395
    ],
    [
      2.388297992224154,
      0.6875098507787202,
      -0.18146108711504277,
      2.5157077576348006,
      0.6099858996827351,
      0.7491277026418945,
      1.7205726657579017,
      0.8775737373725958,
      -2.1216891233534376
    ],
    [
      1.511939415797037,
      0.7735669545556189,
      -0.03758645537030869,
      1.9422987507203562,
      0.5665250649384385,
      -1.6770603104593018,
      1.471740832086493,
      0.18129124894716075,
      -1.6646178217727097
    ],
    [
      2.5198167545407584,
