{
  "gen": 4,
  "min": 1000000.0,
  "avg": 1000000.0,
  "best_params": [
    1.1861663446573514,
    0.951207163345817,
    1.3919636508684308,
    1.8361096041714062,
    0.16445845403801215,
    -2.0640328779827843,
    0.2684424752877784,
    0.8675143843171859,
    0.606690070459253
  ],
  "pop_params": [
    [
      1.1861663446573514,
      0.951207163345817,
      1.3919636508684308,
      1.8361096041714062,
      0.16445845403801215,
      -2.0640328779827843,
      0.2684424752877784,
      0.8675143843171859,
      0.606690070459253
    ],
    [
      2.153410475608532,
      0.03037864935284442,
      2.819459112971966,
      2.514083658321223,
      0.2202157195714934,
      -1.9090501967573963,
      0.631873078574958,
      0.31119982052994233,
      0.14853858979342682
    ],
    [
      1.3526405540621358,
      0.2983168487960615,
      0.6711173683342766,
      0.5045321958909214,
      0.29922320204986597,
      -0.8018289402378498,
      1.4226029542294043,
      0.7873242017790835,
      -1.8019573070498416
    ],
    [
      1.1726718848011621,
      0.9531590801929695,
      1.6161344279034964,
      1.7767352331431507,
      0.2331963165443665,
      -2.2053550517635148,
      1.778260222955112,
      0.770681638569991,
      0.44305458267817566
    ],
    [
      1.5858756860926282,
      0.5410948965472208,
      0.13334330468099337,
      2.21576384236873,
      0.6233151198828368,
      -0.175881077846372,
      1.3719035573880318,
      0.21752909062231626,
      -2.6051350012612557
    ],
    [
      1.3459877398778466,
      0.3484441926384341,
      1.2659928511902463,
      0.8221714513618448,
      0.6000238082159883,
      2.9234359720549348,
      1.9456107138002847,
      0.9527458869980716,
      0.9043163625160031
    ],
    [
      0.9977468489207604,
      0.4634579962940055,
      1.5093151144681434,
      2.014887372429485,
      0.8385893578874573,
      0.9773652844188458,
      1.3037335093972688,
      0.37675957949232414,
      0.8310449104439344
    ],
    [
      1.2450736336092991,
      0.5135569779403901,
      -0.4711592271535465,
      0.9722921693598281,
      0.51930599692633,
      0.3761322136770673,
      0.8400752129757626,
      0.8616409860975904,
      0.2428584082171118
    ],
    [
      1.912687950417891,
      0.5331804920211136,
      0.12264771462376975,
      2.005977743532904,
      0.6055725248919492,
      0.521089092575227,
      1.0054121496180715,
      0.5713868936879439,
      -1.0844399724504206
    ],
    [
      1.3388377905559778,
      0.9525978362042683,
      0.0683834129777429,
      1.2608038038003235,
      0.6798854165657847,
      2.1677256030185017,
      1.7981535863503,
      0.7002412658753999,
      -0.9066294424549308
    ],
    [
      2.2356581666189044,
      0.8404045187001685,
      2.031719978775916,
      0.8760941069720529,
      0.4602984154252188,
      0.630605108290118,
      2.4445490266915026,
      0.6296918866090201,
      1.1277114335168679
    ],
    [
      1.2081818546891445,
      0.01,
      1.4100961452337515,
      1.003811855199932,
      0.4534751324675704,
      -0.18693560963661207,
      1.1725836036832735,
      0.49673098398123217,
      -1.6674921324619463
    ],
    [
      1.709669702657799,
      0.5040185778571743,
      2.6249858818078935,
      2.943813654239806,
      0.5983246764754625,
      -0.6082062019795162,
      2.051393543203327,
      0.6936262328897,
      0.5658493364679149
    ],
    [
      1.672489319118549,
      0.4510529180946677,
      -0.24203895502258166,
      2.314619437440758,
      0.35358344843436595,
      0.4988204248261055,
      1.8851762397654075,
      0.17977161856991664,
      -2.365413514942363
    ],
    [
      1.809598948655419,
      0.9574781901841274,
      -0.13969247368486704,
      1.252611182612543,
      0.10239525014270807,
      -1.33401546159506,
      2.1249869144839777,
      0.927900917429198,
      0.36690959635496245
    ],
    [
      1.4865250434134123,
      0.5914010282753858,
      0.12821921678611334,
      1.5647321804934988,
      0.40584810028488505,
      -1.4934850421422987,
      1.5223207402649401,
      0.6853570912653396,
      -0.4431759426050561
    ],
    [
      1.937467314506317,
      0.26859618482426784,
      2.3028625871549613,
      1.8841892604411292,
      0.2581542364155115,
      -0.7143419759723788,
      1.9264034569398403,
      0.17991445265508962,
      0.5403190130118627
    ],
    [
      1.5400334782446443,
      0.7464346944726901,
      -0.6397391757276216,
      1.2555815690874603,
      0.19734534485990254,
      0.8823634227522896,
      1.8195238015046473,
      0.801183774397421,
      -0.882848859939769
    ],
    [
      1.393945497026774,
      0.3189000763262201,
      -0.1153451012440927,
      1.8000781305671385,
      0.27032259444527007,
      -0.41864094347931124,
      1.9643516012208537,
      0.1768572598217114,
      -2.587708643837473
    ],
    [
      1.3594837724758093,
      0.30917770469418265,
      1.5581831033389326,
      1.9268450256404897,
      0.5946180336214069,
      2.7664072829168136,
      2.035475968778786,
      0.7008300515764693,
      0.9246896491437091
    ],
    [
      2.0895943581968393,
      0.8278726860010144,
      -1.2929283823560485,
      0.9531539732301815,
      0.507939303811997,
      0.10270123861867234,
      2.1801418747141357,
      0.7070831141697304,
      1.4707811082787359
    ],
    [
      2.153410475608532,
      0.03037864935284442,
      2.819459112971966,
      2.514083658321223,
      0.2202157195714934,
      -1.9090501967573963,
      0.631873078574958,
      0.31119982052994233,
      0.14853858979342682
    ],
    [
      1.312204381060822,
      0.8319828671298907,
      -1.7637287316777501,
      1.075979715840048,
      0.4620383038246997,
      0.06442952113387834,
      0.28316568350188903,
      0.8670838854809658,
      -1.4297868373418705
    ],
    [
      2.1692852161353198,
      0.5974934266060733,
      -0.33049276907911807,
      1.3403931001169724,
      0.46417147998164954,
      -0.4965447884650209,
      1.3041482313451935,
      0.4362232785071331,
      -0.2730220977067267
    ],
    [
      1.864090746528765,
      0.5606414955407955,
      0.12250453169034481,
      2.2539217082519962,
      0.6603019400546772,
      1.4374567857985994,
      0.9885290536529008,
      0.3613735929380226,
      0.7879694077668027
    ],
    [
      1.1452256592527508,
      0.6042824898923734,
      -1.3789620498313944,
      1.8611091556190986,
      0.4390701827265268,
      -2.3836927412402114,
      1.8608982776492935,
      0.6510051989248754,
      -1.5314773018016796
    ],
    [
      1.1813042956556814,
      0.967224160724137,
      1.7746626561353118,
      1.0893201148569718,
      0.28212455610546894,
      -1.2443204423385978,
      1.3702545583554844,
      0.7513895873072235,
      0.6208153710103534
    ],
    [
      1.6813900312546302,
      0.5238461584304149,
      1.352452822630002,
      2.1316930239825638,
      0.6083133591402312,
      0.09559178340740843,
      1.7232272396651165,
      0.2542636053258799,
      -0.7364066919931415
    ],
    [
      1.396948886228906,
      0.3846238206750612,
      1.215751809492959,
      1.0391748569736001,
      0.5062436797496539,
      -1.7369480678027607,
      1.1348991502055368,
      0.549590948845539,
      -0.036478680352887594
    ],
    [
      0.7828791494049264,
      0.01,
      0.16550708513364532,
      1.9789647927521088,
      0.7953078452131396,
      1.9180479745554364,
      1.4104356990265023,
      0.4150433654424827,
      0.8133181243911961
    ],
    [
      1.3055158204871808,
      0.4045096815780048,
      -1.1808252822916432,
      0.9911246902296892,
      0.46002212787911867,
      -0.9563653247028014,
      1.0124978479500075,
      0.899640994333674,
      0.12211488222321121
    ],
    [
      1.137666766474485,
      0.8797347733875487,
