{
  "gen": 5,
  "min": 1000000.0,
  "avg": 1000000.0,
  "best_params": [
    1.1861663446573514,
    0.951207163345817,
    1.3919636508684308,
    1.8361096041714062,
    0.16445845403801215,
    -2.0640328779827843,
    0.2684424752877784,
    0.8675143843171859,
    0.606690070459253
  ],
  "pop_params": [
    [
      1.1861663446573514,
      0.951207163345817,
      1.3919636508684308,
      1.8361096041714062,
      0.16445845403801215,
      -2.0640328779827843,
      0.2684424752877784,
      0.8675143843171859,
      0.606690070459253
    ],
    [
      2.153410475608532,
      0.03037864935284442,
      2.819459112971966,
      2.514083658321223,
      0.2202157195714934,
      -1.9090501967573963,
      0.631873078574958,
      0.31119982052994233,
      0.14853858979342682
    ],
    [
      1.3526405540621358,
      0.2983168487960615,
      0.6711173683342766,
      0.5045321958909214,
      0.29922320204986597,
      -0.8018289402378498,
      1.4226029542294043,
      0.7873242017790835,
      -1.8019573070498416
    ],
    [
      2.0895943581968393,
      0.8278726860010144,
      -1.2929283823560485,
      0.9531539732301815,
      0.507939303811997,
      0.10270123861867234,
      2.1801418747141357,
      0.7070831141697304,
      1.4707811082787359
    ],
    [
      1.3956741265636003,
      0.3070640379951541,
      -1.1455883183091853,
      0.8179698310617238,
      0.48681955135544797,
      1.1887582950335391,
      1.746481489145152,
      0.8149065250289006,
      0.12039722676486486
    ],
    [
      1.4212923523758973,
      0.6242567968326004,
      1.8507204086388966,
      1.0956651923898628,
      0.24890568710803718,
      0.01041389141562582,
      1.2157099213395526,
      0.6780817568335747,
      -2.596598913339411
    ],
    [
      2.042502053559666,
      0.529139601004621,
      -0.5541740726965585,
      2.0839640933335835,
      0.5869548382811338,
      0.7852368577923972,
      1.5638946831261988,
      0.4424322375422107,
      1.2638800507480745
    ],
    [
      1.5362953550352565,
      0.26584665651707956,
      -0.5318598731867334,
      1.243301544944399,
      0.3711699645635116,
      2.120252061425932,
      1.8294041328670774,
      0.7419761982881493,
      -0.5016126522595499
    ],
    [
      1.3904386961413313,
      0.39320331756340043,
      0.055039812201252925,
      1.795887106868238,
      0.6036197181137308,
      0.6567937804607562,
      1.9496897208040365,
      0.1474203853953636,
      -1.3405889413394987
    ],
    [
      1.340641636756721,
      0.31014448533531863,
      -0.18397868330847628,
      1.1292827693445457,
      0.3065970632286159,
      -2.4434896196705225,
      1.900915434318832,
      0.8259610025497057,
      -1.928472783641289
    ],
    [
      1.5113687989663256,
      0.48395081679119134,
      1.4123749115537025,
      0.9547910799808731,
      0.4588425062423902,
      -0.1713083847793546,
      0.7986705857652333,
      0.7082737081789778,
      0.48844782224447053
    ],
    [
      1.809598948655419,
      0.9574781901841274,
      -0.13969247368486704,
      1.252611182612543,
      0.10239525014270807,
      -1.33401546159506,
      2.1249869144839777,
      0.927900917429198,
      0.36690959635496245
    ],
    [
      0.8921920778914166,
      0.6410220030658006,
      0.23545123818452596,
      2.0949851110922726,
      0.47913111506550415,
      3.0,
      1.2286457770928993,
      0.666859659828519,
      -1.0598310549781478
    ],
    [
      2.1047522628384043,
      0.7799795347851648,
      -0.03913568747419438,
      2.194486598962592,
      0.5435117147607998,
      0.570950297651216,
      1.271505466316588,
      0.7081449798620323,
      -0.04879794894063583
    ],
    [
      1.1861663446573514,
      0.951207163345817,
      0.8958054575204994,
      1.8361096041714062,
      0.16445845403801215,
      -2.0640328779827843,
      0.2684424752877784,
      0.8675143843171859,
      0.606690070459253
    ],
    [
      1.4314412564278247,
      0.3353192301440461,
      1.207132154217164,
      1.0445142024714866,
      0.49108621100066546,
      -0.8837100180724164,
      1.1563106313702212,
      0.5357047588135755,
      -0.3605164216579114
    ],
    [
      1.6372435239208563,
      0.8337766209583566,
      -1.4622389169813372,
      2.531498272287961,
      0.7474840432252747,
      -1.399025396309592,
      1.5639690336154637,
      0.5553388210506067,
      -1.0996055232325617
    ],
    [
      1.3294338231345193,
      0.7071363691779056,
      0.04764668426815749,
      1.6803083195704813,
      0.3172650172816209,
      -0.5844614481758053,
      2.2047824548603576,
      0.1446780952645113,
      -0.41343568991722135
    ],
    [
      1.2607836104336776,
      0.4664310492302031,
      1.798614008803805,
      0.8311898657374294,
      0.4958097462548704,
      -0.15645775245225707,
      0.8978206505187736,
      0.48212992827850687,
      -1.4155398762943179
    ],
    [
      1.3588131944234456,
      0.5208339897928536,
      0.8992771462872429,
      1.028074945185908,
      0.5715462389771769,
      0.348080890218601,
      1.8082364497199936,
      0.29631316996742885,
      -0.4845600622886481
    ],
    [
      1.8842935404066394,
      0.6277733439337737,
      0.20994382741701556,
      1.3560894418645302,
      0.608565048208014,
      -0.4802536151415972,
      1.9850029680181926,
      0.3021152399191503,
      0.3777835152957192
    ],
    [
      1.3318996083967496,
      0.6659878693282814,
      -0.011750961912950837,
      1.5300092208286562,
      0.6451237117317559,
      2.20313709162656,
      0.7547541517971488,
      0.6238366391805814,
      -0.20535996657967837
    ],
    [
      1.4867111574893097,
      0.7425026041640844,
      0.8718397133260176,
      1.9801079762765834,
      0.5091856375864927,
      1.3934883595674337,
      0.9003203987913426,
      0.6268791732112734,
      -1.258404451630131
    ],
    [
      1.3594837724758093,
      0.30917770469418265,
      1.5581831033389326,
      1.9268450256404897,
      0.5946180336214069,
      2.7664072829168136,
      2.035475968778786,
      0.7008300515764693,
      0.9246896491437091
    ],
    [
      1.5764932937120029,
      0.7461111904056642,
      0.106065438272542,
      1.2531025339162314,
      0.44900680869931164,
      -0.33864683593352574,
      1.2163831464499586,
      0.7235006118721223,
      -1.4804178097452039
    ],
    [
      1.1261892067200918,
      0.609507838823909,
      3.0,
      2.35815664644703,
      0.5344043233747993,
      -0.3528489413569693,
      1.5204192745128529,
      0.24795334296412055,
      -2.929300476577988
    ],
    [
      2.070926808094104,
      0.8335558499623305,
      -0.5738059989924695,
      1.8157951525642284,
      0.33317685578439876,
      -1.2738868994711885,
      1.6262626731600556,
      0.718617907920334,
      -2.8555214797743185
    ],
    [
      1.4737671666523497,
      0.38915111687991366,
      -1.447154515854976,
      1.1784789286149633,
      0.5171372261667175,
      -1.3194412922525918,
      1.627050912753072,
      0.5860946370391039,
      2.333277225185995
    ],
    [
      1.4571477536455237,
      0.6820069347371203,
      1.0185541434084557,
      1.4544002181398528,
      0.34443061473683523,
      -0.2720714805472497,
      1.5226183163184805,
      0.7531894081744771,
      -2.7537318430924937
    ],
    [
      2.115409186510361,
      0.5979921400559285,
      -0.85859374839192,
      2.153576432686669,
      0.5534259530038592,
      1.2778930194207245,
      1.973903674732473,
      0.312667973193517,
      1.4684899446417525
    ],
    [
      1.4193305943436174,
      0.5209212576000821,
      -1.388338446790741,
      1.1745537491775555,
      0.21480710836480157,
      2.05996594223073,
      1.8921860322442554,
      0.7493092683635698,
      0.2836952986402377
    ],
    [
      1.338691220965638,
      0.780104199662376,
