{
  "gen": 6,
  "min": 0.1830830182080459,
  "avg": 0.844411148856488,
  "best_params": [
    1.4636838814776851,
    0.636170125081968,
    0.3711805911682976,
    1.8524885759684415,
    0.4447712087463053,
    -0.15552019685169988,
    2.0472540596603825,
    0.021328259615390463,
    -1.4516382073645453
  ],
  "pop_params": [
    [
      1.4636838814776851,
      0.636170125081968,
      0.3711805911682976,
      1.8524885759684415,
      0.4447712087463053,
      -0.15552019685169988,
      2.0472540596603825,
      0.021328259615390463,
      -1.4516382073645453
    ],
    [
      1.4636838814776851,
      0.636170125081968,
      0.3711805911682976,
      1.8524885759684415,
      0.4447712087463053,
      -0.15552019685169988,
      2.0472540596603825,
      0.021328259615390463,
      -1.4516382073645453
    ],
    [
      1.431114753161195,
      0.5319873219202825,
      0.10263757919652572,
      1.8695500002131344,
      0.8256450371595704,
      0.3017957138307393,
      1.186808221281133,
      0.08741872405444477,
      -1.1386256518915907
    ],
    [
      0.741318208327669,
      0.6359158819869539,
      1.013558285190106,
      1.5996025399277036,
      0.5690140837650126,
      0.38494724211585496,
      1.958934677041052,
      0.3549963087423112,
      -2.461376204336802
    ],
    [
      0.48218679672388115,
      0.7320105755670473,
      3.0,
      1.7956137162151458,
      0.642880790363846,
      -0.27606166621740247,
      1.8995598036169252,
      0.02338615546100692,
      -2.053669676253803
    ],
    [
      0.946708299202651,
      0.7075513893993199,
      0.7120131658861336,
      2.1697935285767267,
      0.7231473372113737,
      -0.3133030817383285,
      1.1022669380625394,
      0.22384951670623424,
      -1.9971449885853287
    ],
    [
      0.7272201940662792,
      0.6225826620086745,
      2.0882787907731784,
      2.024225775868728,
      0.6266054514919708,
      -0.5394596126645089,
      1.1259542855802578,
      0.4214995966195837,
      0.3305509046295656
    ],
    [
      0.5940627747428148,
      0.7664323145977621,
      1.0643200276799296,
      2.026635627534211,
      0.7403234921003313,
      1.019894817125821,
      1.5402833708651649,
      0.11047280667758973,
      -1.8662504513294396
    ],
    [
      0.3134196626550483,
      0.6681313110590616,
      2.9059392389338083,
      1.992481102197063,
      0.7323232108630986,
      -0.16948796559833249,
      1.2713383356937493,
      0.19327044829437287,
      -2.649035392720506
    ],
    [
      1.045136900587985,
      1.0,
      0.9163427827173485,
      1.7820022049377777,
      0.6953357375862813,
      0.31496815494626196,
      0.6232012289256134,
      0.8126119565809348,
      3.0
    ],
    [
      0.8948362325144721,
      0.5296171508821604,
      1.3195929838254081,
      1.9695585174820962,
      0.690632374090084,
      -0.028163738924676066,
      1.2431061884032761,
      0.1701648401176357,
      -1.4670133017917102
    ],
    [
      1.0321694644065451,
      0.7200681506115949,
      0.9169110427069679,
      1.8768193118812002,
      0.7644537160155972,
      -0.2158510542236478,
      0.5210600528418484,
      0.4502238017635509,
      -0.5626847979486411
    ],
    [
      2.134393277639417,
      0.6626662003736513,
      -0.139456082708719,
      1.6031575144332415,
      0.8629728989217359,
      -0.05759082792932842,
      0.8702244191762072,
      0.25309131049917616,
      -1.1919141354887426
    ],
    [
      1.4400943237368062,
      0.4969578732970341,
      0.6487068665494902,
      1.8500601426079057,
      0.8056302064365762,
      0.3087206225105489,
      0.7553342398347905,
      0.3576283791963819,
      0.6739402910338375
    ],
    [
      0.7475069160508528,
      0.9510198171613489,
      2.1663526970699523,
      1.584293276561996,
      0.3338518868661295,
      -0.43034183315813435,
      2.123838983104805,
      0.33115529359516543,
      -0.8929116560146304
    ],
    [
      0.5171253052685663,
      0.7429620048498595,
      2.485166248367297,
      1.837107498182778,
      0.8056193566323985,
      -0.1119888959642687,
      1.477231773901202,
      0.23727151271237415,
      -2.1014274841373854
    ],
    [
      0.7225470905800865,
      0.9540231322146461,
      1.0365103516547012,
      1.7853799417280545,
      0.7465993360590916,
      2.2372168733152202,
      0.5962990261698154,
      0.5088115173766121,
      -0.18105094026559243
    ],
    [
      1.506616599615112,
      0.6337441352756714,
      1.8628262518134056,
      1.663241976312681,
      0.4161898330373495,
      0.2642300840396755,
      2.0672040355158314,
      0.2587978509261649,
      -1.4526874037106134
    ],
    [
      0.6482462135824039,
      0.8781484238978703,
      0.9760399338681757,
      1.8488895594032742,
      0.3550575877054115,
      -1.4162222146281414,
      1.1676142352780325,
      0.40037474892009034,
      -1.370485579341415
    ],
    [
      0.4744671399631999,
      0.7429653572179161,
      3.0,
      1.8054005057615528,
      0.8049956925557737,
      -0.4370019566948522,
      1.9640508136823445,
      0.21634679801292372,
      -2.1505399210817098
    ],
    [
      1.4636838814776851,
      0.636170125081968,
      0.47521783046557353,
      1.8524885759684415,
      0.4447712087463053,
      -0.15552019685169988,
      2.0472540596603825,
      0.021328259615390463,
      -1.4516382073645453
    ],
    [
      1.431114753161195,
      0.5319873219202825,
      0.10263757919652572,
      1.8695500002131344,
      0.8256450371595704,
      0.3017957138307393,
      1.186808221281133,
      0.08741872405444477,
      -1.1386256518915907
    ],
    [
      0.7082621741367866,
      0.7373004668544321,
      1.336559634265348,
      2.050910786293255,
      0.5086833786685738,
      -0.4586214114142455,
      1.1581341379964372,
      0.3919673921020287,
      -0.4923516138294983
    ],
    [
      1.360767142855372,
      0.5274894282598168,
      0.2098468171190427,
      1.8671134665305862,
      0.8142461239575586,
      0.14647973274178713,
      1.1717365907560864,
      0.09506870173026716,
      -1.1626202999629514
    ],
    [
      0.23927262383775535,
      0.5320555921951619,
      1.4219394881161884,
      1.9190044824045134,
      0.7889233514703202,
      0.0703176451567199,
      1.2051562299751137,
      0.1467953347616101,
      -1.3485462534185844
    ],
    [
      1.1539273669335572,
      0.5671959456374509,
      0.7406075690859943,
      2.1884711817270626,
      0.8639691393690213,
      0.3739768739931044,
      1.1842259826563082,
      0.09344088593663423,
      -0.8540112282540225
    ],
    [
      0.547267600892244,
      0.6143617692689224,
      2.0005599624187433,
      1.852683472979334,
      0.48778110032651323,
      -0.15565404299688074,
      2.087821872627031,
      0.48789334268912893,
      -1.1735299929744716
    ],
    [
      0.6138900135361207,
      0.5350745090725026,
      3.0,
      1.5629027919943332,
      0.7319328833969411,
      0.14089583615887713,
      1.6574752604209653,
      0.20594710060971322,
      -1.1321637908526603
    ],
    [
      0.9533255205853636,
      0.5324905610587828,
      0.6717838284848117,
      1.4608936591609256,
      0.732632838534557,
      0.035627353902480924,
      1.9986168449864885,
      0.12516391202082863,
      -1.1312796787011243
    ],
    [
      0.3155617964122725,
      0.4676915893482688,
      2.822881588504016,
      1.98570670317581,
      0.7430034382933166,
      -0.2264078612061753,
      1.2114467737693668,
      0.16288614462490764,
      -3.0
    ],
    [
      1.6972907489813007,
      0.5344719767539771,
      0.6446142835068499,
      1.8280754498302547,
      0.830873501306825,
      0.22994711425404118,
      1.548005744369286,
      0.2977463570155425,
      -1.618225077250027
    ],
    [
      0.7120080357826564,
      0.672637331614592,
      2.0701904865741443,
