{
  "gen": 5,
  "min": 0.1830830182080459,
  "avg": 1.982018884005207,
  "best_params": [
    1.4636838814776851,
    0.636170125081968,
    0.3711805911682976,
    1.8524885759684415,
    0.4447712087463053,
    -0.15552019685169988,
    2.0472540596603825,
    0.021328259615390463,
    -1.4516382073645453
  ],
  "pop_params": [
    [
      1.4636838814776851,
      0.636170125081968,
      0.3711805911682976,
      1.8524885759684415,
      0.4447712087463053,
      -0.15552019685169988,
      2.0472540596603825,
      0.021328259615390463,
      -1.4516382073645453
    ],
    [
      1.431114753161195,
      0.5319873219202825,
      0.10263757919652572,
      1.8695500002131344,
      0.8256450371595704,
      0.3017957138307393,
      1.186808221281133,
      0.08741872405444477,
      -1.1386256518915907
    ],
    [
      1.431114753161195,
      0.5319873219202825,
      0.10263757919652572,
      1.8695500002131344,
      0.8256450371595704,
      0.3017957138307393,
      1.186808221281133,
      0.08741872405444477,
      -1.1386256518915907
    ],
    [
      0.8030015259706956,
      0.6667349280366507,
      -1.0738872790256255,
      1.9428490844670954,
      0.700154779540204,
      -2.3596943214815984,
      0.980146543750083,
      0.07332023331305648,
      -1.3327658205141775
    ],
    [
      0.7035186790212219,
      0.9309793073843435,
      2.1201473380947444,
      1.941694380848344,
      0.47848172483524504,
      -0.029962670966185434,
      0.3745009853922676,
      0.42451723340239556,
      0.29956091258118844
    ],
    [
      2.0573407136893307,
      0.6294056014406435,
      0.8318894701909197,
      1.5855817285324527,
      0.5842716492253106,
      -0.8926039926760204,
      1.0386349449217234,
      0.6929738155604019,
      -1.5931019515406928
    ],
    [
      0.5940627747428148,
      0.7782876597378386,
      1.0643200276799296,
      2.026635627534211,
      0.7403234921003313,
      -0.3203057135101241,
      1.5402833708651649,
      0.11047280667758973,
      -1.8662504513294396
    ],
    [
      0.6926305517578154,
      0.8100874704212644,
      -0.3475156307954981,
      2.1190135427664902,
      0.8149359946325164,
      -0.027267521280995743,
      1.5546539465315927,
      0.057124982433967415,
      -1.7715515219167808
    ],
    [
      0.42407070596168484,
      0.7429653572179161,
      3.0,
      1.8054005057615528,
      0.8049956925557737,
      -0.4370019566948522,
      1.9640508136823445,
      0.21634679801292372,
      -2.1505399210817098
    ],
    [
      0.7645007825878276,
      0.5724883463702889,
      0.7905507965709112,
      1.8264682129150909,
      0.6768656993425242,
      0.33036380948234595,
      0.8678558432434921,
      0.08205598919139867,
      -2.4315118769333663
    ],
    [
      0.6138900135361207,
      0.5350745090725026,
      0.9262098359557639,
      1.725809426814075,
      0.7319328833969411,
      0.14089583615887713,
      1.6574752604209653,
      0.20594710060971322,
      -1.1321637908526603
    ],
    [
      1.0142219130400034,
      0.4426073979791358,
      0.3760035577500642,
      1.6418987796203897,
      0.5504190902371853,
      -0.03177522503764402,
      1.9771343713092708,
      0.2697765762491334,
      0.610865145868235
    ],
    [
      1.7555488382775442,
      0.48237617549082024,
      0.3363037025845987,
      1.6136935773415357,
      0.6371848162807265,
      0.024474459369073,
      1.7063437152370025,
      0.2224149385621028,
      -1.8624077987765861
    ],
    [
      1.5256211904828312,
      0.5901630336822293,
      0.15750363950936475,
      1.881340492857309,
      0.8338231065493984,
      -0.08423888799963236,
      0.9489648768803501,
      0.2574117121163811,
      -1.152184198002857
    ],
    [
      1.3641895743783625,
      0.4919129101113863,
      0.13955810771964677,
      1.717376509992144,
      0.7450383221490383,
      0.03805937179808226,
      1.267290840492994,
      0.24891426592620022,
      -1.3585623518441583
    ],
    [
      1.1861663446573514,
      0.951207163345817,
      1.3919636508684308,
      1.8361096041714062,
      0.16445845403801215,
      -2.0640328779827843,
      0.2684424752877784,
      0.9677177106698851,
      0.606690070459253
    ],
    [
      1.2376566133704268,
      0.8866980068824604,
      -0.15532294520335813,
      1.6098337152701032,
      0.31470258639339577,
      0.8391820123141416,
      0.8520235896390198,
      0.14144478176624103,
      -1.2288406697161682
    ],
    [
      0.6411915355164107,
      0.7345150376008566,
      1.0385386300967059,
      2.119070194290621,
      0.47377952395165795,
      -0.22364771470114234,
      2.006206422278969,
      0.21074240577250616,
      -2.001361036532636
    ],
    [
      0.42790678721846126,
      0.7105950641500064,
      1.5992263402378168,
      1.8675953315729985,
      0.6505557282331552,
      -0.08869515547267372,
      1.2396054959437015,
      0.40801970924867353,
      -1.7410878776090166
    ],
    [
      0.5428431521287672,
      0.7354866416120409,
      2.4148470321653246,
      1.753404824979312,
      0.7301190358250149,
      -0.08369605256875087,
      1.345631365015485,
      0.16697308133077368,
      -3.0
    ],
    [
      2.2034498324389364,
      0.7139790404586994,
      0.0057179081086169425,
      1.505800222828845,
      0.6432875311641246,
      0.941317404575262,
      2.07236536183116,
      0.23091429241617556,
      0.4985833016043224
    ],
    [
      1.3049925604670811,
      0.8184302393309186,
      0.910331133614265,
      1.8491706560420778,
      0.5427428444377517,
      -1.862184571910499,
      1.023030753433284,
      0.7776231310655651,
      -1.5745446448222573
    ],
    [
      1.303996132746636,
      0.9844395051031823,
      0.9507538363748517,
      1.748693523366659,
      0.15278643382934365,
      0.7151770179125299,
      0.3388165259229813,
      0.80263391418037,
      1.05064767684451
    ],
    [
      0.31635619987291785,
      0.5320552483457609,
      2.914874572878105,
      1.9845568632064348,
      0.7708298029568964,
      -0.19507938777975373,
      1.2166563936431107,
      0.2005971175134708,
      -1.4682837509646194
    ],
    [
      1.0740366250530062,
      1.0,
      2.131381602651842,
      1.6498553099585322,
      0.2958190752277292,
      -0.669233303487571,
      0.44947325137752225,
      0.4921142456588569,
      0.5761538894922007
    ],
    [
      0.8318473221572222,
      0.6543809715169638,
      0.3013543644304644,
      1.954075406605212,
      0.41158416448902185,
      -0.18323668614583824,
      1.9159622827624183,
      0.015801862234840758,
      -1.3873926458859918
    ],
    [
      1.4567823455098365,
      0.6289042011926758,
      -0.06541009892686495,
      1.1118959026139417,
      0.49422612384282877,
      -0.5254247094409307,
      1.8848058901702247,
      0.09045036816757705,
      -1.4464717994332998
    ],
    [
      1.2828376367400334,
      0.5265555861556824,
      0.4907940946915649,
      1.86334891044448,
      0.6836988341400562,
      0.07350810130802474,
      1.853228070664946,
      0.01,
      -1.4671795703075794
    ],
    [
      0.8770336231265123,
      0.6213776157555633,
      1.8049345348864962,
      1.8142332215215315,
      0.5548913028409348,
      0.1958301556050449,
      1.850228157733165,
      0.2435805414791355,
      -1.2753266118030795
    ],
    [
      0.3263605897810613,
      0.7186605905114912,
      0.31324997550878436,
      2.2183593327993423,
      0.5869212013905915,
      0.27759593638009106,
      1.9445844260236598,
      0.05736921423357023,
      -1.2908897065185385
    ],
    [
      0.2376968297167398,
      1.0,
      2.317221362100539,
      1.8934110146337118,
      0.1494166103077637,
      -1.4317601127347461,
      0.8938557958234841,
      0.4904937996400902,
      -1.2668187258310306
    ],
    [
      0.29403106830016934,
