{
  "gen": 13,
  "min": 0.022323027871775834,
  "avg": 0.4943282921151118,
  "best_params": [
    1.0988284178742098,
    0.6442935933205081,
    0.5609453707624811,
    1.6662912632950915,
    0.5352047811261503,
    -0.004447063463544149,
    1.9699682963246032,
    0.05116943185479345,
    -1.3395546741008544
  ],
  "pop_params": [
    [
      1.0988284178742098,
      0.6442935933205081,
      0.5609453707624811,
      1.6662912632950915,
      0.5352047811261503,
      -0.004447063463544149,
      1.9699682963246032,
      0.05116943185479345,
      -1.3395546741008544
    ],
    [
      1.0759529550392894,
      0.6439881820698768,
      0.5701538230985718,
      1.8830451303471791,
      0.5346799423972256,
      -0.1304646965626717,
      1.9313739034613655,
      0.0531509165785598,
      -1.39504977030029
    ],
    [
      1.0759529550392894,
      0.6439881820698768,
      0.5701538230985718,
      1.8830451303471791,
      0.5346799423972256,
      -0.1304646965626717,
      1.9313739034613655,
      0.0531509165785598,
      -1.39504977030029
    ],
    [
      0.9080629528098693,
      0.6424463336594306,
      0.5693248861130744,
      1.817227156316762,
      0.5361898142763554,
      -2.621579629689171,
      1.9476070160890164,
      0.05233320508148055,
      -1.4377737575379865
    ],
    [
      1.1737345592803514,
      0.6402423978964824,
      0.4123049825597817,
      1.9081249151752186,
      0.537635703018588,
      0.3375162001314904,
      1.9327941753921625,
      0.04223814326074743,
      -1.4826781245069294
    ],
    [
      1.075969140189932,
      0.6254362958985018,
      0.4841832135654608,
      2.0056887948143487,
      0.5351908824873435,
      1.4669583543688864,
      1.792648283764273,
      0.056496039649997935,
      -1.3846072633103492
    ],
    [
      1.1213075441131168,
      0.5785951600488319,
      -0.3957117289782456,
      2.098228481176989,
      0.5400966705738064,
      -0.12070397379609785,
      1.9541908153220344,
      0.051878319850733844,
      -1.9761127811339965
    ],
    [
      1.0759529550392894,
      0.6439881820698768,
      0.5701538230985718,
      1.8830451303471791,
      0.5870593620415187,
      -0.1304646965626717,
      1.9313739034613655,
      0.0531509165785598,
      -0.8304379534460218
    ],
    [
      1.261483488071271,
      0.6417640349538244,
      0.37490695469051905,
      1.9070501768236219,
      0.5563272033278592,
      -0.11286968928896729,
      1.914720629670608,
      0.05270045312155164,
      -1.3771230254449578
    ],
    [
      1.3577246252221458,
      0.6430314008284608,
      0.37490332432528445,
      1.996874084865668,
      0.538257267230532,
      -1.8820085714834731,
      1.0758453643215375,
      0.05305782036910587,
      -1.4538699898320153
    ],
    [
      1.0859079083004843,
      0.6264122952154401,
      0.429220191142227,
      2.0075363845962957,
      0.6375627203143148,
      -0.12716439995387074,
      1.710376277339116,
      0.06723396525278515,
      -1.3123168403796854
    ],
    [
      1.458844688054548,
      0.6983648039505181,
      0.2504823221659807,
      1.581908754999597,
      0.5939222986354875,
      -2.598821234132169,
      2.0827938837072715,
      0.015432965282528481,
      -1.603494920429426
    ],
    [
      1.0759529550392894,
      0.6439881820698768,
      0.5701538230985718,
      1.8830451303471791,
      0.5346799423972256,
      -0.1304646965626717,
      1.9313739034613655,
      0.0531509165785598,
      -1.7156147534303956
    ],
    [
      1.1979706081365458,
      0.6167578674190055,
      0.3831301949744099,
      1.9559699811664255,
      0.5849439296599412,
      -0.1696492924707465,
      1.7729944403105034,
      0.054674034783933345,
      -1.383688216334862
    ],
    [
      1.4046866143237722,
      0.6364169602810752,
      0.4321405056290228,
      2.0158521640717515,
      0.5478968589238213,
      -0.08193076628552813,
      1.795821425237276,
      0.05408900257712162,
      -1.356763114678283
    ],
    [
      1.2064540552218392,
      0.6282568401120188,
      0.43306265907841174,
      2.021664639119893,
      0.5431428472679047,
      0.4467512920104538,
      1.7695626094184325,
      0.054288386648792736,
      -1.3449996840417657
    ],
    [
      1.1179746474627221,
      0.6454052284442399,
      0.5618017666844121,
      1.835621910650169,
      0.5354138372780882,
      -0.14720022580025474,
      1.8086486535132733,
      0.05699270635423448,
      -2.7217472806521408
    ],
    [
      1.2758087614698563,
      0.6288177790812838,
      0.49997662849437574,
      1.7574789804041682,
      0.5462681843623274,
      -0.20430993847040213,
      1.8438160804106027,
      0.02792102287531852,
      -1.3656075752736494
    ],
    [
      1.1256801298612087,
      0.6200675028775624,
      0.4371205205261871,
      1.91046740109667,
      0.5932471662745041,
      -0.13334135506149492,
      1.6888902521706008,
      0.050136716150485275,
      -1.3840509689807503
    ],
    [
      1.5179284517721578,
      0.6309902165496771,
      0.5794008905584623,
      1.9186563801680165,
      0.5482859657449793,
      -0.13614432684550468,
      1.8014478733539663,
      0.06370952826577665,
      -1.397948489515311
    ],
    [
      0.9736797294258834,
      0.6293404039432606,
      0.3578590453536145,
      1.9382298062490995,
      0.4938000144695031,
      -0.14568275819820944,
      2.0000768921285226,
      0.05052848034447651,
      -1.2989258378848063
    ],
    [
      1.2385467557715555,
      0.5871287261069581,
      0.5185034537161399,
      1.8106040558545409,
      0.428403623490253,
      -0.08962936211230758,
      1.8778641471748305,
      0.16661860388637426,
      -1.1283450396889572
    ],
    [
      1.1557158660559468,
      0.610707120402386,
      1.8163565626527973,
      1.9579626397497616,
      0.5355527775992485,
      -0.13548198671705447,
      1.8537110643261436,
      0.08905499169820996,
      -2.39105913636157
    ],
    [
      1.2630289770249101,
      0.6377957987214021,
      0.5644311276187706,
      1.7749531116821107,
      0.503273927130214,
      -0.1321453425632014,
      1.9309253936634811,
      0.04032490834298529,
      -1.4446494545069521
    ],
    [
      1.1000933195629758,
      0.6448762405108092,
      0.5701538230985718,
      1.5356131985392687,
      0.5346799423972256,
      -0.9452411123184303,
      1.9236979443359297,
      0.07112691399840859,
      -1.39504977030029
    ],
    [
      1.2061530500179862,
      0.5893662881374709,
      0.4393256666813855,
      1.9719555640842261,
      0.4118528495543206,
      -0.08135193398219911,
      1.8311398833866543,
      0.06663202091027091,
      -1.3433895409589685
    ],
    [
      1.3155303078923304,
      0.5895109403145319,
      0.4433938581928142,
      1.6277965657100908,
      0.3686009665623091,
      -0.13184447217307338,
      1.4627197119025976,
      0.01,
      -1.4297823080525585
    ],
    [
      1.097421866794318,
      0.641027713910826,
      0.5346381753171978,
      1.6351307250552058,
      0.5822972286882184,
      -0.024357176422568915,
      1.979572753484524,
      0.25904488628779093,
      -1.3056189662258595
    ],
    [
      1.3657054462793725,
      0.6331847355184288,
      0.4816985128167447,
      1.985629988538615,
      0.5534348582321034,
      -0.12739769116976965,
      1.9423884935987075,
      0.054424090498686864,
      -1.3429573074872325
    ],
    [
      1.2551336562391155,
      0.6623032721774829,
      0.5219796835135595,
      1.7496425656677428,
      0.5447082309054104,
      -0.13297395994498418,
      1.5659615222810483,
      0.01,
      -3.0
    ],
    [
      1.0759529550392894,
      0.6439881820698768,
      0.5701538230985718,
      1.8830451303471791,
      0.47186530482312794,
      -0.1304646965626717,
      1.9313739034613655,
      0.0531509165785598,
      -1.39504977030029
    ],
    [
