{
  "gen": 4,
  "min": 0.1830830182080459,
  "avg": 0.8127790019737279,
  "best_params": [
    1.431114753161195,
    0.5319873219202825,
    0.10263757919652572,
    1.8695500002131344,
    0.8256450371595704,
    0.3017957138307393,
    1.186808221281133,
    0.08741872405444477,
    -1.1386256518915907
  ],
  "pop_params": [
    [
      1.431114753161195,
      0.5319873219202825,
      0.10263757919652572,
      1.8695500002131344,
      0.8256450371595704,
      0.3017957138307393,
      1.186808221281133,
      0.08741872405444477,
      -1.1386256518915907
    ],
    [
      0.6926305517578154,
      0.8100874704212644,
      1.0868368855235957,
      2.1190135427664902,
      0.7431150809926954,
      -0.027267521280995743,
      1.5546539465315927,
      0.057124982433967415,
      -1.7715515219167808
    ],
    [
      2.2034498324389364,
      0.7139790404586994,
      0.0057179081086169425,
      1.505800222828845,
      0.6432875311641246,
      0.33461031437221245,
      2.07236536183116,
      0.23091429241617556,
      -1.2883524283896253
    ],
    [
      2.2358758488138886,
      0.8316822286023245,
      0.1948420484155044,
      1.9233785832430104,
      0.5053345456354404,
      0.5140668852942931,
      1.610788499679586,
      0.7238917328728595,
      -0.15370178426597825
    ],
    [
      1.1545627706999866,
      0.9481086814606056,
      1.7198353776611175,
      1.6569415965304835,
      0.22170920520945936,
      -0.5704458269800026,
      0.3384038244493258,
      0.12047711772296434,
      -0.06468469447971625
    ],
    [
      0.9359534911434608,
      0.8161829570331106,
      2.748370414089468,
      1.8833121450670194,
      0.1103278675385854,
      -1.222447968451036,
      1.0310757789937097,
      0.5214540822722394,
      0.8755306493521533
    ],
    [
      1.2512347225286926,
      0.5995912194472954,
      0.45579737726072433,
      1.5969049328551193,
      0.7363953998802114,
      -1.1120643792333778,
      0.4115153412382313,
      0.5751181077255759,
      -1.288301311635198
    ],
    [
      0.31966779080373153,
      0.6339706427413115,
      1.165143335682478,
      2.0401371480482897,
      0.8028332803038305,
      0.05591194668655719,
      1.5628127081176113,
      0.14440351870996881,
      -1.732285672296525
    ],
    [
      0.741318208327669,
      0.6359158819869539,
      1.013558285190106,
      1.76949242028875,
      0.5690140837650126,
      -0.23340594383350602,
      1.958934677041052,
      0.3549963087423112,
      -2.461376204336802
    ],
    [
      0.8030015259706956,
      0.6667349280366507,
      0.3101116048212687,
      1.9428490844670954,
      0.7836783247221841,
      -0.2070233240401299,
      1.176686431701365,
      0.07332023331305648,
      -1.3327658205141775
    ],
    [
      1.0142219130400034,
      0.4426073979791358,
      0.3760035577500642,
      1.6418987796203897,
      0.5504190902371853,
      -0.03177522503764402,
      1.9771343713092708,
      0.2697765762491334,
      -1.987202135499688
    ],
    [
      1.0630836470626586,
      0.6463593560287141,
      1.977002582058843,
      1.868254825714264,
      0.677499802122238,
      -1.103401151021722,
      1.1781111464956675,
      0.2404561889316948,
      -2.196698079585758
    ],
    [
      0.7609707022084993,
      0.5372357288515229,
      0.20731268872571829,
      1.8900318768329416,
      0.7927223593654718,
      -0.21536205545617768,
      2.1173636179052484,
      0.08972592069185603,
      -1.4694689303875073
    ],
    [
      1.5854583500549426,
      0.5158415661319367,
      -0.35197870333841275,
      1.8201422931920235,
      0.35210336365213535,
      -2.37427633355566,
      0.6341149373011868,
      0.6416199869666978,
      -0.004648979497131167
    ],
    [
      1.431114753161195,
      0.5319873219202825,
      0.10263757919652572,
      1.8695500002131344,
      0.8256450371595704,
      0.3017957138307393,
      1.186808221281133,
      0.08741872405444477,
      -1.1386256518915907
    ],
    [
      0.699577717219947,
      0.6537417671047653,
      0.6994039467197496,
      1.7487127891811114,
      0.726215249854652,
      -0.07812354333377133,
      1.515547526924368,
      0.3972688682483648,
      -2.6553829130751767
    ],
    [
      1.5646015449486124,
      0.5427296402752408,
      -0.8921949587201372,
      2.001447766661173,
      0.6131082870678445,
      -1.583542874107668,
      0.3626934499688148,
      0.7003911654104858,
      -0.02677754464240195
    ],
    [
      1.0640242792184937,
      0.6133933906934793,
      -1.3789946417092016,
      0.9465204633468656,
      0.4348514020905974,
      0.02875590617955333,
      1.3088643467780774,
      0.18758331701855926,
      -1.5422189751670137
    ],
    [
      1.5854583500549426,
      0.42744117478119814,
      -0.35197870333841275,
      1.8201422931920235,
      0.35210336365213535,
      -2.37427633355566,
      0.6341149373011868,
      0.6692124280955597,
      -0.004648979497131167
    ],
    [
      0.6092651873820107,
      0.7324198068955301,
      1.135124843007281,
      2.1576777488307974,
      0.653000122120428,
      -0.6479419166772051,
      1.671380181649192,
      0.3850315727723993,
      -1.6343538896801668
    ],
    [
      0.6853004911174775,
      0.5430189610600759,
      0.16589411703325846,
      1.908564284354167,
      0.7849443357096304,
      -0.1557705460652351,
      0.9483065718959764,
      0.454419532267664,
      -0.6092221857478779
    ],
    [
      0.32393832604469186,
      0.5890419163404372,
      2.84406070389844,
      1.9244600621283139,
      0.6685397268233022,
      -0.39961353539859856,
      1.3444981705542833,
      0.190290848349409,
      -1.3626727714919382
    ],
    [
      0.7324187528761599,
      0.6573849004501489,
      1.994474425870911,
      2.2524034041523677,
      0.4042230788492359,
      -0.38531291497098663,
      1.8970255219815824,
      0.25587986889429576,
      -2.42000279044053
    ],
    [
      0.43032388093389196,
      0.6515249381152128,
      -0.49023587333916097,
      2.528746979166377,
      0.39718305363281736,
      -1.8006976976125233,
      0.42620701740053596,
      0.39119325848500325,
      -0.4238739447721423
    ],
    [
      0.5376460056707184,
      0.725576424670147,
      1.5378152400266287,
      2.1656235220125217,
      0.5165744562816442,
      -0.1519533965382159,
      1.058235800915257,
      0.06480322374646372,
      -1.8063146424054204
    ],
    [
      0.6650800782289811,
      0.5818698634504234,
      0.995916159019457,
      1.8043539914663342,
      0.4341846425008762,
      -1.2233784608448823,
      2.0040664222527953,
      0.25480077211021795,
      -2.320296158896113
    ],
    [
      0.5257552880115636,
      0.6457884967890702,
      1.903282443798559,
      1.913852310092994,
      0.7534458326823337,
      -0.13105103690285902,
      1.2795455184292568,
      0.113866057053403,
      -0.19499601657623988
    ],
    [
      0.5090338623297889,
      0.48537822243840034,
      -0.18393663275411953,
      2.0551642032324424,
      0.8225668671692311,
      -1.9189562641194071,
      1.4786883857223363,
      0.6086364235773041,
      -1.022071171188539
    ],
    [
      0.5422635442676115,
      0.8251832807430324,
      1.272573312535981,
      2.3382621625634417,
      0.7424031422666966,
      -1.7180333093128728,
      0.5378608740723082,
      0.15957912717126235,
      -2.187339828136635
    ],
    [
      0.8766498623900618,
      0.5299598015882785,
      0.6236800628552366,
      1.89658472709601,
      0.7573826540494206,
      0.08174137573490375,
      0.9604399137319147,
      0.15291495258539273,
      -1.4794548697137133
    ],
    [
      1.0740366250530062,
      1.0,
      2.131381602651842,
      1.6498553099585322,
      0.2861427295158413,
      -0.669233303487571,
      0.44947325137752225,
      0.4970070831202026,
      0.5761538894922007
    ],
