{
  "gen": 16,
  "min": 0.022323027871775834,
  "avg": 2.252703485270194,
  "best_params": [
    1.0988284178742098,
    0.6442935933205081,
    0.5609453707624811,
    1.6662912632950915,
    0.5352047811261503,
    -0.004447063463544149,
    1.9699682963246032,
    0.05116943185479345,
    -1.3395546741008544
  ],
  "pop_params": [
    [
      1.0988284178742098,
      0.6442935933205081,
      0.5609453707624811,
      1.6662912632950915,
      0.5352047811261503,
      -0.004447063463544149,
      1.9699682963246032,
      0.05116943185479345,
      -1.3395546741008544
    ],
    [
      1.1538062402156963,
      0.6455329830489468,
      0.4957914141649524,
      1.9886345798745104,
      0.541398710948523,
      -0.13116461654612815,
      2.091158225635428,
      0.05198093210402505,
      -1.380262038184962
    ],
    [
      1.1284204684069796,
      0.6485546010786333,
      0.5214005188586706,
      1.8066112452829204,
      0.5070016775899552,
      -0.10449140089380302,
      1.9150056055248632,
      0.05297344964911023,
      -1.3810103316448656
    ],
    [
      1.1013966909041857,
      0.636618308266547,
      0.628085977012554,
      1.8981219902653659,
      0.5380221384606475,
      -0.1293042403593795,
      1.9077097950447917,
      0.07876851772834775,
      -1.5460837608937563
    ],
    [
      0.9301253944772211,
      0.6312396180237075,
      0.5184072795229878,
      1.7073182018478759,
      0.5290377534626229,
      -0.032943110299163844,
      1.975357141321996,
      0.051543618070188986,
      0.32938118380379233
    ],
    [
      1.142648828369507,
      0.6608388035184402,
      0.5548095002980075,
      1.856256896479639,
      0.6048471082725904,
      -0.061456896423913776,
      1.9719161490389132,
      0.05127528592251871,
      -1.911328742005378
    ],
    [
      1.0817648472560826,
      0.6455670725239471,
      0.5186029136092819,
      1.9483046761293914,
      0.5392549619640454,
      -0.12800690353090444,
      1.9733503204399647,
      0.053396071233940086,
      -1.3786625897677214
    ],
    [
      1.1438560682596721,
      0.6452689406071275,
      0.5343486422149089,
      1.9842537611911544,
      0.5740549159695228,
      -0.13096683191765543,
      2.0152418395365688,
      0.0526136481479666,
      -1.3775834128576505
    ],
    [
      1.1369551232379957,
      0.6034273656205801,
      0.4847190682485795,
      1.9969849498180952,
      0.512150580636383,
      -0.12722239779346278,
      2.11992084124194,
      0.05166360657011082,
      -1.3891649460684112
    ],
    [
      1.407788009948119,
      0.6455223674651465,
      0.540809937317003,
      1.6813977572396226,
      0.5412413744065567,
      -1.6268261213734048,
      1.9445096413420955,
      0.05045981167219735,
      -2.8734300388399294
    ],
    [
      1.1093102868713878,
      0.6268794335564689,
      2.5893005660582675,
      1.8256748824407056,
      0.5398581854297828,
      -0.012862439614443194,
      1.8687571832705425,
      0.05119620298058801,
      -1.3462316505026548
    ],
    [
      1.0450511697676585,
      0.6303544154896262,
      0.5685779927573206,
      2.1047566041713943,
      0.5539069839925151,
      -0.13024441311455803,
      1.926360370318557,
      0.0927952805682245,
      -1.3787693578577083
    ],
    [
      0.987995240183654,
      0.5588667745081769,
      0.5634722024715757,
      1.8085999733601712,
      0.549914240100924,
      -0.12919456708090715,
      1.870329671747951,
      0.07291194527709048,
      -1.4357141525103436
    ],
    [
      1.1523264306859922,
      0.6279716640579928,
      0.3759077786227927,
      2.010246122718851,
      0.48374071216980974,
      -0.13138001465914698,
      2.1097025285366087,
      0.07906533778332094,
      -1.5336877725768712
    ],
    [
      1.0123787337507422,
      0.6295108277097854,
      0.45778486920938544,
      1.8810231147850462,
      0.557846284923903,
      0.014457404513980393,
      1.9052109429794548,
      0.05286681914281611,
      -1.5917359323512281
    ],
    [
      1.1438163559560388,
      0.5947683308652559,
      0.4711251755649214,
      1.7842977020591329,
      0.6207917176656983,
      -0.12963316372425884,
      1.918117274911136,
      0.0588766037751884,
      -1.5313195581392374
    ],
    [
      1.0988284178742098,
      0.6442935933205081,
      0.5609453707624811,
      1.6662912632950915,
      0.5282611396414041,
      -0.004447063463544149,
      1.9699682963246032,
      0.05116943185479345,
      -1.3395546741008544
    ],
    [
      1.129181247615232,
      0.6227492485735914,
      0.4265325911540164,
      1.9555299346514752,
      0.539709538566109,
      -0.14682623819281854,
      1.8817102298803945,
      0.05292381176681973,
      -1.3121064206232755
    ],
    [
      1.069542369307299,
      0.5947292068575598,
      0.5107701460374057,
      1.813577087564758,
      0.5368812026261524,
      -0.12917268440202553,
      1.8818935745484315,
      0.01,
      -1.3496459642688143
    ],
    [
      1.1612259863306151,
      0.6189175696228334,
      2.0172792717585377,
      2.0833438010864116,
      0.5981778807996899,
      0.993422448299782,
      2.0379491121949678,
      0.050524360876431314,
      -1.3561724496645722
    ],
    [
      1.1731388969702607,
      0.5706929163085284,
      0.45741160917334434,
      1.620799926967947,
      0.5434702838767672,
      -0.386945700058641,
      1.740359572940688,
      0.0653105285908839,
      -1.3858481996237284
    ],
    [
      1.1129248061741177,
      0.649321455359484,
      0.4919183250643955,
      1.9214086721153405,
      0.47315412334330825,
      -0.14058943165616972,
      1.9552145290650478,
      0.043073049485679034,
      -1.3803642204368196
    ],
    [
      1.1209439542585424,
      0.6409400449730418,
      0.4829350679620321,
      1.8387253756429687,
      0.47201463040029784,
      -0.1555653981905895,
      1.9163510011383444,
      0.05623603992466019,
      -1.2753081437905422
    ],
    [
      1.1158443599967716,
      0.5859456878209693,
      0.42686582269426093,
      2.1520776418742997,
      0.5435845227405803,
      -0.12662261211393008,
      1.9046316522342708,
      0.06416874407206555,
      -1.39004885040091
    ],
    [
      1.3660029362941934,
      0.6851991899302,
      0.4529084243711829,
      1.844337017658913,
      0.4125184190423704,
      -0.15390350677599576,
      1.903954011541144,
      0.05676121105946362,
      -1.2611511024860464
    ],
    [
      1.146396123929791,
      0.6377826796779049,
      0.49298543012220675,
      1.6353449896261707,
      0.5681717408488425,
      -0.12798068466141213,
      1.9202986966783775,
      0.09646179131593335,
      -1.3368427445224835
    ],
    [
      1.1464353752306748,
      0.6449309732415429,
      0.5765226390957067,
      1.9186101397526598,
      0.519760826006897,
      -0.08604668888189347,
      1.8686774788451557,
      0.07627780315734248,
      -1.3877232481724702
    ],
    [
      1.1370821469496466,
      0.6097049107587811,
      -0.7958875844831825,
      1.7474946450320283,
      0.535490019337061,
      -0.06281125060872354,
      1.8781012653834372,
      0.05151204875013605,
      -1.3233400345645643
    ],
    [
      1.0239483700635652,
      0.6433860559027779,
      0.5610399244180524,
      1.6910689661545686,
      0.53784622675793,
      0.02476330286604686,
      1.9146031455546713,
      0.04801235427514135,
      -1.58871827768311
    ],
    [
      1.1406540098213123,
      0.6734976363381714,
      -1.042229055237328,
      1.8596212961223209,
      0.4990470116260653,
      0.6248214275276036,
      1.8727585875034196,
      0.04689496581287671,
      1.3953989852147966
    ],
    [
      1.2429705859762246,
      0.6888159005358199,
      0.502803807987895,
      1.9884555711314396,
      0.5434442293749764,
      -0.13016061947097457,
      1.911376969299848,
      0.05282637638768862,
