{
  "gen": 10,
  "min": 1000000.0,
  "avg": 1000000.0,
  "best_params": [
    1.1861663446573514,
    0.951207163345817,
    1.3919636508684308,
    1.8361096041714062,
    0.16445845403801215,
    -2.0640328779827843,
    0.2684424752877784,
    0.8675143843171859,
    0.606690070459253
  ],
  "pop_params": [
    [
      1.1861663446573514,
      0.951207163345817,
      1.3919636508684308,
      1.8361096041714062,
      0.16445845403801215,
      -2.0640328779827843,
      0.2684424752877784,
      0.8675143843171859,
      0.606690070459253
    ],
    [
      2.153410475608532,
      0.03037864935284442,
      2.819459112971966,
      2.514083658321223,
      0.2202157195714934,
      -1.9090501967573963,
      0.631873078574958,
      0.31119982052994233,
      0.14853858979342682
    ],
    [
      1.3526405540621358,
      0.2983168487960615,
      0.6711173683342766,
      0.5045321958909214,
      0.29922320204986597,
      -0.8018289402378498,
      1.4226029542294043,
      0.7873242017790835,
      -1.8019573070498416
    ],
    [
      1.3427376179465007,
      0.8879234542478689,
      -0.1332347564959685,
      1.4957412104283034,
      0.30894141642442663,
      -1.1272907787842055,
      1.2718850033446092,
      0.44827841166174964,
      0.576623253122734
    ],
    [
      1.307037654323621,
      0.590042571919731,
      -0.7178088308933104,
      1.843101378132105,
      0.3513352098440413,
      -0.7652631602489237,
      0.8117608187445741,
      0.5406708494097963,
      -1.4569510943182542
    ],
    [
      1.070175137599876,
      0.9687514203921808,
      -0.5385817382924278,
      1.6155037421186327,
      0.2741616653450101,
      -1.2739050914951928,
      1.5640443054500626,
      0.8664861745580976,
      0.3795219340150439
    ],
    [
      1.4952523497804744,
      0.5029740926960157,
      -2.186043284913984,
      1.985151770280937,
      0.383654611472658,
      0.6352500195593631,
      1.102502328634951,
      0.36276270670727273,
      -0.09444050936534165
    ],
    [
      1.6180689525371426,
      0.6953364165876169,
      -0.20756614518935934,
      1.7674136262040765,
      0.6615230837225179,
      0.45759004715906815,
      0.8839408509053457,
      0.4492044649005557,
      0.5982959101916258
    ],
    [
      1.415490779096021,
      0.7492428936222144,
      -0.8378914203702434,
      1.9469663427604158,
      0.2929321642238831,
      0.1565172576351599,
      0.9209104889530575,
      0.638255149176508,
      -0.7044143052001516
    ],
    [
      1.262756587329649,
      0.9679380227900687,
      0.13335258448850748,
      1.8900116975541992,
      0.5927239083758084,
      1.873834943755935,
      0.5223513548956082,
      0.6732548953061641,
      0.6272308822169248
    ],
    [
      1.822372480804604,
      0.5542187967392711,
      2.358200706226186,
      1.7510233226604157,
      0.38677682025144566,
      -1.1707876469671452,
      2.015983316676394,
      0.45596296316147666,
      0.09693413467217697
    ],
    [
      1.5975412545565169,
      0.43521887233564543,
      -0.9840163146116802,
      1.807664212936364,
      0.45710917226962416,
      -1.5241759246436997,
      1.7946812413826072,
      0.5121975879411403,
      0.7561338447444726
    ],
    [
      2.6707207411642937,
      0.4269715682909912,
      1.5922224073087667,
      1.540646909943588,
      0.46291593429936795,
      -1.4632091812823274,
      1.8928408125878278,
      0.6580632535113828,
      0.0784266624841034
    ],
    [
      1.2905798537202435,
      0.38994490780655366,
      0.35683661308253306,
      1.8232999241025936,
      0.3243105716037417,
      -0.14864385634364874,
      1.4065737250276875,
      0.7151235764002657,
      0.12545951265443753
    ],
    [
      1.2232097709171197,
      0.4483168657885618,
      1.2858259616179866,
      1.5553152947465616,
      0.26732250867399765,
      -0.2207859081488288,
      1.9778207455220893,
      0.4524753241995194,
      0.45544042366457693
    ],
    [
      1.3580921097657783,
      0.4576604442573531,
      0.3252418811877482,
      1.3876153131714932,
      0.2484706451380898,
      -0.07089541391707277,
      1.8140126416695441,
      0.86397913215124,
      -1.692125550905902
    ],
    [
      1.3903009932975836,
      0.1839850012159529,
      2.1116645214631817,
      1.4533461137250994,
      0.22205935132793475,
      -3.0,
      1.2453167720945582,
      0.6346357363895649,
      -0.9351344681638185
    ],
    [
      1.850218036303509,
      0.01433900745780789,
      2.8420846339267003,
      1.7542654410220628,
      0.2342876047744386,
      -1.842242977391635,
      0.8922919145350853,
      0.4374384379163786,
      -0.9960268327651803
    ],
    [
      2.075796834988892,
      0.3106718912954458,
      1.7945002739301148,
      0.9352800700209674,
      0.2206034453215007,
      -1.2407399420606708,
      1.313454237285767,
      0.6040297908185882,
      -0.4867252704877585
    ],
    [
      1.8536858887057561,
      0.4965860888629844,
      -0.05626489039989924,
      1.9925789737560962,
      0.3761120039504188,
      -1.1401959000386133,
      2.2960322252537404,
      0.45658988769781583,
      0.2464245710591504
    ],
    [
      1.7302613960805449,
      0.3063398978477785,
      1.7647808212832155,
      2.067161891919844,
      0.4581790088680572,
      -1.8281852866292467,
      1.2014965985898096,
      0.4952224340583283,
      0.02634427386607193
    ],
    [
      1.4813810945146788,
      0.1261897334525735,
      0.14582307843335096,
      1.8066481672008772,
      0.3068939311587699,
      1.7617424961058374,
      1.8573739288313171,
      0.4200239606053395,
      -0.6517380067810834
    ],
    [
      1.8138967835152635,
      0.4204570389767081,
      0.6221155544865149,
      1.2066292842858253,
      0.2561717252014285,
      -2.283624999870063,
      1.7058865031571258,
      0.6666484397698486,
      -0.6767846348962548
    ],
    [
      1.2279044226581,
      0.8172741648663641,
      0.46621597258412395,
      1.7043627312341123,
      0.3538041122566744,
      -1.4179721013148743,
      1.4742033492705864,
      0.8393854815460816,
      -0.8559204198081057
    ],
    [
      1.2320895099314504,
      0.872439238934459,
      1.0531182827501016,
      1.9071212884073085,
      0.3541632750318806,
      -0.1719895022634812,
      1.3864517575432063,
      0.6443055190800034,
      0.22287290065244736
    ],
    [
      1.2696218391431995,
      0.3834867053961593,
      0.9358250641053464,
      1.4138783918955682,
      0.23912269086973065,
      -1.1066148011860175,
      0.7286697755092564,
      0.8245209018744373,
      -1.1916533129779814
    ],
    [
      1.340994292930708,
      0.9931840823755945,
      -2.179733304961062,
      1.6135982673233658,
      0.25872809650718953,
      -1.8381920408735783,
      1.703243507187449,
      0.8133996088709872,
      -0.13451035528936484
    ],
    [
      1.2210024373324206,
      0.49520161852559375,
      -0.06504852140498807,
      1.831045533585759,
      0.2231358612090641,
      0.4486567350093631,
      0.9384513201515451,
      0.3065870741986737,
      -0.5307239595161626
    ],
    [
      1.3740597663474867,
      0.9648080312183266,
      -1.1567868441883797,
      1.573652588122667,
      0.2485241726543298,
      -1.1922444533002774,
      1.2796920740481412,
      0.38789009652233797,
      0.2745658264948742
    ],
    [
      1.4223705490214353,
      0.5036266445700749,
      -2.1868539594429572,
      1.9817888587791161,
      0.39891167990595566,
      0.36890895286382874,
      1.0196863449551188,
      0.3700828831674683,
      -0.6222143180834132
    ],
    [
      1.4529603527538646,
      0.8470744044387004,
      -0.49716296468806154,
      1.9168516161732085,
      0.4594420075032085,
      0.9369680515420609,
      2.1981034933718773,
      0.6910537373308605,
      0.6168578367459949
    ],
    [
