{
  "gen": 17,
  "min": Infinity,
  "avg": Infinity,
  "best_params": [
    1.1861663446573514,
    0.951207163345817,
    1.3919636508684308,
    1.8361096041714062,
    0.16445845403801215,
    -2.0640328779827843,
    0.2684424752877784,
    0.8675143843171859,
    0.606690070459253
  ],
  "pop_params": [
    [
      1.1861663446573514,
      0.951207163345817,
      1.3919636508684308,
      1.8361096041714062,
      0.16445845403801215,
      -2.0640328779827843,
      0.2684424752877784,
      0.8675143843171859,
      0.606690070459253
    ],
    [
      2.153410475608532,
      0.03037864935284442,
      2.819459112971966,
      2.514083658321223,
      0.2202157195714934,
      -1.9090501967573963,
      0.631873078574958,
      0.31119982052994233,
      0.14853858979342682
    ],
    [
      1.3526405540621358,
      0.2983168487960615,
      0.6711173683342766,
      0.5045321958909214,
      0.29922320204986597,
      -0.8018289402378498,
      1.4226029542294043,
      0.7873242017790835,
      -1.8019573070498416
    ],
    [
      1.8091687354898247,
      0.39640508395242835,
      0.18723940338188477,
      1.2218839016184395,
      0.401563642691047,
      -1.468448053939949,
      1.0792103152411139,
      0.39032993000049365,
      -1.969531028705548
    ],
    [
      1.8291830985348432,
      0.39773332292330515,
      0.015933447292389935,
      1.1594424720367118,
      0.3379149265540006,
      -0.07891726825555778,
      1.0186444562604249,
      0.4189045754214279,
      -0.8150538898665359
    ],
    [
      1.9209400761848143,
      0.4225065063859529,
      0.10498574343180245,
      1.302392944066437,
      0.2986111519201241,
      -0.480628489484297,
      1.0928020925851376,
      0.4254581792976602,
      0.12205636755251131
    ],
    [
      1.9354167199334789,
      0.16017633746884397,
      0.6915518814053487,
      1.4742877262404401,
      0.32190928023515536,
      -0.3881037555437512,
      1.1551234832292758,
      0.3349754867705136,
      0.25859414463004365
    ],
    [
      2.0246205232129855,
      0.5469645047712125,
      0.6715827579436148,
      0.7338336721297326,
      0.375465526690776,
      -1.5760421630314698,
      1.0583788543986787,
      0.4310110621088211,
      -1.290484982899325
    ],
    [
      1.5373613991424397,
      0.3897209363252496,
      1.8525682146468476,
      1.335892718852515,
      0.3428330325628517,
      -1.2358469888603572,
      0.9468082130623925,
      0.293017915770663,
      -3.0
    ],
    [
      1.7019772429394269,
      0.21785316097538596,
      0.52550717749996,
      0.7598246615666833,
      0.38912820680136323,
      1.111016416036256,
      0.8793128269840292,
      0.5651562970963956,
      0.8881065579885236
    ],
    [
      1.9722957824860423,
      0.3992796128259456,
      1.8246727480437002,
      2.3440235623058006,
      0.2426898620172264,
      1.253769090791962,
      0.9878872811069914,
      0.4270377791580017,
      -0.15307417877455562
    ],
    [
      1.8402469923182008,
      0.49927323608080154,
      1.193339869719508,
      1.0669882977966536,
      0.38820047620460735,
      0.5752294035431241,
      1.0688241167488046,
      0.8772312974408186,
      -0.12335369070983138
    ],
    [
      2.1549706093387924,
      0.0720280864315708,
      2.9526064645248042,
      1.9124867864166921,
      0.2924094368271148,
      -1.6675757336693344,
      1.0481363843242977,
      0.3283818142955455,
      -0.1683314437267926
    ],
    [
      1.7778069504816079,
      0.5418478602231949,
      1.5044349747207277,
      0.8632272878822315,
      0.30785080359073763,
      0.510842379626279,
      1.1223381418152356,
      0.4509857839267484,
      1.917910287460884
    ],
    [
      1.866053127440733,
      0.46664329978555963,
      -2.107479776075714,
      1.4855560655249236,
      0.3322075836045898,
      -0.7373283142253089,
      0.6403586491876316,
      0.3292844221631454,
      -0.21872478635581338
    ],
    [
      2.113317845882729,
      0.46463918931368914,
      1.2915442197165625,
      0.7994681040592903,
      0.2959771871040312,
      1.1172339191872478,
      1.0064047599813897,
      0.4302831760428749,
      2.2103717156080718
    ],
    [
      2.0839324473967684,
      0.4108000409163322,
      -0.34985544518972633,
      0.9673325223744396,
      0.3500626888426743,
      -0.2512795481568465,
      0.9472468317165077,
      0.30799792096813094,
      2.139913233095932
    ],
    [
      1.7753775098200082,
      0.23911088745850395,
      2.74056985174032,
      2.33974230071986,
      0.22937102017884126,
      -3.0,
      0.8048853901522979,
      0.8485056187514807,
      -1.3288779912542763
    ],
    [
      1.906708888266795,
      0.5446248579099959,
      -0.8430097037199402,
      1.5849766307139992,
      0.37719363190617966,
      -1.885083988049469,
      0.9351267642461316,
      0.43031042608877457,
      -1.2640780822197992
    ],
    [
      2.1547556475423124,
      0.19509644781303764,
      -0.5426650301620404,
      2.5670997613695423,
      0.22743103413610177,
      -2.981348590546269,
      1.3800626364378155,
      0.3580320144455067,
      0.19738065584107503
    ],
    [
      2.054321785527521,
      0.4287229656835361,
      -0.9331082614019202,
      1.5963181152492567,
      0.32717221573842925,
      0.17152023018078236,
      1.1427380717096516,
      0.39804351205781785,
      -0.34227338349752395
    ],
    [
      1.693824065252444,
      0.20089694399586913,
      0.8701145361022228,
      1.0779095167479364,
      0.3400000486868151,
      -1.9325451224773376,
      1.0473112411178804,
      0.37013031756733333,
      0.9680383058742299
    ],
    [
      1.7371888012842147,
      0.3641869353201379,
      0.9283703964650261,
      1.1193716152037807,
      0.36533610131352834,
      -1.8471085888312038,
      0.8742004636415104,
      0.3150952401064966,
      -1.1854512676421485
    ],
    [
      1.5821458266498025,
      0.18679473450242567,
      -1.008659933328273,
      1.1704583431430287,
      0.3129082977194849,
      0.42466200354797,
      0.8988803674057507,
      0.4747092815485552,
      0.6587376559550355
    ],
    [
      2.0246205232129855,
      0.5469645047712125,
      0.6715827579436148,
      0.9146927014761108,
      0.375465526690776,
      -1.5760421630314698,
      1.078025103384609,
      0.48910576653988763,
      -1.290484982899325
    ],
    [
      2.153891943627106,
      0.3212100374332816,
      1.2708037110029435,
      1.7845144545468359,
      0.2951828118944643,
      -0.16693626740058853,
      1.0449627258971814,
      0.4848465349666352,
      0.41990069010553643
    ],
    [
      2.048469007542945,
      0.5658900840173273,
      0.10587651899673123,
      1.10680668513344,
      0.3354631349758507,
      -0.9792618966522821,
      1.0819758999708586,
      0.38394270349468435,
      0.026948838478747517
    ],
    [
      1.9959855940060898,
      0.3931069935210055,
      0.03633834420375037,
      1.4198063740493363,
      0.39635172218429177,
      -0.2066993900353884,
      1.091188765365806,
      0.43291435918814447,
      -0.24072443347496822
    ],
    [
      1.9393349414370888,
      0.47502759789679244,
      -1.0079417009602905,
      1.791245881230457,
      0.1835497852742939,
      0.08364754615615977,
      1.1099465507594912,
      0.6666261118793917,
      -0.03647071101002597
    ],
    [
      1.9680088236931879,
      0.47697354807760045,
      0.3192999618068908,
      0.7314814428192004,
      0.3964881860121539,
      0.029479171051000508,
      1.1301300320943033,
      0.45462800401088066,
      -0.17002425115877498
    ],
    [
      1.707911168770311,
      0.4140037985134335,
      -0.46213436900763183,
      1.238210965115892,
      0.35827333500922276,
      -0.7153825831327788,
      1.0854506878230898,
      0.6983239331920804,
      0.35794103886702333
    ],
    [
