{
  "gen": 3,
  "min": Infinity,
  "avg": Infinity,
  "best_params": [
    1.1861663446573514,
    0.951207163345817,
    1.3919636508684308,
    1.8361096041714062,
    0.16445845403801215,
    -2.0640328779827843,
    0.2684424752877784,
    0.8675143843171859,
    0.606690070459253
  ],
  "pop_params": [
    [
      1.1861663446573514,
      0.951207163345817,
      1.3919636508684308,
      1.8361096041714062,
      0.16445845403801215,
      -2.0640328779827843,
      0.2684424752877784,
      0.8675143843171859,
      0.606690070459253
    ],
    [
      2.153410475608532,
      0.03037864935284442,
      2.819459112971966,
      2.514083658321223,
      0.2202157195714934,
      -1.9090501967573963,
      0.631873078574958,
      0.31119982052994233,
      0.14853858979342682
    ],
    [
      1.3526405540621358,
      0.2983168487960615,
      0.6711173683342766,
      0.5045321958909214,
      0.29922320204986597,
      -0.8018289402378498,
      1.4226029542294043,
      0.7873242017790835,
      -1.8019573070498416
    ],
    [
      2.2293212173771657,
      0.2964339825768488,
      -1.9160434813572882,
      1.950666691108602,
      0.21153589183173144,
      -0.6032905891803962,
      1.3734574513134037,
      0.20246624066682,
      -1.4518598039603878
    ],
    [
      2.24312136337601,
      0.15524511503783156,
      0.6303313168679461,
      2.146045744809167,
      0.31190482969755046,
      0.9853467620730774,
      1.7129267831964246,
      0.4131946449222229,
      -2.0172632425169246
    ],
    [
      1.3193948076939528,
      0.29948529131002016,
      0.8549372129956315,
      1.5652776574705531,
      0.3604746871154438,
      0.6920787739986627,
      0.1,
      0.17432151263829673,
      1.0685278833629184
    ],
    [
      2.2441329140659145,
      0.47829873102519826,
      -2.3655099003326363,
      1.8133587594292189,
      0.2664046924658114,
      -0.9523680465298128,
      0.93556264368907,
      0.1781795653174662,
      2.572159246323477
    ],
    [
      2.5364457076833555,
      0.39455998596074515,
      -0.250620113778246,
      2.2163472567668006,
      0.5550196600197528,
      -0.13592861057051342,
      0.5321511736928877,
      0.27387087376876035,
      -0.3046369007854513
    ],
    [
      1.7972758125087676,
      0.8054090632114161,
      -1.4667578947353694,
      1.8760857415701868,
      0.46323436265119766,
      0.6612784890759422,
      2.6833878352552265,
      0.3989158882555819,
      -1.1906777066773941
    ],
    [
      1.5755217843378841,
      0.7510140011262803,
      1.0922218476328647,
      2.1126662345778167,
      0.40208376938597035,
      -0.8526807212692049,
      2.172420742030772,
      0.4116410864508369,
      0.8004349522293708
    ],
    [
      2.0601949359382115,
      0.42233786473210083,
      -1.21769780585344,
      1.4567473523137393,
      0.26602810231958873,
      1.8113377417185714,
      0.1,
      0.43484150182904335,
      -1.0209858299230823
    ],
    [
      0.9428115795781556,
      0.7106100285235457,
      -1.6442954305786874,
      1.3983879724473927,
      0.770769568196551,
      0.1613854468452191,
      1.4204002675696747,
      0.18730261805090656,
      0.6549438483536474
    ],
    [
      1.177075795612686,
      0.7123484074049694,
      0.2728973932228991,
      1.5493494505098941,
      0.43980211576056755,
      0.8391488139778412,
      1.5906657495394942,
      0.5311452506133101,
      0.39160808969233774
    ],
    [
      1.2615155394961257,
      0.21101944681066764,
      -1.5280540880752893,
      1.586960433490919,
      0.25633222445949383,
      -0.4615530606010443,
      0.520824021454573,
      0.29185113656079986,
      1.6585099115904756
    ],
    [
      1.8360173544492113,
      0.7689816449327552,
      2.0080671818187232,
      1.6947695173016901,
      0.1649731274007314,
      2.0630488704308325,
      1.790085511352473,
      0.37142546370339835,
      -0.9058539590843578
    ],
    [
      0.8100779570662733,
      0.3465159543999363,
      0.41451476034605894,
      1.6900103217829159,
      0.3278503288581036,
      -1.637355268692101,
      1.4587527382437382,
      0.7888612960674524,
      -0.003625270223260646
    ],
    [
      0.6659354375926452,
      0.2710191202314566,
      0.14934225608165885,
      1.4747034542815471,
      0.6176550924009998,
      -0.8010257015212443,
      0.9706622362449989,
      0.6935419110708911,
      1.6137742949136569
    ],
    [
      1.8281419775895236,
      0.4659703846042053,
      -0.4391571176681046,
      1.2274219697780304,
      0.576491584835971,
      -0.5162772387478166,
      1.226621899347363,
      0.4722008573367492,
      1.7929007608672833
    ],
    [
      1.4204284258190985,
      0.6808883068074718,
      -1.7111040237870587,
      2.3067259210851585,
      0.20156195276356076,
      -0.14430257473817243,
      1.1794189994475008,
      0.26930203418332255,
      0.49832934292627384
    ],
    [
      1.6418391099899332,
      0.7760281087119751,
      1.5339604567382206,
      2.4595990253460784,
      0.6815296570235994,
      1.1367032572475135,
      0.4912851741575197,
      0.23717914788400474,
      -0.2370372957086701
    ],
    [
      2.4302265829289116,
      0.7284752641453097,
      -0.5099349567233774,
      1.6491533946782817,
      0.3794721221882308,
      1.4230488717847416,
      0.5514555812896063,
      0.3341405188273643,
      -1.3410143193993493
    ],
    [
      1.1859688122580585,
      0.5909592749775102,
      1.7286321315447868,
      2.4322110566128394,
      0.43644005757781174,
      0.3316484118237992,
      1.699307977426146,
      0.38787442338168304,
      -2.939085390979378
    ],
    [
      2.1968510326356063,
      0.5802169830673128,
      -1.2039060796375627,
      1.1080137517846593,
      0.3158053139932821,
      -0.26905224698354113,
      1.3410424336185855,
      0.6481122233130154,
      2.6594402348070054
    ],
    [
      1.2385056303794642,
      0.6618957483556478,
      0.6488722635673725,
      1.707451763923765,
      0.4088917076370936,
      1.6621947647814337,
      1.7795164014174767,
      0.4215405361652365,
      -2.474865221791136
    ],
    [
      1.3350882056881201,
      0.8041930176799372,
      -2.229938989672518,
      1.7420695167143245,
      0.40264603470762755,
      -1.4111261475696288,
      0.4518686454791063,
      0.4023130516780058,
      1.3761224788274327
    ],
    [
      1.3608726153743778,
      0.37924146591539964,
      0.17800367574541326,
      1.0419261243005733,
      0.42666287482737,
      -1.4031540971652745,
      1.2271128013204142,
      0.795338602103791,
      -1.4024767815126737
    ],
    [
      0.9636825581974544,
      0.2258899967732257,
      -1.7773033104487248,
      2.039620265103257,
      0.4892558409779139,
      -0.7757895296805157,
      1.3366089342927678,
      0.3371261129743805,
      0.9590939124335061
    ],
    [
      2.0390850951432564,
      0.01,
      1.2348985130347039,
      2.5480132063412833,
      0.28342551652554365,
      0.26224552476484764,
      1.7671036872266674,
      0.6086262598646536,
      1.2715795050024667
    ],
    [
      1.6206787030734024,
      0.23902783735697358,
      0.6815377472326845,
      1.3070250833741088,
      0.6361020638236125,
      -0.2945942058269627,
      0.2109372790693991,
      0.8765767026318219,
      -0.33914234234394414
    ],
    [
      2.726901649150091,
      0.013066140979173468,
      -2.3727438811566772,
      1.6303869754128728,
      0.7246248832300042,
      2.183444040398917,
      0.4487173042725443,
      0.6156637589719034,
      -0.7541447677257294
    ],
    [
      1.8912393138261399,
      0.14370067727324062,
      1.9216618441325832,
      2.239572372158439,
      0.6231822043344583,
      -0.9611842045848307,
      1.004790706579882,
      0.5183559706875214,
      1.1923540505323698
    ],
    [
      0.538793287796597,
