{
  "gen": 16,
  "min": Infinity,
  "avg": Infinity,
  "best_params": [
    1.1861663446573514,
    0.951207163345817,
    1.3919636508684308,
    1.8361096041714062,
    0.16445845403801215,
    -2.0640328779827843,
    0.2684424752877784,
    0.8675143843171859,
    0.606690070459253
  ],
  "pop_params": [
    [
      1.1861663446573514,
      0.951207163345817,
      1.3919636508684308,
      1.8361096041714062,
      0.16445845403801215,
      -2.0640328779827843,
      0.2684424752877784,
      0.8675143843171859,
      0.606690070459253
    ],
    [
      2.153410475608532,
      0.03037864935284442,
      2.819459112971966,
      2.514083658321223,
      0.2202157195714934,
      -1.9090501967573963,
      0.631873078574958,
      0.31119982052994233,
      0.14853858979342682
    ],
    [
      1.3526405540621358,
      0.2983168487960615,
      0.6711173683342766,
      0.5045321958909214,
      0.29922320204986597,
      -0.8018289402378498,
      1.4226029542294043,
      0.7873242017790835,
      -1.8019573070498416
    ],
    [
      1.9334426288341915,
      0.4650799951954647,
      -0.1172534246401134,
      0.9854454363855232,
      0.23265075934564192,
      -0.42226740453856787,
      0.8997702196253367,
      0.5382462941417366,
      0.44324255920803046
    ],
    [
      1.3796869446738889,
      0.44987726710904713,
      0.1977415614126407,
      0.8408227059559072,
      0.3573249307466114,
      -0.1598035706552805,
      1.2124365535698207,
      0.35511230222818263,
      1.8270724052244072
    ],
    [
      1.4455991782912965,
      0.9080731469207819,
      1.1387365970910195,
      1.7129952153947494,
      0.3854099492922934,
      -0.8988309325721602,
      1.1444793587212396,
      0.5784713363812317,
      -0.2655831212472586
    ],
    [
      1.595376973732353,
      0.4388871256411812,
      -3.0,
      1.218755118264155,
      0.35488004405715745,
      -0.6495890727475555,
      1.0988069782444319,
      0.44339782279317863,
      -0.403782021279217
    ],
    [
      2.080044901538254,
      0.5089919742579977,
      2.0251717027406406,
      1.4785211318392966,
      0.20367376938954113,
      -1.8872436233995198,
      0.6379363866870259,
      0.36401140225133355,
      0.29271858442962384
    ],
    [
      1.9959855940060898,
      0.3931069935210055,
      0.03633834420375037,
      1.4198063740493363,
      0.39635172218429177,
      -0.2066993900353884,
      1.091188765365806,
      0.43291435918814447,
      -0.24072443347496822
    ],
    [
      2.0246205232129855,
      0.5469645047712125,
      0.6715827579436148,
      0.7338336721297326,
      0.375465526690776,
      -1.5760421630314698,
      1.0583788543986787,
      0.48910576653988763,
      -1.290484982899325
    ],
    [
      2.115737630156232,
      0.5201324771569638,
      2.0424312505524607,
      1.1345939905810862,
      0.39262031524711155,
      0.23173640098748427,
      1.0734476331761609,
      0.46003773370658596,
      -1.0428416679943557
    ],
    [
      1.7831513790201383,
      0.44990239226594336,
      0.26574648509277854,
      0.9216718228647207,
      0.30431917953979976,
      -0.49366445512714086,
      1.0415864942422006,
      0.6557482808571595,
      -0.14975390869776145
    ],
    [
      1.5892715822938182,
      0.010135374874441605,
      1.8718831492252557,
      1.5962949147294023,
      0.2059730178838799,
      -1.9282119603555024,
      0.6736641128557543,
      0.3908567900405471,
      -1.1972747287711276
    ],
    [
      1.923636816078399,
      0.24261559183661577,
      0.652322021666481,
      0.9019015154489785,
      0.22846165082168596,
      -2.009785504991678,
      0.9525156195237355,
      0.7920343126580286,
      -1.3775379546651025
    ],
    [
      1.499375589650746,
      0.1722593692026515,
      0.028210864692772564,
      2.02979992198861,
      0.33895343364565433,
      0.19160857600243508,
      0.5894388077069449,
      0.4117610529594867,
      0.149681776827837
    ],
    [
      1.6645244615991628,
      0.23865587721327772,
      0.5400190421402005,
      0.43394385915611106,
      0.3359628571239647,
      -0.8136224435578355,
      1.0624646407372695,
      0.41927634092330257,
      -1.9696035399403364
    ],
    [
      1.1861663446573514,
      0.951207163345817,
      1.3919636508684308,
      1.8361096041714062,
      0.15751481255326594,
      -2.0640328779827843,
      0.2684424752877784,
      0.8675143843171859,
      0.606690070459253
    ],
    [
      1.8186961039927065,
      0.4123600216888329,
      -1.7050553324857494,
      1.7246389910956823,
      0.31168871221820393,
      -0.7415586091697477,
      1.0449619042402827,
      0.43241904704902817,
      1.6732738154651368
    ],
    [
      1.6821320195332927,
      0.4351275705815185,
      -2.0510221620034055,
      0.9136454459041506,
      0.3391710484177264,
      -1.2259103639023003,
      1.1437282606182961,
      0.3080135012616758,
      2.6719252242720217
    ],
    [
      1.7385116594178198,
      0.39909456765629014,
      -0.30195897229092106,
      1.7744123626748816,
      0.38749815950630445,
      -0.2870310823283111,
      1.0242763058185964,
      0.38233289015652483,
      0.1953265972436251
    ],
    [
      1.7772678735687373,
      0.3319170233892202,
      -2.5494986516802842,
      1.0341200235240715,
      0.3239942801578917,
      -0.9548860856367312,
      0.9261375981179706,
      0.307169115305453,
      -0.5279882108874939
    ],
    [
      2.029002285136268,
      0.5654346359521888,
      2.5232038152366347,
      2.171283290371713,
      0.32898538396772525,
      -1.7318794955013184,
      0.7948728561488452,
      0.3201656165369094,
      0.14497155016927565
    ],
    [
      1.4587836027512509,
      0.34220689976692986,
      0.2409038384768153,
      0.7962237986630769,
      0.3035862950223023,
      -0.5051437118263561,
      1.124912013255724,
      0.3927324727170337,
      2.31378409482263
    ],
    [
      1.6238879069076493,
      0.33761841145480165,
      0.4266086459264834,
      1.607778176595094,
      0.340525909355994,
      -0.7206863110831181,
      1.1702839806070136,
      0.3323939485847971,
      -2.5539300231331388
    ],
    [
      2.1880854548534256,
      0.5225085480296447,
      1.1925594522303211,
      0.9809576409035917,
      0.29517655769350465,
      -1.3748560355957882,
      1.009332439411276,
      0.5971918179860032,
      1.3453303609927303
    ],
    [
      1.7645362387330585,
      0.39532989951880176,
      0.2394923656454716,
      1.294154594142961,
      0.3540780881122547,
      0.682589790520792,
      0.9433094789450044,
      0.7050313630615039,
      0.9735984501784627
    ],
    [
      2.1183681650706023,
      0.4693779079971528,
      -2.110027950962799,
      1.6551356019294696,
      0.39836797571896665,
      0.1974041306391312,
      1.1498442914674587,
      0.429382678086381,
      -0.5683087011404487
    ],
    [
      2.014928635912033,
      0.41243117448339567,
      -1.1088044143026377,
      1.1811529294661243,
      0.29053490505706436,
      -0.4381782780849838,
      1.115134168804464,
      0.542287749484205,
      -0.052386599085528285
    ],
    [
      1.6763161985089963,
      0.30961385886869053,
      0.5263821725779372,
      1.1412644025416405,
      0.4183954713626534,
      1.2416608502655175,
      1.0549917787232002,
      0.4193146558734505,
      -0.5232013714836315
    ],
    [
      2.1386933758027404,
      0.45734750426988835,
      -3.0,
      1.6672887779717087,
      0.4323778609257593,
      -0.7460803019174221,
      1.0767431119142024,
      0.40566834580750316,
      1.699739551697876
    ],
    [
      2.1573440492190703,
      0.41514361228647445,
      2.666926756792566,
      2.502337795156625,
      0.25536067191168704,
      -1.1221188352923634,
      0.880691131533573,
      0.38323391817031066,
      1.535351925231178
    ],
    [
