{
  "gen": 6,
  "min": 0.12834158831012327,
  "avg": 1.136626243730727,
  "best_params": [
    0.6820639391214658,
    0.0985615049303484,
    -0.27176999259380474,
    2.6506127308378296,
    0.38609691775374677,
    -0.4442881587348433,
    0.675949714812975,
    0.5135787784417756,
    0.2728224701771546
  ],
  "pop_params": [
    [
      0.6820639391214658,
      0.0985615049303484,
      -0.27176999259380474,
      2.6506127308378296,
      0.38609691775374677,
      -0.4442881587348433,
      0.675949714812975,
      0.5135787784417756,
      0.2728224701771546
    ],
    [
      0.5813419557534529,
      0.05190423167216716,
      -0.6437113122367628,
      2.773768922609804,
      0.6347683375769821,
      -0.3825258487699461,
      0.8861162376375568,
      0.5294929373599931,
      -0.001837982859181908
    ],
    [
      0.5813419557534529,
      0.05190423167216716,
      -0.6437113122367628,
      2.6072707457406743,
      0.6347683375769821,
      -0.3825258487699461,
      0.8861162376375568,
      0.5294929373599931,
      -0.001837982859181908
    ],
    [
      0.6390572346144815,
      0.5684848368873474,
      1.4726940533064299,
      2.392686950779455,
      0.3749893202369304,
      -0.3582770436975955,
      1.1638826300972378,
      0.5301912996399978,
      -0.2822933964282945
    ],
    [
      0.5813419557534529,
      0.05190423167216716,
      0.07032404676591497,
      2.5573290801106734,
      0.6481889558285893,
      -0.3825258487699461,
      0.8861162376375568,
      0.5019004962311312,
      -0.001837982859181908
    ],
    [
      0.5813419557534529,
      0.05190423167216716,
      -0.6437113122367628,
      2.5573290801106734,
      0.6481889558285893,
      -0.3825258487699461,
      0.8861162376375568,
      0.5294929373599931,
      -0.001837982859181908
    ],
    [
      0.5813419557534529,
      0.05190423167216716,
      -0.6437113122367628,
      2.6003110851526268,
      0.639428419796658,
      -0.3825258487699461,
      0.8861162376375568,
      0.5294929373599931,
      -0.001837982859181908
    ],
    [
      1.7681249028044306,
      0.5684391011300804,
      0.021088541282410028,
      1.8397045430257342,
      0.8861583491959477,
      0.17189974861750007,
      1.3960740028471752,
      0.5686782828213358,
      -2.903830265376469
    ],
    [
      0.5321550937414572,
      0.417536699123344,
      0.0906069788296433,
      1.7763283095187852,
      0.6828991319045322,
      -0.14335463074737403,
      1.0339882908390372,
      0.6248727314267513,
      -0.04881161233497731
    ],
    [
      1.487113004963879,
      0.5718631652011261,
      1.061247788350297,
      1.742475921166945,
      0.8620042397921679,
      0.4056210450564757,
      1.502542609684378,
      0.33509293297121645,
      -1.889110171955155
    ],
    [
      1.788219859479705,
      0.33933398090906997,
      -0.20657591223034788,
      1.8096818126720449,
      0.7988442130035539,
      -1.0073013876845238,
      1.2017028414711102,
      0.5421515785806734,
      -0.29100617725088884
    ],
    [
      0.5600657973981131,
      0.4146916351722516,
      0.2147108316275399,
      2.4673467100145237,
      0.6473396084972889,
      -0.08314868737972547,
      1.0992704055615274,
      0.7201337119400235,
      -1.9749477290538373
    ],
    [
      1.7021050315900141,
      0.5656074100485267,
      -0.024662668525732633,
      1.2292246604033759,
      0.887607552871933,
      -0.28424442505797975,
      1.3670839263675063,
      0.5981502077947461,
      -1.9274660844789722
    ],
    [
      1.2253107397528287,
      0.5828239047202924,
      0.6795938819885322,
      2.3584443847812966,
      0.8981948198680293,
      0.023751644975429316,
      1.4977553336151654,
      0.33749893304730577,
      -1.4745572222430532
    ],
    [
      0.9185756141989023,
      0.6435695553461199,
      0.5727577656946437,
      2.0758483520163113,
      0.81192378043725,
      3.0,
      1.666569150693209,
      0.6636555338335164,
      -3.0
    ],
    [
      1.380039373067509,
      0.535916457193421,
      -0.6562068934606009,
      1.8650866181701011,
      0.745479100304168,
      0.04309255762082077,
      1.3714323134859634,
      0.5294987397031564,
      -0.5671240115671528
    ],
    [
      0.7864019065634221,
      0.35065289428135493,
      0.44644477317563824,
      2.2025562142551665,
      0.7089483337505347,
      -0.4244430892692974,
      1.0053854478585988,
      0.5680018005548397,
      0.21978167673919857
    ],
    [
      1.8048841316001694,
      0.08880388086967243,
      -0.20101191496411366,
      2.6453525243814044,
      0.6793566304306775,
      -0.41036702595073105,
      1.0765206737995838,
      0.5561929788356872,
      0.39371284705751997
    ],
    [
      0.5813419557534529,
      0.05190423167216716,
      -0.6437113122367628,
      2.6674464773938604,
      0.6347683375769821,
      -0.3825258487699461,
      0.8064328978212042,
      0.5294929373599931,
      -0.001837982859181908
    ],
    [
      0.6820639391214658,
      0.0985615049303484,
      -0.27176999259380474,
      2.6506127308378296,
      0.38609691775374677,
      -0.4442881587348433,
      0.675949714812975,
      0.5135787784417756,
      0.2728224701771546
    ],
    [
      1.0152371521114651,
      0.38966794717004266,
      0.5843071959629585,
      2.775789331804894,
      0.6328138738933544,
      -1.000157675490288,
      0.9485445724012754,
      0.5492494932076394,
      -0.4950487788656944
    ],
    [
      0.3495402396829105,
      0.3065577950759606,
      -0.36940769973346277,
      2.135856538416626,
      0.6737028188491279,
      -0.9616935195802383,
      1.7653768374049028,
      0.5429243593557054,
      -1.0705952959212395
    ],
    [
      0.5813419557534529,
      0.05190423167216716,
      -0.5946971335939297,
      2.714859022405291,
      0.6347683375769821,
      -0.3825258487699461,
      0.8861162376375568,
      0.5294929373599931,
      -0.001837982859181908
    ],
    [
      1.476241875124372,
      0.4224802774612903,
      -0.5617948536625813,
      1.8261007047407798,
      0.7268464250841326,
      -0.14220258073233594,
      1.13734401252444,
      0.5394317025469008,
      0.01809968951887172
    ],
    [
      0.8493325020412854,
      0.629287513082085,
      0.6098272461915413,
      2.521608814499491,
      0.8060352959023097,
      -0.3447325899155143,
      1.3073927381910344,
      0.6167027137246035,
      -0.8338194953115411
    ],
    [
      2.1310075272384887,
      0.6043543174932903,
      1.5792914321260592,
      2.7261737904235597,
      0.8988462839040661,
      -0.2546469912282656,
      1.2233704563620118,
      0.5439908347881763,
      -1.8815912144424045
    ],
    [
      0.7515972202501651,
      0.5656520100826044,
      2.1886157908035315,
      2.6491782292326223,
      0.5697406191441245,
      0.037012682381950934,
      1.420470445742894,
      0.4375323848132211,
      0.28410603579802984
    ],
    [
      0.5813419557534529,
      0.05190423167216716,
      -0.6437113122367628,
      2.5573290801106734,
      0.6481889558285893,
      -0.3825258487699461,
      0.8861162376375568,
      0.5294929373599931,
      -0.001837982859181908
    ],
    [
      0.9948134983668928,
      0.04620443470220716,
      -0.5321188936774233,
      2.5086110389672767,
      0.6776289589524493,
      -0.8286978677754407,
      0.9502636220534617,
      0.5449728884345754,
      -0.44089346460510825
    ],
    [
      0.5813419557534529,
      0.05190423167216716,
      -2.329939128401053,
      2.582450834825606,
      0.643305532220493,
      -0.3825258487699461,
      0.8861162376375568,
      0.5294929373599931,
      -0.001837982859181908
    ],
    [
      1.7618931020296944,
      0.5671879153051015,
      0.028989873544531836,
      1.3693557938818384,
      0.8654747345475893,
      0.13545585704792257,
      1.4498947415326018,
      0.7255879858472176,
