{
  "gen": 11,
  "min": Infinity,
  "avg": Infinity,
  "best_params": [
    1.1861663446573514,
    0.951207163345817,
    1.3919636508684308,
    1.8361096041714062,
    0.16445845403801215,
    -2.0640328779827843,
    0.2684424752877784,
    0.8675143843171859,
    0.606690070459253
  ],
  "pop_params": [
    [
      1.1861663446573514,
      0.951207163345817,
      1.3919636508684308,
      1.8361096041714062,
      0.16445845403801215,
      -2.0640328779827843,
      0.2684424752877784,
      0.8675143843171859,
      0.606690070459253
    ],
    [
      2.153410475608532,
      0.03037864935284442,
      2.819459112971966,
      2.514083658321223,
      0.2202157195714934,
      -1.9090501967573963,
      0.631873078574958,
      0.31119982052994233,
      0.14853858979342682
    ],
    [
      1.3526405540621358,
      0.2983168487960615,
      0.6711173683342766,
      0.5045321958909214,
      0.29922320204986597,
      -0.8018289402378498,
      1.4226029542294043,
      0.7873242017790835,
      -1.8019573070498416
    ],
    [
      1.9340054119633279,
      0.46132127312989535,
      -0.44544478499160917,
      1.0667706751419634,
      0.3591232481801407,
      1.690553490478466,
      0.8518192703236961,
      0.3481192818986442,
      -0.8064866939148548
    ],
    [
      1.8695770257465698,
      0.5023496424312497,
      0.9668799851706111,
      0.7881640804519402,
      0.4002497654756626,
      -0.44359064474440746,
      0.977060791629829,
      0.6727027426657547,
      1.5472425921769595
    ],
    [
      1.6137378033155787,
      0.3574788232132583,
      -0.8064098850707054,
      1.1064045597362357,
      0.40137354156464283,
      1.8411246551916596,
      0.9004753636569164,
      0.5369330342442282,
      -0.2231054767797891
    ],
    [
      1.8927544099678122,
      0.4055359520577518,
      -0.2923203424349494,
      0.9793997081081403,
      0.4939003351805085,
      -0.8644735808940125,
      1.1899578918190423,
      0.536669558938525,
      0.7277844315251616
    ],
    [
      1.6526247094535285,
      0.41319314972996396,
      -0.4673322412703925,
      1.0798664500288635,
      0.4332566102274536,
      -0.043330144059418624,
      0.8629827015945551,
      0.42818764876851856,
      -0.22987379486235326
    ],
    [
      1.6018133975434736,
      0.06947264414326199,
      -0.2117529220548042,
      1.5348945778319636,
      0.39513957873190786,
      0.9135676071248386,
      1.0057332984076859,
      0.4096469002105557,
      0.9414452065988962
    ],
    [
      2.4009996975001116,
      0.5190344725841469,
      -0.09416381695069065,
      1.576943188776196,
      0.43592396148861207,
      -2.6315276638918417,
      0.44872432473120877,
      0.4316001115993179,
      -1.1334029099485063
    ],
    [
      1.8141761141011674,
      0.33788785251034037,
      0.004758197322937363,
      1.1915953603893967,
      0.3981764218275821,
      -0.08935380393243175,
      1.0995976721411902,
      0.33964638067296793,
      0.8441874510906267
    ],
    [
      1.7294589283395079,
      0.22402929046025305,
      -1.0465550068678051,
      1.389204704452632,
      0.2766372492745369,
      1.052019756039649,
      0.9084064265942484,
      0.62734043369234,
      0.2295759364847898
    ],
    [
      1.4221918626505214,
      0.34810274486783654,
      -0.6797195668272039,
      1.532213569118766,
      0.36155766258378763,
      -1.2706853490489398,
      0.6008728497846905,
      0.41358855763067326,
      -3.0
    ],
    [
      1.7778091300690808,
      0.3542228846430512,
      -1.1847501311940842,
      1.452719061830517,
      0.40848384066813204,
      1.0867798556283437,
      1.27266838629414,
      0.3303197927769358,
      0.6808117394064295
    ],
    [
      1.8075939102665826,
      0.12087046128009406,
      -0.2452414963403026,
      1.150441191434581,
      0.39963582789342406,
      0.18017643786661675,
      0.9256222731302647,
      0.3450403333828018,
      -0.1746845704231186
    ],
    [
      2.263513976833433,
      0.2170768680591858,
      -0.0015481039756133907,
      0.966605861046506,
      0.40332354699211465,
      -2.7610708399950004,
      0.5169894896517432,
      0.45869251942864603,
      -1.0480177954330347
    ],
    [
      1.8585304982456106,
      0.4264493092964226,
      -0.655980235669626,
      1.4552437949723547,
      0.43656536304349636,
      -1.010071785598583,
      1.1824541005989846,
      0.4480917944621293,
      0.6396935626023375
    ],
    [
      1.376455197074113,
      0.37090580577609267,
      -1.5284211024036203,
      1.2663646315380683,
      0.16635027935720967,
      2.0610391458287762,
      0.9285923949889875,
      0.5197251958099952,
      0.9362683901506232
    ],
    [
      1.6730612575922956,
      0.26686765918210553,
      -0.5906298317406011,
      1.3570660228665068,
      0.32939751588383753,
      2.769675445207004,
      1.1368749488543493,
      0.6292710175982973,
      1.4379211296481476
    ],
    [
      1.705896269784537,
      0.3616176400589163,
      -0.46487878302292707,
      1.7294157563345474,
      0.296058513484814,
      3.0,
      0.9363671932049124,
      0.40877159982930555,
      -0.986626198330211
    ],
    [
      2.239695956734688,
      0.3907840914750994,
      0.008222815572873243,
      1.0664120421682237,
      0.44172977796160195,
      -0.14835620799227978,
      0.2958533059500691,
      0.4109376123331736,
      -1.6098066065818317
    ],
    [
      1.2959248999050748,
      0.6711164247697052,
      1.4476166770627532,
      1.424136384338642,
      0.339964155539991,
      0.17703878067726625,
      1.1636874040318426,
      0.33677474590720846,
      -1.3326617085447685
    ],
    [
      2.296014054197999,
      0.3303888877072703,
      -1.0334773528039913,
      1.1127093923896831,
      0.43262146460551393,
      -0.9458318534892662,
      0.8377439674807545,
      0.37191880559997037,
      -0.5653540619137296
    ],
    [
      2.4265483556791003,
      0.3999043686734084,
      -0.5416072445802769,
      1.8003182908578559,
      0.4127992785599235,
      -1.1915624189563294,
      1.225303043972953,
      0.32064700637167265,
      0.3123512561295989
    ],
    [
      2.13190914716631,
      0.3529601132522451,
      -0.5099819422144719,
      1.2566079122492044,
      0.3412093373218447,
      0.12066379574037178,
      0.9674354143766565,
      0.3991417675830736,
      0.13608739136321782
    ],
    [
      1.582227296207517,
      0.39725018446296567,
      -0.7298936938221247,
      1.3904544101159855,
      0.44598927087281937,
      2.3235538381490017,
      0.909153598602154,
      0.7569022177860896,
      0.707505327195985
    ],
    [
      2.153410475608532,
      0.04461306265862716,
      2.819459112971966,
      2.514083658321223,
      0.2202157195714934,
      -1.9090501967573963,
      0.4630857368761133,
      0.31119982052994233,
      0.14853858979342682
    ],
    [
      1.4870190011077171,
      0.5422011428428879,
      1.0150091035404816,
      1.1824000935426333,
      0.4559044878867793,
      0.47363756829115816,
      1.160318857677219,
      0.4210854585949422,
      1.0438143271828833
    ],
    [
      1.7396597840155723,
      0.39615370886328466,
      -0.22557395609055664,
      0.9810145302150833,
      0.3797110726486185,
      -0.4846525643760249,
      1.0795461555143258,
      0.41804498801514395,
      -1.1041836417501942
    ],
    [
      1.534764567056689,
      0.422161562380388,
      -0.7525528376428783,
      1.115431546543435,
      0.4341460376305161,
      1.636126672308026,
      1.161784269102373,
      0.4729547283917769,
      0.7258966045249955
    ],
    [
      2.3506906145615156,
      0.36872282976333254,
      -2.960212890951957,
      1.4366959609365986,
      0.4458594676912999,
      -0.8255853353796954,
      1.1839020487049474,
      0.4288622798980222,
      -0.19273619067206998
    ],
    [
