{
  "gen": 4,
  "min": 0.21886633237069827,
  "avg": 1.5296865480652584,
  "best_params": [
    0.5813419557534529,
    0.05190423167216716,
    -0.6437113122367628,
    2.773768922609804,
    0.6347683375769821,
    -0.3825258487699461,
    0.8861162376375568,
    0.5294929373599931,
    -0.001837982859181908
  ],
  "pop_params": [
    [
      0.5813419557534529,
      0.05190423167216716,
      -0.6437113122367628,
      2.773768922609804,
      0.6347683375769821,
      -0.3825258487699461,
      0.8861162376375568,
      0.5294929373599931,
      -0.001837982859181908
    ],
    [
      0.5813419557534529,
      0.05190423167216716,
      -0.6437113122367628,
      2.5573290801106734,
      0.6481889558285893,
      -0.3825258487699461,
      0.8861162376375568,
      0.5294929373599931,
      -0.001837982859181908
    ],
    [
      0.6717180181924919,
      0.3857211935551102,
      0.6064828224120247,
      2.659568069363534,
      0.2745499845196053,
      -0.8991693681831567,
      0.8764776711905047,
      0.642021720367374,
      0.273747191781302
    ],
    [
      1.1130582378170029,
      0.07913711407685463,
      -0.2994096858539228,
      2.640946503411271,
      0.6837521675686868,
      -0.4667920092164597,
      1.1843920010364746,
      0.5549948660310537,
      -1.910764324100291
    ],
    [
      0.8599826390234955,
      0.8264685558041349,
      -0.7392740361426143,
      2.420214735368923,
      0.6452423014905094,
      -0.42066142298387044,
      1.0145976501227005,
      0.41140058207190994,
      -3.0
    ],
    [
      0.59792464422362,
      0.01,
      -0.4819502064378105,
      2.4554447615936628,
      0.6132233941005827,
      3.0,
      0.9571678352775236,
      0.5655116364045017,
      -0.23954230022083545
    ],
    [
      1.7442696596281182,
      0.6254972567837014,
      -0.12662722807050372,
      1.4942909972178264,
      0.8472958125206838,
      0.22983813176755702,
      1.307894160542304,
      0.5468258335486557,
      -0.389853107048693
    ],
    [
      0.5413179853881268,
      0.7709979184121082,
      1.3903440546766215,
      2.212456541795119,
      0.8606945708879533,
      0.4648326746557456,
      1.2682913469155341,
      0.7706490268667006,
      -1.8883996638030762
    ],
    [
      0.7040876607412201,
      0.383003940524604,
      0.6064828224120247,
      2.659568069363534,
      0.2745499845196053,
      -0.8991693681831567,
      0.8764776711905047,
      0.642021720367374,
      0.273747191781302
    ],
    [
      1.2780789708843259,
      0.7806223275447577,
      0.20886168416949255,
      1.790320169141045,
      0.44214710611032615,
      -0.8998662280433456,
      0.8915547790084546,
      0.34388248653975684,
      -3.0
    ],
    [
      1.3447304412211254,
      0.597527164889944,
      2.5373445019415852,
      2.4669491485979016,
      0.7850761111106859,
      0.8036913929439001,
      1.4896460586691052,
      0.46789663490821565,
      -0.7353893665235292
    ],
    [
      0.6254380794569807,
      0.6859464546476243,
      2.639703420797269,
      2.4044955040333464,
      0.8488382405067548,
      -0.42656972073730265,
      2.39462069702724,
      0.5317885874190902,
      -0.6394141837792078
    ],
    [
      1.8163187729507433,
      0.04197802966187031,
      -0.04057273133522221,
      2.01709570629556,
      0.5548289176114906,
      -0.5627355587650991,
      1.6096272835802916,
      0.9657174191313582,
      -0.00075156066571469
    ],
    [
      0.8692024185550931,
      0.6479958861444302,
      0.12765141760410226,
      1.4929231563466632,
      0.7864734879654135,
      -0.08780687857376972,
      1.3596752917765067,
      0.6707549553033987,
      -1.3139402545122087
    ],
    [
      1.6396858668539487,
      0.5833448949747304,
      0.41785526180888705,
      1.5441523637956869,
      0.7904182530250617,
      -0.032915261408179464,
      1.5099451203427254,
      0.6461978711909718,
      -0.4795894685169029
    ],
    [
      1.7552479153270706,
      0.6951510851789555,
      0.0832024617117044,
      1.7056865569212067,
      0.7095500121791475,
      0.49418363701794343,
      1.2993336857059457,
      0.47178663537618526,
      -2.237634406502198
    ],
    [
      1.7324520754896682,
      0.6712242299986337,
      -0.2624934759453399,
      1.6915986020024454,
      0.7698033239227698,
      0.48755613642222373,
      1.724717772189226,
      0.5685946643873553,
      0.02294328868881368
    ],
    [
      2.2282259467747294,
      0.5330155244809348,
      -0.12191442773749278,
      1.698360292074753,
      0.8661736157216642,
      -0.17762722222672978,
      2.5299680190399902,
      0.5301568082368517,
      -1.794733270182018
    ],
    [
      0.758513668182303,
      0.5960619911018652,
      0.21551405452735417,
      2.294604482247602,
      0.8124688659417196,
      -0.5970242839852562,
      1.275554607919197,
      0.6491557484593222,
      -1.2780540060270467
    ],
    [
      1.8238669484232655,
      0.6051550454183726,
      0.14081260389421332,
      1.7843404662340763,
      0.8491903059177492,
      0.4758274150841607,
      1.645061881017019,
      0.14606416054833513,
      -1.7058708475537083
    ],
    [
      0.6254380794569807,
      0.6859464546476243,
      2.639703420797269,
      2.4044955040333464,
      0.8488382405067548,
      -0.42656972073730265,
      2.39462069702724,
      0.5317885874190902,
      -0.6394141837792078
    ],
    [
      0.5813419557534529,
      0.05190423167216716,
      -0.6437113122367628,
      2.5573290801106734,
      0.6481889558285893,
      -0.3825258487699461,
      0.8861162376375568,
      0.5294929373599931,
      -0.001837982859181908
    ],
    [
      1.264673244172534,
      0.6192442400459215,
      -0.6268891660744106,
      2.5059441202727593,
      0.6910964913815801,
      0.28111129059715434,
      0.8483357214005895,
      0.5434491248312942,
      -0.41730980021315567
    ],
    [
      1.5878891223895042,
      0.7510953420710688,
      0.3437561360989291,
      1.8052453724771307,
      0.7684681214794729,
      1.3189546998341688,
      1.3353847296276466,
      0.4699558610886463,
      -2.2817269677758585
    ],
    [
      2.0031916284981945,
      0.6932634696881467,
      -0.023991384207902033,
      1.859136473649035,
      0.5677680983338707,
      0.09346691812261326,
      1.0873916189056363,
      0.5409997555545419,
      -1.4826071708691382
    ],
    [
      1.0641535053907358,
      0.046202701562705166,
      -0.7028712062588737,
      2.599153537106555,
      0.6863826577951617,
      -1.3945030652576853,
      1.3487121252641585,
      0.4913016525304289,
      -1.8024816567982718
    ],
    [
      1.529972546593476,
      0.2753712337200799,
      -0.055927785448740885,
      1.1031762934166935,
      0.7186193060141525,
      0.10624401496826485,
      1.2041305120490544,
      0.4920138980019003,
      0.16294386651579984
    ],
    [
      1.8932571457616056,
      0.09397783308472732,
      0.4833174560391983,
      1.869280922956354,
      0.6407603082714318,
      -0.3946500134560845,
      1.1489001297853192,
      0.49878821173674914,
      -1.5457105756175906
    ],
    [
      0.6740500619950123,
      0.01,
      0.07167098523008719,
      2.734057615955811,
      0.5727268965390114,
      -0.639673862482605,
      0.9187653589810038,
      0.32667047227876256,
      -1.286825509131829
    ],
    [
      1.7347732810720722,
      0.5944037374378582,
      -0.2530446788224778,
      1.3855861752391672,
      0.7603086688800893,
      0.4726202157570888,
      1.416199558755037,
      0.5526620926883498,
      0.021421164356073885
    ],
    [
      0.5895232984710823,
      0.5815644407179306,
      0.1783829081646367,
      2.4059260274505716,
      0.7957160139058581,
      -0.08355475192609679,
      1.5025528789314708,
      0.7448895550971234,
      -1.9698039300276606
    ],
    [
      0.5942838002333594,
