{
  "gen": 12,
  "min": Infinity,
  "avg": Infinity,
  "best_params": [
    1.1861663446573514,
    0.951207163345817,
    1.3919636508684308,
    1.8361096041714062,
    0.16445845403801215,
    -2.0640328779827843,
    0.2684424752877784,
    0.8675143843171859,
    0.606690070459253
  ],
  "pop_params": [
    [
      1.1861663446573514,
      0.951207163345817,
      1.3919636508684308,
      1.8361096041714062,
      0.16445845403801215,
      -2.0640328779827843,
      0.2684424752877784,
      0.8675143843171859,
      0.606690070459253
    ],
    [
      2.153410475608532,
      0.03037864935284442,
      2.819459112971966,
      2.514083658321223,
      0.2202157195714934,
      -1.9090501967573963,
      0.631873078574958,
      0.31119982052994233,
      0.14853858979342682
    ],
    [
      1.3526405540621358,
      0.2983168487960615,
      0.6711173683342766,
      0.5045321958909214,
      0.29922320204986597,
      -0.8018289402378498,
      1.4226029542294043,
      0.7873242017790835,
      -1.8019573070498416
    ],
    [
      1.7640893581041006,
      0.5529514181888114,
      0.1340495793734542,
      0.7209139878933315,
      0.3842602496558822,
      0.007549288726561243,
      1.0799387730018675,
      0.5614397712623301,
      1.550879337347847
    ],
    [
      1.781596305531374,
      0.4190641722063361,
      -1.3390665452650994,
      1.2606125288536583,
      0.36998681663624566,
      1.103682361566713,
      1.2393286514808195,
      0.43983150308674956,
      0.773772860504486
    ],
    [
      1.585282749744724,
      0.5935062607718001,
      0.13463213858005396,
      1.4942861830648346,
      0.5976484545324524,
      0.4169647723570282,
      1.076259484151148,
      0.41270846001946193,
      0.6066618003079198
    ],
    [
      1.8642961680093453,
      0.5496247718749848,
      0.9699538854882271,
      0.7442534044636846,
      0.47072426309732124,
      -0.7215550241776618,
      0.9766386368799164,
      0.7091559641468717,
      1.5800374539402957
    ],
    [
      2.027013275008953,
      0.46978149731405894,
      0.6012503627847301,
      1.2446908578627653,
      0.4513697640177105,
      0.10885720715924943,
      1.0694468660291745,
      0.3999917644331768,
      0.924529919134201
    ],
    [
      1.7434574486191423,
      0.4092741329805569,
      -0.3159268479350577,
      1.109865603238629,
      0.39253387109805604,
      0.015974671635076154,
      1.0800574036811836,
      0.46791625174664225,
      -0.49819525939282905
    ],
    [
      1.7294589283395079,
      0.22402929046025305,
      -1.0465550068678051,
      1.389204704452632,
      0.2766372492745369,
      1.052019756039649,
      0.8210259024251376,
      0.62734043369234,
      0.2295759364847898
    ],
    [
      1.8861097613376772,
      0.3132209719285231,
      -0.5272842511741282,
      1.1810998757659517,
      0.361080987776638,
      -1.7385744137904444,
      0.9654834570982868,
      0.3584329120231109,
      -0.07397357572278129
    ],
    [
      2.3036589850672,
      0.422264800347964,
      -0.4294409526387502,
      1.5115209058998298,
      0.44478994438561475,
      -0.7908846306745257,
      1.1454734382553031,
      0.44356112494588157,
      -0.19895350014504742
    ],
    [
      2.3545058121056943,
      0.5027497662201249,
      -1.3260807884201196,
      1.8213336361834647,
      0.4310575145958345,
      -3.0,
      0.7121356929799756,
      0.5473416588732983,
      -1.205130453340769
    ],
    [
      1.3162825929656305,
      0.3818755982378128,
      -0.6668299526128811,
      1.5256397440845353,
      0.3985407572262235,
      -0.8461846336009322,
      1.1504237167742821,
      0.43410528175539137,
      -2.786871140143699
    ],
    [
      1.8439480298492315,
      0.35606668080769927,
      0.041931744041523,
      2.0550657771974317,
      0.2665638891118596,
      1.204147916068397,
      0.8961002528565509,
      0.3671965591949053,
      0.16147919092987306
    ],
    [
      2.4829676705468886,
      0.5088747471720955,
      -0.5822711041602056,
      1.1736089553482412,
      0.3694585530410717,
      -0.8700851631932972,
      0.5705279919945929,
      0.3597677113022685,
      -1.0285737977777165
    ],
    [
      1.6055482259585445,
      0.40663265241530516,
      -0.430720420606209,
      1.8147765386483856,
      0.4439830502520524,
      -1.3110132989544625,
      0.9785499966310061,
      0.49400019514726734,
      -0.4816294118834934
    ],
    [
      2.3181338007566663,
      0.422264800347964,
      -1.2302410100985268,
      1.5115209058998298,
      0.33381510562742356,
      -0.19057141077051498,
      1.175264512875567,
      0.4051685980180632,
      -0.19895350014504742
    ],
    [
      1.5637438929380432,
      0.08003133539210683,
      0.9272121428252954,
      1.3773081484506733,
      0.34373425539645036,
      1.4901198111371499,
      1.1450303823131367,
      0.43182076364178607,
      1.8323451403370772
    ],
    [
      2.0556131851039345,
      0.473487823061956,
      -0.33038190822415187,
      1.7361627899064036,
      0.4443900330045253,
      -2.457719269210588,
      0.756199264590949,
      0.4542297024226787,
      -1.1479188105558593
    ],
    [
      1.8861097613376772,
      0.3132209719285231,
      -0.5272842511741282,
      1.1810998757659517,
      0.36099272724195985,
      -1.7385744137904444,
      0.9654834570982868,
      0.41086389158756953,
      -0.07397357572278129
    ],
    [
      1.7719204843801681,
      0.4228559461359492,
      -0.5700413146493442,
      1.0063503542505274,
      0.3913974391962022,
      2.5016238884523716,
      1.1297476359865306,
      0.5327363984305952,
      0.30733403833954887
    ],
    [
      2.0539019495478406,
      0.5359623751537355,
      -0.5299821864330005,
      1.4353336196899238,
      0.340276804873104,
      0.7935445545965109,
      1.1578360039156212,
      0.42625714434911965,
      -1.2224870124516307
    ],
    [
      2.2681053942428107,
      0.358972319715825,
      -2.4783343656918446,
      1.560427733461026,
      0.4435926435468396,
      1.3075857687030403,
      1.0597360992384952,
      0.4198398682215718,
      -1.4081928654409965
    ],
    [
      2.1448902068474327,
      0.5128695975907209,
      0.9982239903802871,
      1.0690263722593367,
      0.4412029055754035,
      -2.627547523843283,
      1.0423344967006836,
      0.5167921982468408,
      -0.8313577588239606
    ],
    [
      1.600150492811986,
      0.42744301510920735,
      0.27063591649771224,
      1.4177947159913722,
      0.3984969319436888,
      2.089343296716868,
      0.7457334472853187,
      0.4631760030159757,
      -0.2426228219176381
    ],
    [
      1.549952740968943,
      0.24452014279758194,
      0.07672632474221452,
      0.7379901132485391,
      0.31100249880989417,
      -0.6033652150383615,
      1.2279621310247402,
      0.35496294652480914,
      1.908354249880793
    ],
    [
      1.6882707176236569,
      0.12956405670112284,
      -0.35805357289039763,
      1.1124227820524735,
      0.4000072473180338,
      -0.03265202626322727,
      0.912894150661048,
      0.4266913352875856,
      -0.2126489220403105
    ],
    [
      1.586211211318755,
      0.3481424468646562,
      -0.4313007042499425,
      0.7198136422331161,
      0.4402449050508104,
      -0.8112979921087297,
      1.212860424559601,
      0.5351800404949394,
      -0.9025622981577883
    ],
    [
      2.2466958456712423,
      0.30352430006522474,
      -2.4611291945378166,
      1.3928960329899809,
      0.3798203136753723,
      1.0599443960155797,
      1.0907821358624614,
      0.6422088376150268,
      0.21915227732450418
    ],
    [
      1.4107106979443322,
      0.38815495158779034,
      -0.7457500059933216,
      1.5672103112865183,
      0.5031617781915219,
      1.154293840600078,
      0.9426491948639195,
      0.406606233024973,
      -0.9424020272940229
    ],
    [
