{
  "gen": 8,
  "min": 1000000.0,
  "avg": 1000000.0,
  "best_params": [
    1.1861663446573514,
    0.951207163345817,
    1.3919636508684308,
    1.8361096041714062,
    0.16445845403801215,
    -2.0640328779827843,
    0.2684424752877784,
    0.8675143843171859,
    0.606690070459253
  ],
  "pop_params": [
    [
      1.1861663446573514,
      0.951207163345817,
      1.3919636508684308,
      1.8361096041714062,
      0.16445845403801215,
      -2.0640328779827843,
      0.2684424752877784,
      0.8675143843171859,
      0.606690070459253
    ],
    [
      2.153410475608532,
      0.03037864935284442,
      2.819459112971966,
      2.514083658321223,
      0.2202157195714934,
      -1.9090501967573963,
      0.631873078574958,
      0.31119982052994233,
      0.14853858979342682
    ],
    [
      1.3526405540621358,
      0.2983168487960615,
      0.6711173683342766,
      0.5045321958909214,
      0.29922320204986597,
      -0.8018289402378498,
      1.4226029542294043,
      0.7873242017790835,
      -1.8019573070498416
    ],
    [
      1.1874483826003,
      0.9807492981434524,
      1.5487466152961726,
      1.4591308477478904,
      0.16458555896995486,
      -0.7452808878467586,
      1.879805332566044,
      0.8278037934959253,
      0.4702310023318865
    ],
    [
      1.4109234723245703,
      0.29301421067441347,
      1.3620747223019984,
      2.2053994772321914,
      0.40990837774412126,
      -0.7181979580558099,
      1.5327417865379789,
      0.7735493875745493,
      -0.5551322180416833
    ],
    [
      1.3726737456529214,
      0.34626573489128476,
      1.4106160809189472,
      0.717334763935851,
      0.3002277255424654,
      -1.0668214603363766,
      1.2191820463419045,
      0.6909670672820472,
      -0.5497804773889781
    ],
    [
      2.090614843421455,
      0.5271968185650576,
      -1.073895885396475,
      1.5275878610062297,
      0.09878131072551531,
      1.2442448646792204,
      1.9931741454401664,
      0.3239109985383074,
      0.5477414799656986
    ],
    [
      1.1616624439923773,
      0.9797498133759831,
      1.5088922277241288,
      1.3312108048852507,
      0.3081429859447977,
      -2.1353889037415863,
      2.313776011218097,
      0.7716908484304152,
      0.4187909994319991
    ],
    [
      1.1886425844542148,
      0.9560469697070125,
      0.6414932756089564,
      1.8233498151436651,
      0.2796877294350073,
      -1.869798849791866,
      0.2675516153571425,
      0.5535272433927603,
      1.093014856637037
    ],
    [
      1.2358154211589507,
      0.33802477476260107,
      0.9154741031858433,
      1.7832182849076537,
      0.3223757962585205,
      -2.828652753793218,
      0.9751102896028736,
      0.6540595261179006,
      0.6800136342165298
    ],
    [
      1.0893165773266866,
      0.31162409941510766,
      2.120714868796557,
      0.9818077450679449,
      0.39315927310705956,
      -1.1530574964858988,
      0.5967767255185397,
      0.5867349600095854,
      -0.7340160081154106
    ],
    [
      1.4615579546119013,
      0.8215380665743686,
      0.4301094907634878,
      1.6832072610453588,
      0.3006113973663717,
      1.6331305461270214,
      0.5831513284924749,
      0.6934618946272685,
      0.6742437073273421
    ],
    [
      1.284847568993808,
      0.6908767861155463,
      -0.1476521211500587,
      1.6029216075858448,
      0.761241322714353,
      2.875976316048257,
      0.8163280720733617,
      0.8272654601143498,
      0.7755847736371655
    ],
    [
      2.293189207388256,
      0.5898797906571731,
      -0.8892663446358406,
      1.5236883248157183,
      0.48643225667851353,
      -1.4160126825114774,
      1.8846360270702238,
      0.42282340141299335,
      0.2470491779142109
    ],
    [
      1.4956882679344474,
      0.3313327345693374,
      -1.3499794544047141,
      1.83909456074316,
      0.5156103120873007,
      2.6104833734524893,
      1.9412326601756702,
      0.17715849344296877,
      -1.3387097951708615
    ],
    [
      1.4247461141009123,
      0.520448920147252,
      0.43860923106003114,
      0.7340553120853628,
      0.1568109859342614,
      -0.7624233374849727,
      1.9721994040990514,
      0.6159111902426195,
      0.8855569343382217
    ],
    [
      1.5062450529466782,
      0.9531998283830118,
      -0.4803837314544705,
      1.7729435839316254,
      0.1314785931280677,
      -2.055222701733849,
      1.0690788262294095,
      0.871032757019297,
      0.656033232851685
    ],
    [
      1.2423613706912446,
      0.6065829225673387,
      -2.0449208534886907,
      1.4408313395077594,
      0.4420605006413544,
      -0.9824291067663065,
      2.340625009230627,
      0.8745680807330223,
      -0.8745781944455047
    ],
    [
      1.2418529752002023,
      0.5023165976589996,
      -1.6235403371691457,
      1.5273459600974928,
      0.4209060548629135,
      -0.26567187904414613,
      2.003613321303049,
      0.6258714819144022,
      -0.6638648242667171
    ],
    [
      1.1069460763088945,
      0.40204258792932895,
      0.31480585111635406,
      1.2246356274318395,
      0.35833174968594655,
      -1.5722665008282588,
      2.1527325328370117,
      0.7078238357829484,
      -0.7320661707212806
    ],
    [
      1.8443270786244934,
      0.32574534511047765,
      2.8098504183235256,
      1.9394679512968398,
      0.3185010455386551,
      0.6135972867561845,
      0.6800650177621723,
      0.34814136491663156,
      0.07667539183983826
    ],
    [
      1.3452625059937178,
      0.33230466133392594,
      1.7150573526966397,
      1.2223143035339563,
      0.3205663267166931,
      -0.9922308766901691,
      1.2562972146225073,
      0.7585203781129677,
      -1.586920099437458
    ],
    [
      1.3728835603357321,
      0.3275584490734601,
      1.516316022991457,
      0.6838775266159289,
      0.220527000061187,
      -0.8127085368345445,
      1.364020888179574,
      0.7765019695302638,
      -0.6677981853111328
    ],
    [
      1.5831382592066077,
      0.31345519243066045,
      -2.1128682993220744,
      2.2415622866416713,
      0.37753042163951134,
      2.9415411735387176,
      2.090617269926021,
      0.16769919786852835,
      -1.7081262291372215
    ],
    [
      1.5355562880652722,
      0.4497438984176289,
      0.8165053774338253,
      1.821479540813134,
      0.5787861233772457,
      -0.8108910553245265,
      1.4949400895959764,
      0.534580162338982,
      0.961134466092696
    ],
    [
      1.8584789832982294,
      0.5336239932684546,
      -0.47970325209956477,
      1.9192553182630094,
      0.47184156053948545,
      1.1970166673794123,
      1.7865999961534906,
      0.45937296506725994,
      -3.0
    ],
    [
      1.289667882275781,
      0.981974137975729,
      -2.5629821896124216,
      1.4364668129727063,
      0.4056768501431699,
      -1.1672679675992041,
      1.8156810499562164,
      0.9083511519689594,
      0.36536566800729897
    ],
    [
      1.3681609770184828,
      0.813630421538134,
      0.8093492113433165,
      1.4293365184415985,
      0.4617395365641681,
      -0.5975365234605654,
      1.1106625402426005,
      0.7881828649326978,
      -0.5570911891436594
    ],
    [
      1.3726737456529214,
      0.34626573489128476,
      1.4106160809189472,
      0.717334763935851,
      0.3002277255424654,
      -1.0668214603363766,
      1.2024729164170609,
      0.7499565883888468,
      -0.5497804773889781
    ],
    [
      2.025671467242817,
      0.5794763495964775,
      -0.7314980447352053,
      1.674629026305914,
      0.1338043899022976,
      0.3927995594911064,
      1.9255627446301011,
      0.43856567507299626,
      0.5428571982874676
    ],
    [
      1.1883097068577186,
      0.9585421724734198,
      1.5327410096311804,
      1.31525482732229,
      0.32755046556969647,
      -0.6155216538069281,
      0.38615359703763413,
      0.8634945470490842,
      0.4304074628504285
    ],
    [
      1.1872402664383943,
