{
  "gen": 5,
  "min": 0.12834158831012327,
  "avg": 1.011914179697093,
  "best_params": [
    0.5813419557534529,
    0.05190423167216716,
    -0.6437113122367628,
    2.773768922609804,
    0.6347683375769821,
    -0.3825258487699461,
    0.8861162376375568,
    0.5294929373599931,
    -0.001837982859181908
  ],
  "pop_params": [
    [
      0.5813419557534529,
      0.05190423167216716,
      -0.6437113122367628,
      2.773768922609804,
      0.6347683375769821,
      -0.3825258487699461,
      0.8861162376375568,
      0.5294929373599931,
      -0.001837982859181908
    ],
    [
      0.5813419557534529,
      0.05190423167216716,
      -0.6437113122367628,
      2.5573290801106734,
      0.6481889558285893,
      -0.3825258487699461,
      0.8861162376375568,
      0.5294929373599931,
      -0.001837982859181908
    ],
    [
      0.5813419557534529,
      0.05190423167216716,
      -0.6437113122367628,
      2.5573290801106734,
      0.6481889558285893,
      -0.3825258487699461,
      0.8861162376375568,
      0.5294929373599931,
      -0.001837982859181908
    ],
    [
      1.7442696596281182,
      0.6254972567837014,
      -0.12662722807050372,
      1.4942909972178264,
      0.8472958125206838,
      0.22983813176755702,
      1.307894160542304,
      0.5468258335486557,
      -0.389853107048693
    ],
    [
      0.8752959010773396,
      0.6943364721066443,
      1.5314976347387095,
      1.7415571362493152,
      0.8122781074969836,
      0.4780062627655715,
      1.6461092216132287,
      0.7088386066238059,
      -1.8900462153753717
    ],
    [
      0.5600657973981131,
      0.4146916351722516,
      0.2147108316275399,
      2.4673467100145237,
      0.6189697817418495,
      -0.08314868737972547,
      1.0992704055615274,
      0.7201337119400235,
      -1.9749477290538373
    ],
    [
      0.6528446306098931,
      0.012553036515971304,
      0.008800223786862738,
      2.6444001606798326,
      0.46831982038312847,
      -0.6349804647095432,
      0.8811316156202813,
      0.5559781798985995,
      0.19024120611916603
    ],
    [
      0.6222321644998661,
      0.3801790318452413,
      0.6591582271972187,
      2.532934952887476,
      0.5866759708360635,
      0.01522136595385315,
      0.9717943470837316,
      0.477546734079878,
      -1.4542066159044533
    ],
    [
      1.9184627741402656,
      0.4217815828778406,
      0.5606935438743837,
      2.6533474361524174,
      0.5131672336043602,
      -0.4864221758017607,
      1.068784928073338,
      0.5353179409440412,
      -0.17964409308658347
    ],
    [
      1.3231035058721057,
      0.0293904248924352,
      -0.6759086608724177,
      1.2215295162495694,
      0.6606889626424329,
      -0.41108236496242834,
      1.1780867693700716,
      0.5307778142793239,
      0.06076636777288962
    ],
    [
      0.5110701856365193,
      0.5382783940484975,
      0.5386129708745067,
      2.405553099878444,
      0.657205030728128,
      -0.11296074084354465,
      0.9296480694946397,
      0.6392491746735638,
      -0.05014147759466847
    ],
    [
      1.573995144688586,
      0.5816797600510973,
      0.352224304781284,
      1.3424938927021137,
      1.0,
      0.20697944471513272,
      1.4622016804474403,
      0.505895927856765,
      -1.3249920937065527
    ],
    [
      0.9603222341896902,
      0.4547812585543576,
      0.5652757673334847,
      2.2838539031788025,
      0.38038530707008733,
      1.8904365468960245,
      1.0863999326115494,
      0.6309054074051328,
      -2.367438314524506
    ],
    [
      1.0289213349159194,
      0.6396950863312055,
      0.546725025805264,
      2.615983000012009,
      0.3761103153739439,
      -0.39141042403772736,
      0.9768947495786655,
      0.6425446067366422,
      -1.0538777194833377
    ],
    [
      0.5813419557534529,
      0.05190423167216716,
      -1.1398695055846941,
      2.773768922609804,
      0.6347683375769821,
      -0.3825258487699461,
      0.8861162376375568,
      0.5294929373599931,
      -0.001837982859181908
    ],
    [
      2.1745936104385146,
      0.5804329842113092,
      0.35036909281131356,
      1.3130548135190394,
      0.8612160265398983,
      0.11607580754381347,
      1.428214142997819,
      0.5933945321497153,
      -1.4858799039827046
    ],
    [
      1.6849441494822084,
      0.5741910936953319,
      0.0002794008691335073,
      2.4238350305772935,
      0.9281377327590675,
      -0.07694815048323117,
      1.4757382789978106,
      0.609258861882306,
      -1.9553676507936282
    ],
    [
      1.8533303901034075,
      0.567865277740323,
      0.25197855006946457,
      1.7145144198441857,
      0.9060956563839772,
      0.044337286548998475,
      1.4984561657291848,
      0.33922252854900536,
      -0.8697154843851249
    ],
    [
      0.8038625387784839,
      0.5041650109166255,
      0.6228937744737335,
      1.7559181804139985,
      0.6643773499071555,
      -0.764992927779679,
      1.016270182764684,
      0.6417742899046286,
      -0.4030895319837717
    ],
    [
      1.0302270357773278,
      0.39216967686652765,
      -0.251583266060078,
      1.7396882444853095,
      0.7761286128742542,
      -0.1981150985867771,
      2.688199599969688,
      0.529538898046436,
      -1.3336378676925604
    ],
    [
      1.476241875124372,
      0.4224802774612903,
      -0.5617948536625813,
      1.8261007047407798,
      0.7268464250841326,
      -0.14220258073233594,
      1.13734401252444,
      0.5394317025469008,
      0.01809968951887172
    ],
    [
      0.5710143032376713,
      0.08935116530843376,
      -2.1815628704039582,
      1.7214529342626634,
      0.6384287227918868,
      -0.3816830177909745,
      0.9402841934885775,
      0.8590616210503678,
      0.002752758595405444
    ],
    [
      2.4214057450940145,
      0.6564496419602377,
      -0.42995177405725826,
      2.5713412798425286,
      0.5375751137123602,
      0.536659326161772,
      0.9043548419801261,
      0.3365205801074925,
      -1.7008297196675086
    ],
    [
      1.2308858975830468,
      0.5816695476419378,
      0.4482470368133996,
      2.372003078328675,
      0.8118426796469276,
      0.2001159668801188,
      1.495630984011415,
      0.6620772614071125,
      -1.9403835128560785
    ],
    [
      1.375460648557557,
      0.5746991790977296,
      1.2600934294629818,
      2.4230888985805894,
      0.7851104117445082,
      0.1824957183707098,
      1.5173889586412141,
      0.6002667723269032,
      -2.8301178748274105
    ],
    [
      0.560887245965264,
      0.4331176181907435,
      1.7099898847512054,
      2.780147428986889,
      0.6033272214123782,
      0.26339964249178216,
      1.0403239916954043,
      0.48148818702752855,
      -3.0
    ],
    [
      1.7377321525645697,
      0.6317113761536933,
      0.4803701486760423,
      1.8113168776246709,
      0.4026636524584224,
      -1.066424649596779,
      0.9545364689416369,
      0.3831853575557906,
      -3.0
    ],
    [
      1.1645798494311124,
      0.758915184493576,
      0.3234722092085617,
      2.2349953811832224,
      0.8603326033786325,
      0.4626029601511497,
      1.584632365708235,
      0.5332245086868487,
      0.2312296336296935
    ],
    [
      0.5830235809235201,
      0.48330326601308926,
      -0.1486290193895199,
      2.6233977624130995,
      0.6894354133583683,
      -0.28025558821028,
      1.2645975306084867,
      0.7487009126931375,
      -2.065862881948587
    ],
    [
      0.6820639391214658,
      0.0985615049303484,
      -0.27176999259380474,
      2.6506127308378296,
      0.38609691775374677,
      -0.4442881587348433,
      0.675949714812975,
      0.5135787784417756,
      0.2728224701771546
    ],
    [
      0.7097047053075649,
      0.49958622133652675,
      0.24095608376625602,
      1.8239992433649483,
      0.3059049799516947,
      -0.029310158988678614,
      1.5774584422830513,
      0.49791754942746236,
      -0.9358038039736909
    ],
    [
