{
  "gen": 14,
  "min": 0.022323027871775834,
  "avg": 1.5970246871303233,
  "best_params": [
    1.0988284178742098,
    0.6442935933205081,
    0.5609453707624811,
    1.6662912632950915,
    0.5352047811261503,
    -0.004447063463544149,
    1.9699682963246032,
    0.05116943185479345,
    -1.3395546741008544
  ],
  "pop_params": [
    [
      1.0988284178742098,
      0.6442935933205081,
      0.5609453707624811,
      1.6662912632950915,
      0.5352047811261503,
      -0.004447063463544149,
      1.9699682963246032,
      0.05116943185479345,
      -1.3395546741008544
    ],
    [
      1.1538062402156963,
      0.6455329830489468,
      0.4957914141649524,
      1.9886345798745104,
      0.541398710948523,
      -0.13116461654612815,
      2.091158225635428,
      0.05198093210402505,
      -1.380262038184962
    ],
    [
      1.0759529550392894,
      0.6439881820698768,
      0.5701538230985718,
      1.8830451303471791,
      0.5346799423972256,
      -0.1304646965626717,
      1.9313739034613655,
      0.0531509165785598,
      -1.39504977030029
    ],
    [
      1.1112399549636607,
      0.6333693766527904,
      0.571500902410457,
      1.7432863240878942,
      0.5088214045039534,
      -0.05660478381242012,
      1.918486028712959,
      0.040423264493426724,
      0.4633730395845339
    ],
    [
      1.2926385518368346,
      0.5523379309130451,
      0.4088693758090617,
      1.7620470517586475,
      0.38156031353162634,
      -0.21688434602289572,
      1.9032575060969794,
      0.05641550523818807,
      -1.417336253965661
    ],
    [
      1.1803100479612194,
      0.6214510297586384,
      0.502638965132164,
      1.7972433776372392,
      0.5213459969640164,
      -0.13282989679906282,
      1.8756638899496292,
      0.10228575751112262,
      -1.2734148325952288
    ],
    [
      1.1200856479455412,
      0.643189371292079,
      0.5559279646422786,
      1.909770457171867,
      0.5428907151811063,
      -0.138788556270515,
      1.7959001949813418,
      0.052793195959251575,
      -1.389298994009618
    ],
    [
      1.1520717054965859,
      0.6220785282304427,
      0.49709912755043967,
      1.9465913418238725,
      0.5478447786790195,
      0.8981472148842464,
      2.0415533791284064,
      0.057819634622434966,
      -1.3440218326375715
    ],
    [
      1.2797721476457085,
      0.6616711018903343,
      -0.6282186976835917,
      1.8540382606955785,
      0.5597427737100577,
      -0.13111478020439407,
      1.9197910911557603,
      0.016614972789390788,
      -1.2411982696639203
    ],
    [
      1.2517456724211422,
      0.625017145479208,
      0.473724476738998,
      1.8437529730615458,
      0.42774005465352577,
      -0.16260749188112067,
      1.8644699615171632,
      0.035177247436687584,
      -1.1534826522922612
    ],
    [
      1.1746705914587243,
      0.6423205131618542,
      0.37599534051088734,
      1.8790003181332728,
      0.5649586090926595,
      -0.16183602466977606,
      2.008046358343106,
      0.05329869201071298,
      -1.383736512403982
    ],
    [
      1.1267803805145478,
      0.5973798882839098,
      0.34057229911560155,
      2.3180010690973525,
      0.6657447980932245,
      -0.06925974992729128,
      2.029624392056122,
      0.05096673012617704,
      -1.5247660839156632
    ],
    [
      1.1561486078147312,
      0.6088699855513744,
      0.42460192961673393,
      1.9859967250809478,
      0.6180080481252082,
      -0.11989463910105409,
      1.8571853128681766,
      0.053636693125650864,
      -1.3095420432088822
    ],
    [
      1.37155931381841,
      0.6298774062406596,
      0.42353260490326955,
      1.8813318155965464,
      0.4916307410599188,
      -0.08892526388000886,
      1.8686871509479235,
      0.06670648216312387,
      -1.291042691950855
    ],
    [
      1.23248863571558,
      0.6188444074401764,
      1.8437040813682144,
      1.9106170946376873,
      0.5502703375598046,
      -0.12501461205278455,
      1.6599792405884493,
      0.09751638266500615,
      -1.3842676668896923
    ],
    [
      1.1074737146805838,
      0.5968011833367296,
      0.4019515433866004,
      2.126801735353389,
      0.5759756621288996,
      -0.12493656833942135,
      1.8973225228875816,
      0.0506406012115006,
      -1.5211062396749995
    ],
    [
      1.1152563164864229,
      0.5917824377760642,
      0.4455151914681719,
      1.8484313557483143,
      0.5525997307836942,
      -0.14001674760795504,
      1.9090105178074308,
      0.08997198008970057,
      -1.3251401165694896
    ],
    [
      1.146920237323061,
      0.6208805132108904,
      0.9891352892837961,
      1.8774868429692682,
      0.47458374187531444,
      -0.13807611306835202,
      1.7981659590309402,
      0.07740550593721104,
      -1.348646540141477
    ],
    [
      1.2751942676740837,
      0.5396784610097105,
      0.6587385997053927,
      1.9990614376663072,
      0.5535351852745656,
      -2.1635476610172133,
      1.8539495903991605,
      0.05238537173279426,
      -1.6652966355039964
    ],
    [
      1.124912104762454,
      0.6709221104197137,
      0.3943952636315239,
      2.02088358825237,
      0.5306733891802351,
      -0.07625834303278904,
      1.8324470749286121,
      0.05267471885533344,
      -0.3769023916200538
    ],
    [
      1.2187677434462452,
      0.6305560430475418,
      0.5836271801568196,
      1.9315186281626848,
      0.4692991569773822,
      -0.10305458813845067,
      1.8620261885027563,
      0.06586168487615983,
      -0.9473360302990893
    ],
    [
      1.0759529550392894,
      0.6439881820698768,
      -0.7752069922109349,
      1.8830451303471791,
      0.6340670005560036,
      -0.1304646965626717,
      1.9313739034613655,
      0.1912870081789626,
      -1.39504977030029
    ],
    [
      1.2585421996316846,
      0.6608896558546982,
      1.0651821593660158,
      1.749610219608231,
      0.5418486997334363,
      -0.12803030085692915,
      1.6060308940079446,
      0.01543086965562577,
      -1.1604982632713363
    ],
    [
      1.1251371146919105,
      0.6441952553114643,
      0.5617390997976949,
      1.6689131136302877,
      0.46612579149032546,
      -0.12953635014173834,
      1.9290593593925036,
      0.05304156710618722,
      -1.3474918900869335
    ],
    [
      1.099817869307106,
      0.6446192818040759,
      0.5650556249732369,
      1.7698610247222974,
      0.5363687801644654,
      -0.147751245275805,
      1.9205720327618847,
      0.07239870915317859,
      -1.4156503903560322
    ],
    [
      1.0759529550392894,
      0.6439881820698768,
      0.5701538230985718,
      1.8830451303471791,
      0.49518133219061977,
      -0.1304646965626717,
      1.9313739034613655,
      0.0531509165785598,
      -1.39504977030029
    ],
    [
      1.1531572696638266,
      0.5927892034762737,
      0.5075152432001148,
      1.919912322979323,
      0.5451118231193841,
      -0.1264798034712159,
      1.8509881494998142,
      0.055980559745498745,
      -1.3744366828953123
    ],
    [
      1.0805455503192958,
      0.6246358224985639,
      0.5434961156808946,
      2.0221724407670387,
      0.5948211194270928,
      -0.12831489552766312,
      1.9538608251726357,
      0.05911921764538567,
      -1.3956385850513886
    ],
    [
      1.3199518965731658,
      0.5799831343382436,
      0.40968148629752515,
      2.0245245023129024,
      0.5617622873370051,
      -0.07238774311788082,
      1.8401235078273641,
      0.053416841629418926,
      -1.510818454878811
    ],
    [
      1.0802085505947676,
      0.6222538703426707,
      0.4740320114174824,
      1.8781442832377144,
      0.539313451420833,
      -0.12944718273605263,
      1.92595540125593,
      0.06887531177437604,
      -1.3467433264303055
    ],
    [
      1.2135044353440227,
      0.6836457741394337,
      0.5598098396354553,
      1.7142437458809208,
      0.5379217156666232,
      -0.15122246140122622,
      2.243311489385198,
