{
  "gen": 2,
  "min": Infinity,
  "avg": Infinity,
  "best_params": [
    1.1861663446573514,
    0.951207163345817,
    1.3919636508684308,
    1.8361096041714062,
    0.16445845403801215,
    -2.0640328779827843,
    0.2684424752877784,
    0.8675143843171859,
    0.606690070459253
  ],
  "pop_params": [
    [
      1.1861663446573514,
      0.951207163345817,
      1.3919636508684308,
      1.8361096041714062,
      0.16445845403801215,
      -2.0640328779827843,
      0.2684424752877784,
      0.8675143843171859,
      0.606690070459253
    ],
    [
      2.153410475608532,
      0.03037864935284442,
      2.819459112971966,
      2.514083658321223,
      0.2202157195714934,
      -1.9090501967573963,
      0.631873078574958,
      0.31119982052994233,
      0.14853858979342682
    ],
    [
      1.3526405540621358,
      0.2983168487960615,
      0.6711173683342766,
      0.5045321958909214,
      0.29922320204986597,
      -0.8018289402378498,
      1.4226029542294043,
      0.7873242017790835,
      -1.8019573070498416
    ],
    [
      0.9908708341080834,
      0.4618695064910382,
      1.648542939743494,
      1.214661940973118,
      0.4544268714727696,
      -0.18972800924579158,
      0.8189864591887105,
      0.17272229965639513,
      2.842313156443173
    ],
    [
      2.0601949359382115,
      0.42233786473210083,
      -1.21769780585344,
      1.3714071281969848,
      0.26602810231958873,
      1.8113377417185714,
      0.1,
      0.4119639548579872,
      -1.0209858299230823
    ],
    [
      1.4184345341724558,
      0.04834882680227047,
      0.2091448360473177,
      1.6800095160855646,
      0.2799668718326907,
      0.25340617912886854,
      2.5427181270824355,
      0.40264268909418643,
      -1.282640083714051
    ],
    [
      1.177075795612686,
      0.7123484074049694,
      0.2728973932228991,
      1.5493494505098941,
      0.43980211576056755,
      0.8391488139778412,
      1.5906657495394942,
      0.5986223638406541,
      0.39160808969233774
    ],
    [
      0.7834946968533448,
      0.24775429565219995,
      -0.7500484022366263,
      1.5437849883575452,
      0.7900800525381491,
      -0.7790651295474493,
      1.672529176070711,
      0.15878146277850858,
      0.5261805889637237
    ],
    [
      2.343909689167795,
      0.2568140862599693,
      -0.8432334842713416,
      1.3421257944794414,
      0.2810269463671933,
      -0.8890849177263892,
      0.1377791451269647,
      0.10801687494637573,
      1.7347081430831754
    ],
    [
      0.5425060902984993,
      0.42454332022874963,
      -1.8193763176983286,
      1.9693883447493254,
      0.6794136784241673,
      -0.7536369573254071,
      0.4111192026002625,
      0.4962398847704093,
      -1.7727108625719477
    ],
    [
      2.2632454378337425,
      0.38552424509262273,
      -1.4894107933372132,
      2.211237834630633,
      0.2645615502703817,
      -1.0730115371274447,
      2.421674269574668,
      0.01,
      -0.6079225889050308
    ],
    [
      2.4373066664327077,
      0.8461537031756672,
      -1.2454914519128713,
      1.5435907869595973,
      0.5931721233161874,
      -1.1285005404458872,
      0.3244859344864194,
      0.6704277799738354,
      1.219204873782189
    ],
    [
      0.5143685486511371,
      0.09281512091087789,
      2.8196799562371595,
      2.5746826971637833,
      0.6011911763567456,
      -0.6997510964575124,
      1.0572242423192404,
      0.7374662657361628,
      1.2719096494081392
    ],
    [
      2.47224282117523,
      0.86212327742378,
      -2.958287216812856,
      1.5811671774749407,
      0.4232368931172912,
      -1.6673531371756185,
      0.44760956526768014,
      0.3442390196895917,
      3.0
    ],
    [
      2.6368405432892112,
      0.0943933576631118,
      -3.0,
      1.564217982265625,
      0.5430088125911546,
      1.9020319872783844,
      0.1691210819519335,
      0.3239427743166312,
      0.05393606018531116
    ],
    [
      2.0390850951432564,
      0.053441026875617935,
      1.2348985130347039,
      2.5480132063412833,
      0.28342551652554365,
      0.26224552476484764,
      1.7671036872266674,
      0.6086262598646536,
      1.2715795050024667
    ],
    [
      1.6283196142454548,
      0.8667080975650276,
      0.8807336268706691,
      2.4399567111637865,
      0.2834720222736473,
      -2.3171221686964274,
      1.6551741726931493,
      0.5467805920829529,
      -1.0160905624145324
    ],
    [
      0.5268678708199261,
      0.3578132420639063,
      -0.17014473818261844,
      1.6967712045990069,
      0.2568843685007956,
      1.5440206624562556,
      1.8042920521365828,
      0.45497830832918146,
      -2.738663676020452
    ],
    [
      2.7022590399843427,
      0.11395866558010662,
      -2.7883835524945457,
      1.8256467620987766,
      0.6938838555450072,
      1.9956313097446443,
      0.8909266842245259,
      0.36963503674314024,
      0.011357658037222954
    ],
    [
      0.7071130376764598,
      0.3767673817634682,
      -0.6282822087116078,
      1.9551172299857915,
      0.3752245031740747,
      -0.22479170320111264,
      2.267665720587894,
      0.08062509842121755,
      -1.2736484676032052
    ],
    [
      2.6178487951194054,
      0.23347420964739174,
      -1.4899212030898148,
      2.464081817333137,
      0.7486564831838968,
      2.1901204586435576,
      0.6295584232065625,
      0.8510752299157387,
      -0.5550716757981231
    ],
    [
      0.6297340824391328,
      0.4156099478125251,
      2.3595811341741757,
      2.556861205987962,
      0.5313096039289266,
      -0.32728845878800183,
      0.7964887901101182,
      0.20234316541303282,
      -0.3744316497759354
    ],
    [
      2.027928670273485,
      0.5305631500819623,
      -0.6510279382652433,
      1.3103290351852344,
      0.3853295361114216,
      -0.590022879612964,
      0.839607374459316,
      0.8956879094992939,
      1.7657829469236361
    ],
    [
      1.4983555948465521,
      0.4240640795243759,
      -1.2193587710475637,
      1.2528626270049945,
      0.45093899777998125,
      -3.0,
      0.6548583129694528,
      0.35319174144041116,
      0.7142744181925773
    ],
    [
      1.3068575821639405,
      0.338641211061373,
      0.07246004606100859,
      0.9534194237032254,
      0.5090403274308664,
      -0.9089467947229732,
      1.3020906956528187,
      0.8872922431612371,
      -1.7292321894422669
    ],
    [
      2.1516862809966426,
      0.7731472205807837,
      2.0306153262027222,
      1.8970314605670766,
      0.137549750728525,
      2.164373032238856,
      1.7778198109349572,
      0.3719569127196513,
      -1.1151265710174691
    ],
    [
      1.861844432218371,
      0.22543866945250324,
      -2.6046220896364063,
      1.9019973533004744,
      0.09573049232502702,
      2.202261937347396,
      0.6949834954738188,
      0.4179949822283525,
      0.7157151461408513
    ],
    [
      3.0,
      0.8436977339043517,
      2.0299722282668267,
      1.4592101634054138,
      0.42067130731428853,
      -0.24999714892043978,
      0.1,
      0.8660751524925027,
      1.8774060547804652
    ],
    [
      0.5299806815333019,
      0.22310799405087173,
      -2.6885748778824348,
      1.2879728460089452,
      0.6292681444772327,
      -3.0,
      1.682583546661438,
      0.09227662589273938,
      -1.310724155712757
    ],
    [
      2.284037285969429,
      0.8561086156181565,
      -0.1907159374103229,
      2.007677146906154,
      0.44251528713760535,
      1.4025064453283012,
      0.4038352856202072,
      0.33449748769514287,
      -0.06982636928928321
    ],
    [
      2.355036576548442,
      0.37586323026339635,
      0.5909813014970833,
      2.0254696293008045,
      0.26789855463877577,
      1.70346551872486,
      0.7126682991510537,
      0.4458385637513588,
      -0.31759470911008614
    ],
    [
      0.9758925218943071,
      0.2500107472257148,
      0.6438062088005945,
      1.2791805624614017,
