{
  "gen": 6,
  "min": 1000000.0,
  "avg": 1000000.0,
  "best_params": [
    1.1861663446573514,
    0.951207163345817,
    1.3919636508684308,
    1.8361096041714062,
    0.16445845403801215,
    -2.0640328779827843,
    0.2684424752877784,
    0.8675143843171859,
    0.606690070459253
  ],
  "pop_params": [
    [
      1.1861663446573514,
      0.951207163345817,
      1.3919636508684308,
      1.8361096041714062,
      0.16445845403801215,
      -2.0640328779827843,
      0.2684424752877784,
      0.8675143843171859,
      0.606690070459253
    ],
    [
      2.153410475608532,
      0.03037864935284442,
      2.819459112971966,
      2.514083658321223,
      0.2202157195714934,
      -1.9090501967573963,
      0.631873078574958,
      0.31119982052994233,
      0.14853858979342682
    ],
    [
      1.3526405540621358,
      0.2983168487960615,
      0.6711173683342766,
      0.5045321958909214,
      0.29922320204986597,
      -0.8018289402378498,
      1.4226029542294043,
      0.7873242017790835,
      -1.8019573070498416
    ],
    [
      1.2228502902632843,
      0.9169910484666248,
      0.8226008841363566,
      1.5824786017722434,
      0.1598402335735139,
      0.1848435461805038,
      0.739267451965661,
      0.8076789008045159,
      -0.7028745043467532
    ],
    [
      1.1616624439923773,
      0.9797498133759831,
      2.4820932640787428,
      1.1103412047369732,
      0.3081429859447977,
      -0.7985331635471944,
      2.313776011218097,
      0.7352775595667508,
      0.4187909994319991
    ],
    [
      1.3594837724758093,
      0.30917770469418265,
      1.5581831033389326,
      1.9268450256404897,
      0.5946180336214069,
      2.7664072829168136,
      2.035475968778786,
      0.7008300515764693,
      0.9246896491437091
    ],
    [
      1.3569528404808373,
      0.4391684466380988,
      0.6402849272092261,
      0.9551162284017904,
      0.3937827609763795,
      -0.5186999692850918,
      1.3854035625160286,
      0.5673064048203896,
      -1.7433936971049926
    ],
    [
      1.2150512100061883,
      0.3368471099952506,
      1.1520991692559448,
      1.326667087339477,
      0.315591744362472,
      -1.8081415566914465,
      0.6540285298371049,
      0.5936905271568013,
      -0.3862581740167857
    ],
    [
      0.9039723854770407,
      0.32226836497796213,
      0.8115343921589103,
      0.954283402371575,
      0.48354193204256496,
      -1.0367177700380825,
      1.192649642164479,
      0.6479697706056182,
      -1.0462030020625388
    ],
    [
      1.5705276527901588,
      0.8315244661411803,
      1.3670806315972248,
      1.2831921809891755,
      0.4351085401561148,
      1.6207699153212207,
      1.5831784106663735,
      0.22676005879597572,
      0.25511781233675945
    ],
    [
      2.048598529459848,
      0.5254959532438245,
      0.6882990885393094,
      1.9828693939739113,
      0.6178413817661051,
      -0.18804880184527362,
      1.382752414814188,
      0.4101576551810083,
      1.229280157485297
    ],
    [
      2.115409186510361,
      0.5979921400559285,
      -0.85859374839192,
      2.153576432686669,
      0.5817957797592986,
      1.2778930194207245,
      1.973903674732473,
      0.312667973193517,
      1.4684899446417525
    ],
    [
      1.6238965950175244,
      0.6405984616404972,
      -1.2241446869637562,
      1.1059047630372034,
      0.4517328971027909,
      -1.7655467836989214,
      1.6979195095597104,
      0.9189262044932422,
      0.2933472356806863
    ],
    [
      1.4965194015526584,
      0.6985690190263869,
      1.6545374682818164,
      1.4440973070396346,
      0.44925183142701935,
      -0.2853869930994942,
      1.3430313484247187,
      0.7080339207743374,
      -1.343124178677799
    ],
    [
      1.3449150796349343,
      0.8194335175655113,
      -0.27575598371624643,
      1.6881443178161981,
      0.3854138618752857,
      3.0,
      1.6459839800072227,
      0.2798116021831774,
      -2.22128252736123
    ],
    [
      1.4190740905621153,
      0.3848325241818679,
      -1.6776397826121496,
      1.188550038498861,
      0.5338838580536102,
      -1.5122197710343905,
      1.478349227201659,
      0.5374587442886254,
      1.5702812947888558
    ],
    [
      1.5024191741418944,
      0.987427925153543,
      -0.08100380440201427,
      1.8539355733994702,
      0.4029094776510177,
      -0.4673893448016365,
      1.9225835612581073,
      0.7173935456135525,
      -0.5931952832988554
    ],
    [
      1.6587821715511388,
      0.6788933531245909,
      -0.8170026026641231,
      2.506514518893673,
      0.5624941430908972,
      -1.294959537542677,
      1.5433286605571719,
      0.643457939100813,
      -1.0098609577515532
    ],
    [
      1.3765961740563661,
      0.45353947493169955,
      1.1528024294948256,
      1.6629701457003248,
      0.5976123946682207,
      -1.3719856348008084,
      1.3424146251625233,
      0.6400795909136754,
      -0.08160197050949397
    ],
    [
      1.3904386961413313,
      0.39320331756340043,
      0.055039812201252925,
      1.795887106868238,
      0.6036197181137308,
      0.6567937804607562,
      1.9496897208040365,
      0.1474203853953636,
      -1.3405889413394987
    ],
    [
      1.8771470965711503,
      0.5810391389208018,
      2.9784620398646373,
      2.0189068998798483,
      0.6134172359867394,
      -0.4880385433138701,
      1.41982003732343,
      0.3793824017747713,
      -0.8411414485666413
    ],
    [
      1.2757462928105752,
      0.40650457232352377,
      -1.2688174058176451,
      1.1182227015244137,
      0.4847602488801762,
      -2.0964632756351085,
      1.7339784947262797,
      0.8734909381625744,
      -1.4096753117858603
    ],
    [
      1.3402112778565043,
      0.3024194923111853,
      0.7555900852901132,
      0.9082353403159757,
      0.3041134139113779,
      -2.204371283202378,
      1.5003139287700678,
      0.789200941892244,
      -1.7878257402249915
    ],
    [
      1.3594837724758093,
      0.30917770469418265,
      1.5581831033389326,
      1.9268450256404897,
      0.5946180336214069,
      2.7664072829168136,
      2.035475968778786,
      0.7008300515764693,
      0.9246896491437091
    ],
    [
      1.6509272604981906,
      0.609966110671129,
      1.1843908577099687,
      1.5495480726273239,
      0.6406122416158455,
      0.9261633424720082,
      1.117623474491325,
      0.706171523000741,
      -0.5712615846290774
    ],
    [
      1.4227463881644695,
      0.5462654728009466,
      0.8201239773744997,
      1.3150487650708478,
      0.49831092288912604,
      1.4176638128480783,
      1.8301949252100604,
      0.8203630382247153,
      0.12103465718482279
    ],
    [
      1.4076039930789863,
      0.9161658569765692,
      1.1718861534580558,
      1.8346989887610752,
      0.31550837362535694,
      -0.6065240981731066,
      0.988860832945964,
      0.8156834648935737,
      0.6333089417679698
    ],
    [
      1.1616624439923773,
      0.9797498133759831,
      1.7680579050760652,
      1.1103412047369732,
      0.3081429859447977,
      -0.7985331635471944,
      2.313776011218097,
      0.7628700006956127,
      0.4187909994319991
    ],
    [
      1.728538510328905,
      0.30357517085269514,
      -0.8766677496409199,
      2.4220079262494587,
      0.6551080100409566,
      1.8315101550664152,
      1.8773204743733944,
      0.6988119351540263,
      -0.22967291371532866
    ],
    [
      1.3545975263258871,
      0.4639994783113011,
      -0.9079705208166349,
      0.7678856977146431,
      0.4724547722036524,
      0.09006971834709088,
      1.5522325822441951,
      0.7665879526292892,
      -1.1579090955812488
    ],
    [
      1.2075055008751334,
      0.32337526567466185,
      1.1658083472400236,
      0.9351896465086571,
      0.2351548247725242,
      -1.9052650952417223,
      0.8893717300539359,
      0.9103438985954753,
      0.5006376964163634
    ],
    [
      1.4612262361657544,
