{
  "gen": 18,
  "min": Infinity,
  "avg": Infinity,
  "best_params": [
    1.1861663446573514,
    0.951207163345817,
    1.3919636508684308,
    1.8361096041714062,
    0.16445845403801215,
    -2.0640328779827843,
    0.2684424752877784,
    0.8675143843171859,
    0.606690070459253
  ],
  "pop_params": [
    [
      1.1861663446573514,
      0.951207163345817,
      1.3919636508684308,
      1.8361096041714062,
      0.16445845403801215,
      -2.0640328779827843,
      0.2684424752877784,
      0.8675143843171859,
      0.606690070459253
    ],
    [
      2.153410475608532,
      0.03037864935284442,
      2.819459112971966,
      2.514083658321223,
      0.2202157195714934,
      -1.9090501967573963,
      0.631873078574958,
      0.31119982052994233,
      0.14853858979342682
    ],
    [
      1.3526405540621358,
      0.2983168487960615,
      0.6711173683342766,
      0.5045321958909214,
      0.29922320204986597,
      -0.8018289402378498,
      1.4226029542294043,
      0.7873242017790835,
      -1.8019573070498416
    ],
    [
      1.8091687354898247,
      0.47705635056578816,
      0.18723940338188477,
      1.2218839016184395,
      0.401563642691047,
      -1.468448053939949,
      1.0792103152411139,
      0.3487693155844804,
      -1.969531028705548
    ],
    [
      1.8679903383139043,
      0.4168645811982427,
      -0.736562120095491,
      1.1479052507791898,
      0.3042436523607796,
      -0.14255460108926288,
      0.8231973458848655,
      0.38884355918542535,
      1.018216833710864
    ],
    [
      2.1945475540295076,
      0.5301322820673006,
      0.031871341497287986,
      1.5706546126748153,
      0.2508425888252152,
      -0.3933010144263843,
      0.8890579589884217,
      0.3394405572312013,
      0.5694196150183743
    ],
    [
      1.983677347806435,
      0.40090485740006454,
      -1.0390179028703472,
      0.9813223280369807,
      0.3729471955226378,
      -1.7214436731819773,
      1.0854331566241062,
      0.39818380416941357,
      -2.87523063922846
    ],
    [
      1.8570268928723543,
      0.38298971225932144,
      -2.3890084681631034,
      1.3604349057533751,
      0.20761408649321536,
      -0.5649953432601622,
      0.935240176488508,
      0.29010881219488976,
      0.5381295729762136
    ],
    [
      1.5779454252943084,
      0.4375322702639339,
      -3.0,
      0.8476509836865592,
      0.39822399213635284,
      0.4512417772491164,
      0.991735183055905,
      0.4852002480333434,
      -0.26520091666396783
    ],
    [
      2.098434528483138,
      0.2539641523776299,
      1.6511539907627775,
      1.2875264052678204,
      0.3255840174322744,
      -1.8456594887691193,
      1.033305254301865,
      0.3007474508890831,
      -0.42312294137426104
    ],
    [
      2.0765239752715567,
      0.5255086124406065,
      -0.8856802504875388,
      1.4318169796581912,
      0.30469158544281083,
      -1.0952367260706715,
      1.1634875745754858,
      0.42180341480424705,
      -2.3809010625864078
    ],
    [
      1.7210597773709428,
      0.4141199380283044,
      0.427248891368265,
      1.5844131906950674,
      0.34456308885016856,
      -1.2611245556001187,
      1.0731311877062293,
      0.6259390642521215,
      -3.0
    ],
    [
      1.105825582519099,
      0.9109348567421318,
      0.6834777231879512,
      1.750064387203285,
      0.1871671645498934,
      -1.9778735345085683,
      0.2383581553068984,
      0.5264969428265209,
      -0.5910241022323328
    ],
    [
      2.1254501973903484,
      0.18981978872868072,
      -0.2707386920861908,
      1.8457321418183343,
      0.2674349932941658,
      -2.399627219052916,
      1.1930441081084935,
      0.2973737969858533,
      0.2470931735634506
    ],
    [
      1.5649214953573125,
      0.5629769949352339,
      1.141430748556346,
      1.7156021010436515,
      0.24868257148090916,
      -2.101828559077584,
      0.46985846110255636,
      0.49935267137876516,
      1.0032651326667987
    ],
    [
      1.6633158597546451,
      0.32545805995201715,
      0.2704131070336129,
      1.1216530558827895,
      0.3802785509780981,
      -0.7392406878092531,
      1.0537536624321209,
      0.618640619173333,
      0.9719770468611147
    ],
    [
      1.7274463792078796,
      0.3918173864756312,
      -0.40660570875825974,
      1.1863979567130496,
      0.38231701487510283,
      -1.9476340063288944,
      0.9251277594095995,
      0.40786646334152665,
      -1.4380135441119908
    ],
    [
      1.5216936906301315,
      0.2942066805147399,
      0.8446753636384638,
      1.2636498009693884,
      0.3570656206203635,
      -1.6286557049158563,
      1.2926317002096892,
      0.36708060085456096,
      -0.35369429085138004
    ],
    [
      2.0925709478131003,
      0.43870164226836905,
      -1.3322929657580207,
      1.2826494757197247,
      0.3607696501686778,
      -1.3745917151547193,
      1.0641697819909879,
      0.40322767212038024,
      -0.8184430295165457
    ],
    [
      1.9939125959692658,
      0.47729328217872474,
      1.9632422805619325,
      1.8018433285146105,
      0.34022272179911883,
      -0.3891596015540584,
      1.0887076016951336,
      0.4541565372977596,
      -0.4758945974769113
    ],
    [
      1.583678161238103,
      0.4514047021349493,
      0.7756775950656833,
      0.8522826594530254,
      0.362022584268928,
      -0.04464259553522543,
      1.026658288588497,
      0.42082797370880537,
      2.3799875055132844
    ],
    [
      2.097102331711173,
      0.41670090661956516,
      1.129947445723314,
      1.5829032912468295,
      0.3110298576325308,
      -1.2793991272447989,
      1.0283794583949564,
      0.5513503482264498,
      -0.8934852043145787
    ],
    [
      2.1722439572887255,
      0.4503425608452597,
      -0.7345323002213453,
      1.652687582934739,
      0.37647791823229626,
      -1.795738924731209,
      0.9629651781862052,
      0.4138665876303738,
      -1.9570872116506932
    ],
    [
      1.9959855940060898,
      0.3931069935210055,
      0.3013484685521732,
      1.4198063740493363,
      0.3942319154200536,
      -0.2066993900353884,
      1.091188765365806,
      0.43291435918814447,
      -3.0
    ],
    [
      2.0267445182181225,
      0.01,
      1.8793528041473222,
      2.35507505504267,
      0.29358071912031836,
      0.27684692890338547,
      0.9744622583576321,
      0.42456861895730486,
      -0.11821134909550154
    ],
    [
      1.9108403938484537,
      0.18843746143735413,
      1.275544158001341,
      1.4588482495268658,
      0.30746591161820935,
      -1.4864233936421094,
      1.0639340736433767,
      0.33027049540753817,
      1.9245168245429853
    ],
    [
      1.9901017282676219,
      0.08729050630652803,
      0.4148532524787637,
      2.630553988102549,
      0.24110779266461096,
      -1.847611065291655,
      0.7106017098398597,
      0.4055980523466675,
      -1.4965339900938535
    ],
    [
      2.1781581830067958,
      0.14471233372992268,
      1.7983471691831208,
      1.6548747974678708,
      0.2982346573212661,
      -1.8771687230543734,
      0.7809734228169115,
      0.3114244520338658,
      -0.9022629808661431
    ],
    [
      1.693824065252444,
      0.20898662110498262,
      0.8701145361022228,
      1.0779095167479364,
      0.3400000486868151,
      -2.649279845492835,
      1.0473112411178804,
      0.37013031756733333,
      0.9680383058742299
    ],
    [
      1.8884949864324576,
      0.25751510983767345,
      -0.6176293458184847,
      1.4445018397335945,
      0.23034487268207543,
      0.10596596551149792,
      1.0744583031363535,
      0.6940037548005463,
      1.9011562484967315
    ],
    [
      2.0870150253448974,
      0.5147422983982768,
      -0.8991462245365557,
      1.6524265500897377,
      0.4078357228564846,
      0.2895608073217294,
      1.102913647540789,
      0.6630032313270434,
      -0.23876316757179739
    ],
    [
      2.1203216314726445,
