{
  "gen": 7,
  "min": 1000000.0,
  "avg": 1000000.0,
  "best_params": [
    1.1861663446573514,
    0.951207163345817,
    1.3919636508684308,
    1.8361096041714062,
    0.16445845403801215,
    -2.0640328779827843,
    0.2684424752877784,
    0.8675143843171859,
    0.606690070459253
  ],
  "pop_params": [
    [
      1.1861663446573514,
      0.951207163345817,
      1.3919636508684308,
      1.8361096041714062,
      0.16445845403801215,
      -2.0640328779827843,
      0.2684424752877784,
      0.8675143843171859,
      0.606690070459253
    ],
    [
      2.153410475608532,
      0.03037864935284442,
      2.819459112971966,
      2.514083658321223,
      0.2202157195714934,
      -1.9090501967573963,
      0.631873078574958,
      0.31119982052994233,
      0.14853858979342682
    ],
    [
      1.3526405540621358,
      0.2983168487960615,
      0.6711173683342766,
      0.5045321958909214,
      0.29922320204986597,
      -0.8018289402378498,
      1.4226029542294043,
      0.7873242017790835,
      -1.8019573070498416
    ],
    [
      0.9139038374152842,
      0.3346579182303332,
      1.0791027687110992,
      1.1854700143610062,
      0.39721592448398907,
      -2.787874241051566,
      0.9517339314147243,
      0.6072630597714406,
      -0.6871124622159837
    ],
    [
      1.4108669603711224,
      0.47198285318998545,
      -1.1157215665839,
      0.6770731791025404,
      0.1968952824077027,
      1.1085326303728156,
      1.7469628155209407,
      0.811790046932007,
      0.2656400279539587
    ],
    [
      2.22541016382221,
      0.45035306051623847,
      -0.9117789123147856,
      2.109692519538701,
      0.4621394205638843,
      0.09439724530192212,
      1.931413910163842,
      0.6383607076195034,
      0.013153580265882203
    ],
    [
      1.6244230592807185,
      0.7763363998551625,
      -0.6807208592851459,
      2.9035584012082998,
      0.16187587017368568,
      -2.017746188333355,
      1.3153640924735226,
      0.7483553841265581,
      0.7559754681936779
    ],
    [
      1.475732642216756,
      0.33131405669829883,
      -1.3535794266048171,
      1.7909498175695973,
      0.4529944170915663,
      2.5245912792745684,
      1.9345926733919634,
      0.1883992921381496,
      -0.8784341594794003
    ],
    [
      1.1616624439923773,
      0.9797498133759831,
      2.4820932640787428,
      1.3312108048852507,
      0.3081429859447977,
      -0.7985331635471944,
      2.313776011218097,
      0.7716908484304152,
      0.4187909994319991
    ],
    [
      1.473816550097781,
      0.8488575906989004,
      -0.6443024812127104,
      2.3345202313111892,
      0.4481645583520718,
      -0.3129083376601076,
      2.0216831587783086,
      0.7784935385718311,
      -0.5743977061689466
    ],
    [
      1.6238965950175244,
      0.6405984616404972,
      -1.2241446869637562,
      1.1059047630372034,
      0.4517328971027909,
      -1.7655467836989214,
      1.6979195095597104,
      0.892966021748241,
      0.2933472356806863
    ],
    [
      1.191038579823227,
      0.9213990189334759,
      0.5719787596283283,
      1.6982308345635584,
      0.3068713319889032,
      -1.6218283775231168,
      0.2762267294775652,
      0.5773957475842857,
      -0.8275645922985468
    ],
    [
      1.8252550317024288,
      0.5921713756656646,
      -0.7610962740671969,
      2.052036453564886,
      0.3794668682682971,
      0.4607397027797071,
      1.7773444679528438,
      0.748365999593664,
      0.6105178442594723
    ],
    [
      1.1339808997463598,
      0.48416466271009817,
      0.5774490794175883,
      1.0633518925287944,
      0.39403879688936727,
      -0.6890935032550414,
      2.2206002299699072,
      0.7108094569532566,
      -0.12161283789155508
    ],
    [
      1.946247736781741,
      0.5376271338304359,
      2.6821761815502283,
      2.559974838428926,
      0.3378155793307472,
      -2.0547911874857063,
      0.74029354267967,
      0.5142373484755293,
      0.2118733785297532
    ],
    [
      1.3726737456529214,
      0.34626573489128476,
      1.4106160809189472,
      0.717334763935851,
      0.3002277255424654,
      -1.0668214603363766,
      1.2242581497928087,
      0.6909670672820472,
      -0.5497804773889781
    ],
    [
      1.3274787255048288,
      0.6384247339286987,
      -2.1347757340039566,
      1.4088679228534027,
      0.49267625597091186,
      -1.3866540793890207,
      1.6845652760198524,
      0.8985981173838608,
      -1.2230672828523044
    ],
    [
      1.1861663446573514,
      0.9473317347779276,
      0.9787260787340405,
      1.8361096041714062,
      0.1225393312148066,
      -2.0640328779827843,
      0.4496372165557951,
      0.8675143843171859,
      0.606690070459253
    ],
    [
      1.1874483826003,
      0.9807492981434524,
      1.5487466152961726,
      1.4591308477478904,
      0.16458555896995486,
      -0.7813186628436573,
      1.879805332566044,
      0.8278037934959253,
      0.4702310023318865
    ],
    [
      1.764076786443684,
      0.5329497663597722,
      -0.20505769084593767,
      1.6231241764218225,
      0.376367490639507,
      2.1599237580679365,
      1.5764568321928256,
      0.3442899268989587,
      -3.0
    ],
    [
      1.2750942531953728,
      0.33710998196862424,
      3.0,
      1.3502052335883767,
      0.3091809606076896,
      -3.0,
      0.7046286978409836,
      0.7473162727958023,
      -0.8464944869653892
    ],
    [
      1.536518072254635,
      0.33108464549728694,
      0.055039812201252925,
      1.8226701257114952,
      0.6036197181137308,
      0.6567937804607562,
      1.9496897208040365,
      0.1474203853953636,
      -1.3405889413394987
    ],
    [
      1.3594837724758093,
      0.30917770469418265,
      1.5581831033389326,
      2.0628427785795345,
      0.5946180336214069,
      2.7664072829168136,
      2.035475968778786,
      0.7008300515764693,
      0.9246896491437091
    ],
    [
      1.5697979749746511,
      0.8796509234482978,
      -0.3919360069232338,
      1.1576880639576275,
      0.4842898077997775,
      -1.7770369377627528,
      0.6306363569195867,
      0.917078766637371,
      0.44562477751624585
    ],
    [
      1.3526405540621358,
      0.2983168487960615,
      0.6711173683342766,
      0.5045321958909214,
      0.2166275387353953,
      -0.8018289402378498,
      1.4226029542294043,
      0.7873242017790835,
      -1.8019573070498416
    ],
    [
      1.7573365975932929,
      0.464508395759606,
      0.9074057228570709,
      1.5891251805161588,
      0.6509854207028695,
      -0.7591548825833326,
      1.1550132951957937,
      0.7675476771655964,
      0.8986317920753313
    ],
    [
      1.0893165773266866,
      0.31162409941510766,
      2.120714868796557,
      0.9818077450679449,
      0.39315927310705956,
      -1.1530574964858988,
      0.5967767255185397,
      0.5867349600095854,
      -0.7340160081154106
    ],
    [
      2.090614843421455,
      0.5271968185650576,
      -1.073895885396475,
      1.5275878610062297,
      0.09878131072551531,
      1.2442448646792204,
      1.9931741454401664,
      0.3239109985383074,
      0.5477414799656986
    ],
    [
      1.3302122621660155,
      0.435508070337198,
      -0.8958096348851553,
      1.8269633540556152,
      0.5780015095304419,
      1.0658341392469246,
      1.5023647113510177,
      0.5129796994552034,
      1.8073187898978478
    ],
    [
      1.6304060751443916,
      0.7664745823941643,
      -1.4580220185083088,
      2.9431492458527697,
      0.4086135924595272,
      -0.7053615665690757,
      1.6723536519602389,
      0.6457879402453512,
      -2.8311012982024635
    ],
    [
      1.5419298843459914,
      0.540033124029194,
      0.7846009923165436,
      1.8349782789812978,
      0.5972968329843802,
      -0.3549878965620603,
      1.9500004867527398,
      0.3085962442373357,
      -1.4209125126497086
    ],
    [
      1.1739444475383913,
      0.984765753788468,
