{
  "gen": 19,
  "min": Infinity,
  "avg": Infinity,
  "best_params": [
    1.1861663446573514,
    0.951207163345817,
    1.3919636508684308,
    1.8361096041714062,
    0.16445845403801215,
    -2.0640328779827843,
    0.2684424752877784,
    0.8675143843171859,
    0.606690070459253
  ],
  "pop_params": [
    [
      1.1861663446573514,
      0.951207163345817,
      1.3919636508684308,
      1.8361096041714062,
      0.16445845403801215,
      -2.0640328779827843,
      0.2684424752877784,
      0.8675143843171859,
      0.606690070459253
    ],
    [
      2.153410475608532,
      0.03037864935284442,
      2.819459112971966,
      2.514083658321223,
      0.2202157195714934,
      -1.9090501967573963,
      0.631873078574958,
      0.31119982052994233,
      0.14853858979342682
    ],
    [
      1.3526405540621358,
      0.2983168487960615,
      0.6711173683342766,
      0.5045321958909214,
      0.29922320204986597,
      -0.8018289402378498,
      1.4226029542294043,
      0.7873242017790835,
      -1.8019573070498416
    ],
    [
      1.748211394615263,
      0.3930989108679244,
      0.09650809103929792,
      1.558161280402058,
      0.30658431082936766,
      -0.6072261403995021,
      0.9720340908274419,
      0.31845099370408475,
      -1.420539542709161
    ],
    [
      2.242845372236269,
      0.15780470647229985,
      1.2887852568455473,
      1.4337657918698588,
      0.35739752060817587,
      -0.5384769988757334,
      1.0448484689086002,
      0.34597857287067046,
      -0.2519260710612526
    ],
    [
      2.1221024905863546,
      0.4710815280547796,
      -0.12091559275952057,
      1.3545761820101776,
      0.3762162843539183,
      -1.7677487673238876,
      0.9859148253082008,
      0.3968610985269469,
      -1.3283192571208877
    ],
    [
      1.5673543823737728,
      0.7487953539771945,
      0.559631023036039,
      1.2541831732287951,
      0.2581722571759874,
      -1.5829205902418617,
      0.6103346518756637,
      0.37084177588811523,
      1.8455719251993872
    ],
    [
      2.415899745465419,
      0.4067964538440141,
      1.2210840368504436,
      1.471255148950536,
      0.3252381711574013,
      -1.1427637994165254,
      1.058250115108849,
      0.3374074669417115,
      -1.4320575359334757
    ],
    [
      1.8091687354898247,
      0.3485966587930781,
      0.18723940338188477,
      1.2218839016184395,
      0.401563642691047,
      -1.468448053939949,
      1.0792103152411139,
      0.39032993000049365,
      -1.969531028705548
    ],
    [
      1.5527699282300151,
      1.0,
      2.4030683396413934,
      0.7773187261655793,
      0.37770112752028445,
      1.2779399412195516,
      0.7065621343913635,
      0.4871702773625285,
      3.0
    ],
    [
      1.9288056328115006,
      0.4243059021473854,
      -0.24559173998727812,
      0.9477195276757953,
      0.305891241765605,
      -0.5093913712260558,
      0.8772662415402639,
      0.44899347042776067,
      -0.06861960745388443
    ],
    [
      2.0241938274836446,
      0.42722515243252174,
      -1.2832917796128926,
      1.250659837087032,
      0.36473118376324765,
      -0.8012866924050396,
      0.9253781308842562,
      0.5065919843857503,
      -0.22540418662806516
    ],
    [
      1.5592836900044134,
      0.43981830493284324,
      -2.5059287173845193,
      0.7784250247537642,
      0.3851059455611083,
      -1.3307586743837405,
      0.9617779733615613,
      0.4531059198237986,
      -0.7095774978121566
    ],
    [
      1.583678161238103,
      0.4514047021349493,
      0.7756775950656833,
      0.8522826594530254,
      0.362022584268928,
      -0.04464259553522543,
      1.026658288588497,
      0.42082797370880537,
      2.3799875055132844
    ],
    [
      1.983677347806435,
      0.40090485740006454,
      -1.0390179028703472,
      0.9813223280369807,
      0.3729471955226378,
      -1.7214436731819773,
      1.0854331566241062,
      0.39818380416941357,
      -2.87523063922846
    ],
    [
      1.7564377592236027,
      0.8210826872206202,
      0.8293303252404891,
      1.2351665776599063,
      0.2638042585043843,
      -1.9141003860654584,
      0.7426382600612111,
      0.45491299759231485,
      -0.5285591741020667
    ],
    [
      2.163051596457947,
      0.3922783368756563,
      1.3521757199902824,
      0.8837248655395585,
      0.3201891579912185,
      -1.883050660177921,
      0.9896984191685142,
      0.4839354714792945,
      -0.9038461893301406
    ],
    [
      1.7179567969397473,
      0.37369404748331847,
      1.4646890609648406,
      1.201297019719552,
      0.17649645430223815,
      1.3533464168592517,
      0.4622067403538088,
      0.7766069896460015,
      0.4912049879993944
    ],
    [
      1.6569189835974303,
      0.6571144004239271,
      -0.8676622020384591,
      1.433616104067074,
      0.2782398149694832,
      -1.1413416592269257,
      0.1,
      0.4898732450187052,
      -1.5014585862273278
    ],
    [
      2.031667546419457,
      0.4140947683434502,
      -2.462672559909309,
      1.3547658875877282,
      0.2877502099689671,
      -0.6071929627301262,
      0.5849310712489939,
      0.4012581407473593,
      0.36982298202865027
    ],
    [
      2.1409194627236965,
      0.41003730741577343,
      -0.5481511561425757,
      1.362286962126181,
      0.4085699034287263,
      -1.9010468789412527,
      0.9800780529003693,
      0.6824042953478445,
      -1.9925962270350608
    ],
    [
      2.062144395311331,
      0.493047284784168,
      1.1062857845192307,
      1.861956909168383,
      0.3855008017582013,
      -0.41189899504881344,
      1.1010214979301898,
      0.475906347325044,
      0.3095992074968613
    ],
    [
      2.097102331711173,
      0.41670090661956516,
      1.129947445723314,
      1.5829032912468295,
      0.3110298576325308,
      -1.2793991272447989,
      1.0283794583949564,
      0.5513503482264498,
      -0.8934852043145787
    ],
    [
      1.983677347806435,
      0.40090485740006454,
      -1.0390179028703472,
      0.9813223280369807,
      0.3729471955226378,
      -1.7992894024460107,
      1.0854331566241062,
      0.39818380416941357,
      -2.87523063922846
    ],
    [
      1.8183467955478334,
      0.3905188762656705,
      0.3765058571781388,
      1.8890653033520448,
      0.34154412630574654,
      1.6554361358961143,
      0.9176511122956084,
      0.6809434473370037,
      1.8547722131562077
    ],
    [
      1.991444540730184,
      0.45580826041402067,
      -0.8500239859896646,
      0.7611710691084224,
      0.3947406512344359,
      -1.3876414927520722,
      1.0996338793094635,
      0.40293291749136845,
      -1.2410546221913497
    ],
    [
      1.7897082477671413,
      0.5353900098511506,
      -0.18331059431160518,
      1.17305808200691,
      0.3877666819570435,
      0.2603819947181618,
      0.9236427398084582,
      0.39238069170790224,
      -0.04736155363598815
    ],
    [
      2.098434528483138,
      0.2539641523776299,
      1.6511539907627775,
      0.979542479265387,
      0.3255840174322744,
      -1.8456594887691193,
      1.033305254301865,
      0.26659182719826113,
      -0.42312294137426104
    ],
    [
      1.770213026791424,
      0.3801783076715436,
      0.13675542888743317,
      0.528337049138964,
      0.38816382347138695,
      -0.493648266727293,
      1.204743075572544,
      0.5295606774390507,
      -0.44751788239469703
    ],
    [
      2.0626452903511203,
      0.4800368983053197,
      0.11907038125515657,
      1.9984345896726627,
      0.39082219924680195,
      1.1920634944546513,
      1.088802706023225,
      0.650232702228142,
      -0.4877639119347006
    ],
    [
      1.9798145305127297,
      0.21102349099312245,
      -1.4210883178152844,
      1.4587030084402401,
      0.3087239025566973,
      -0.23275298664316324,
      0.6698307915513015,
      0.3602443592569897,
      0.3059527121176195
    ],
    [
      1.8777864452130428,
