{
  "gen": 14,
  "min": Infinity,
  "avg": Infinity,
  "best_params": [
    1.1861663446573514,
    0.951207163345817,
    1.3919636508684308,
    1.8361096041714062,
    0.16445845403801215,
    -2.0640328779827843,
    0.2684424752877784,
    0.8675143843171859,
    0.606690070459253
  ],
  "pop_params": [
    [
      1.1861663446573514,
      0.951207163345817,
      1.3919636508684308,
      1.8361096041714062,
      0.16445845403801215,
      -2.0640328779827843,
      0.2684424752877784,
      0.8675143843171859,
      0.606690070459253
    ],
    [
      2.153410475608532,
      0.03037864935284442,
      2.819459112971966,
      2.514083658321223,
      0.2202157195714934,
      -1.9090501967573963,
      0.631873078574958,
      0.31119982052994233,
      0.14853858979342682
    ],
    [
      1.3526405540621358,
      0.2983168487960615,
      0.6711173683342766,
      0.5045321958909214,
      0.29922320204986597,
      -0.8018289402378498,
      1.4226029542294043,
      0.7873242017790835,
      -1.8019573070498416
    ],
    [
      1.7432430194584727,
      0.43716768122657784,
      1.1694264953003854,
      0.7542447599235012,
      0.33532545441937034,
      0.30169814459109046,
      1.1538409936785035,
      0.46844985437932213,
      2.4286647032007975
    ],
    [
      1.6132376429390427,
      0.5151167989369586,
      -1.322804208572728,
      1.6350113422905574,
      0.1776604772780222,
      -1.5948566675711444,
      0.738750969676114,
      0.9070186777059698,
      0.6205294906617779
    ],
    [
      2.3103651286827125,
      0.333574297889527,
      -0.587572879591,
      1.1922971397498092,
      0.38478301428842376,
      -0.6343574931239524,
      1.2331521321269556,
      0.5294032127569624,
      -0.9377773721362268
    ],
    [
      1.6943230294420326,
      0.5535356089169293,
      1.0593767195499457,
      1.2926899545616757,
      0.41829947466908696,
      -0.11038316697240225,
      1.0159798500228048,
      0.423693635536162,
      -0.5076640588374777
    ],
    [
      2.1885202806932913,
      0.04052412035929906,
      3.0,
      2.5327189869071223,
      0.2614539834413016,
      0.6793988842767151,
      1.0147081117608212,
      0.38593146438810033,
      1.189940545921352
    ],
    [
      2.1919870020092245,
      0.5191097938830889,
      -1.5088197263193228,
      1.1151591438496806,
      0.4022579920542483,
      -0.9156100630680785,
      1.1565233183106522,
      0.40778682943782535,
      -0.3033093890170848
    ],
    [
      1.8185069674614998,
      0.5225567311663846,
      0.057359917159642775,
      1.0146311914816302,
      0.2980907722554608,
      0.30276682996852267,
      1.0678357360838535,
      0.4079592734983391,
      1.5877166415086497
    ],
    [
      1.8953961966443107,
      0.39119607932054534,
      -0.19230550205554806,
      1.8710913564913674,
      0.32154244751438765,
      -1.4093750514060142,
      0.937535982688968,
      0.3299712973861653,
      0.14293346996695724
    ],
    [
      1.5867991899382965,
      0.3165297400945873,
      0.030537978880966765,
      1.5585355665281115,
      0.42126460788081593,
      0.8199343497826203,
      1.13266334522472,
      0.3767899538522355,
      0.2911450190140015
    ],
    [
      1.7431578077267749,
      0.36574062678818775,
      -1.9636331894095267,
      1.7456394541880995,
      0.46013205037441235,
      -2.2161677118072376,
      1.0174286743163214,
      0.4306063855660871,
      -0.8166387442316557
    ],
    [
      2.1500799342395314,
      0.33273094362557126,
      -0.7060011314664686,
      1.0245504144187196,
      0.42227685444016877,
      1.3060766778147355,
      1.1988356813578147,
      0.4216257436789263,
      -0.5750590453635119
    ],
    [
      2.141267892573892,
      0.32993277186756104,
      1.2536860981679556,
      1.5695363641949809,
      0.45195777623126204,
      -0.3045132204386938,
      0.8388645740539588,
      0.49960059670036255,
      0.16790064646222674
    ],
    [
      1.468663563213402,
      0.31294464971483116,
      0.23744766740083792,
      1.0955468286922294,
      0.3380312403869513,
      -0.7180309887275447,
      1.209048631235175,
      0.32096884976751683,
      -1.7568911328210026
    ],
    [
      1.8655652075418783,
      0.33606018897123524,
      -2.428038490108759,
      1.4296269578430452,
      0.3953363929829075,
      0.117653748512038,
      1.1509775958152004,
      0.38004959399395677,
      -0.7634804014968297
    ],
    [
      1.7168405840481877,
      0.37098357463272386,
      0.1642691891270457,
      1.089452146713047,
      0.319034350178024,
      -1.0509787547641478,
      0.6471360015187589,
      0.39682069627640215,
      0.022513098954157873
    ],
    [
      1.6120129165164523,
      0.4229881411066439,
      0.32493505982143095,
      1.4226405977328092,
      0.49275332425857477,
      -0.6790525829042722,
      1.1045940701824628,
      0.4370636893601222,
      -0.22035229537470835
    ],
    [
      1.6253101450636323,
      0.4260960574182635,
      -1.0078143454243822,
      1.4577076102630715,
      0.46667573551913893,
      0.7404809772927945,
      0.9147806948994006,
      0.4359592355927944,
      0.45140781818691234
    ],
    [
      2.3633931099380883,
      0.4079181239898734,
      -0.3419738669994194,
      1.3625939626560162,
      0.4254600097941469,
      -0.9225051944571832,
      0.8966552673516078,
      0.45781126441120423,
      0.6045248314850402
    ],
    [
      1.749903584292937,
      0.4452492186265256,
      -2.1079612984985614,
      1.4991608714294369,
      0.5037386536101438,
      -1.0814611906448146,
      1.140770030478417,
      0.539421612516529,
      -0.2326005309037654
    ],
    [
      1.8491580634412057,
      0.5432712571787839,
      0.6778788552117746,
      1.4131797473356549,
      0.28839487747914033,
      1.0868201673138143,
      0.9460873002733641,
      0.37370981929179015,
      0.6467090034360014
    ],
    [
      2.172334430933119,
      0.7546645110144,
      -0.20751009551102312,
      1.0376023579243414,
      0.14038358362824868,
      -2.0557212566376863,
      0.23206120395306437,
      0.8388000064480149,
      0.5463983154027782
    ],
    [
      2.202390553914777,
      0.4759330232764853,
      -0.7115671161234114,
      1.4361884829582463,
      0.5021950805023238,
      -0.16857708268378302,
      1.116613867225367,
      0.39725000158292045,
      -0.3868256713327526
    ],
    [
      1.7814982013112264,
      0.3474967179858049,
      -0.7406926987763567,
      1.2430441631968736,
      0.38783108937053,
      0.4422915586898233,
      1.156641935156464,
      0.4331363400447966,
      -0.2990202835562843
    ],
    [
      2.1812005990970884,
      0.4411056357947929,
      -1.3023186311461763,
      1.1339932613397312,
      0.4373156648360972,
      0.5414417931099824,
      1.0658402535308327,
      0.4310687508683418,
      -0.2920121360144361
    ],
    [
      1.8511177467363438,
      0.3330706558894722,
      1.7662435734614257,
      1.4684465166464264,
      0.43210239561562896,
      0.6568238096771615,
      1.0319932680470232,
      0.36282049579083697,
      -0.20879211969014722
    ],
    [
      1.7066587327290412,
      0.42786534021700057,
      0.976157116412918,
      0.8347423239356186,
      0.2434228370265249,
      -0.7203738324757261,
      1.0508932579804564,
      0.8506707918295381,
      0.36623897082618284
    ],
    [
      1.6460651382394007,
      0.373106175534798,
      -2.1382492848635595,
      1.3764643779770338,
      0.3821801373731875,
      1.9428327287494889,
      1.1911987481196478,
      0.38193562709785756,
      0.17755739136090531
    ],
    [
      1.8221347696150771,
      0.4014822405076741,
      -0.7142242615727851,
      1.8382973167333387,
      0.44677448268581915,
      -1.3460805162971001,
      1.3243515861300064,
      0.41357508916450875,
      -0.8341201619917956
    ],
