{
  "gen": 10,
  "min": Infinity,
  "avg": Infinity,
  "best_params": [
    1.1861663446573514,
    0.951207163345817,
    1.3919636508684308,
    1.8361096041714062,
    0.16445845403801215,
    -2.0640328779827843,
    0.2684424752877784,
    0.8675143843171859,
    0.606690070459253
  ],
  "pop_params": [
    [
      1.1861663446573514,
      0.951207163345817,
      1.3919636508684308,
      1.8361096041714062,
      0.16445845403801215,
      -2.0640328779827843,
      0.2684424752877784,
      0.8675143843171859,
      0.606690070459253
    ],
    [
      2.153410475608532,
      0.03037864935284442,
      2.819459112971966,
      2.514083658321223,
      0.2202157195714934,
      -1.9090501967573963,
      0.631873078574958,
      0.31119982052994233,
      0.14853858979342682
    ],
    [
      1.3526405540621358,
      0.2983168487960615,
      0.6711173683342766,
      0.5045321958909214,
      0.29922320204986597,
      -0.8018289402378498,
      1.4226029542294043,
      0.7873242017790835,
      -1.8019573070498416
    ],
    [
      2.733965599363886,
      0.4591877646578881,
      1.195220516244246,
      0.701238688148806,
      0.6210616505870448,
      -0.9133307569471978,
      0.9157517829069908,
      0.7886887022602131,
      1.5036775897587176
    ],
    [
      2.2384096395133066,
      0.49535931744311473,
      -0.22172579567052064,
      1.563198221347313,
      0.44301230021237487,
      -0.9527107951855343,
      0.49155448130020185,
      0.42393798725586573,
      -0.5915515709198795
    ],
    [
      2.0873839350002292,
      0.452841422605182,
      -0.49792058642244585,
      1.277891890090644,
      0.35953437670126964,
      -1.331637746782603,
      0.5719025680382044,
      0.41878005601782226,
      0.09782685256643275
    ],
    [
      2.107562972548197,
      0.5026322949559368,
      -0.5030284373923521,
      1.6289212725577331,
      0.40397141009401066,
      -0.7350106446804324,
      0.9523930182579358,
      0.5767242231322609,
      0.8557668021437805
    ],
    [
      1.5240645675578104,
      0.5847274204240929,
      -0.15430829017472725,
      1.2300736155752574,
      0.4545760116162745,
      0.6043184511278846,
      0.885583969073179,
      0.3849565395419231,
      0.3979839334585191
    ],
    [
      2.358084054067459,
      0.5329730846797541,
      0.6298031894346965,
      1.443767635951128,
      0.4060780330262521,
      -0.5438488191498815,
      0.4510693482093038,
      0.3787961455267367,
      -1.5793876644494986
    ],
    [
      2.640866584072765,
      0.40510163032022395,
      -0.30467361346453137,
      0.8886483968093797,
      0.534462522784513,
      0.31072430491181435,
      1.0902543979913302,
      0.5246111440698673,
      0.7014584488252665
    ],
    [
      2.0618863401171392,
      0.12125707167373603,
      0.39138137702040554,
      1.2330420959865769,
      0.3238311343001511,
      -1.8994997990824207,
      0.9353031221949568,
      0.5988562729842468,
      0.90450043521296
    ],
    [
      1.5057221956251712,
      0.35057436395382785,
      -1.771455775767934,
      1.2010066666279302,
      0.418971937701783,
      1.3064353412577974,
      1.2495981031443435,
      0.3273617780483889,
      0.7940885346536242
    ],
    [
      1.935287390770536,
      0.4616233916362571,
      1.0886216925728285,
      1.587143349164633,
      0.4224054137330997,
      -1.1819156773735244,
      0.6079850101671103,
      0.4436706066918087,
      -0.6209505602548882
    ],
    [
      2.245899781505362,
      0.3190519272897663,
      -0.5224721061789521,
      1.2591498395816103,
      0.3415387729796106,
      0.44457583233153103,
      1.2400276767126073,
      0.6909785165930826,
      0.17250214871466796
    ],
    [
      1.9079169217152205,
      0.4035950372869478,
      -0.3569939758312035,
      1.3326296600595717,
      0.40477245682239205,
      1.535897433728537,
      1.002077257686741,
      0.391575950177056,
      0.6968289123628836
    ],
    [
      2.432535603137876,
      0.3999043686734084,
      -0.5416072445802769,
      1.8003182908578559,
      0.4127992785599235,
      0.5778408055015536,
      1.225303043972953,
      0.2737800318293351,
      0.3123512561295989
    ],
    [
      1.6309432178358387,
      0.3736339599729773,
      -0.6315024530834021,
      1.1392894496223425,
      0.47347532263201014,
      2.288394801470751,
      0.8642679800710101,
      0.7952819142970291,
      1.4568954086529209
    ],
    [
      2.024662626808442,
      0.2544418751807332,
      0.034784685908080704,
      0.7944854099096137,
      0.3075136018157245,
      -0.4939229110712455,
      0.9711373641372475,
      0.35805462226749235,
      1.5275573914639322
    ],
    [
      1.69384812331628,
      0.38464379794129316,
      0.19229875322266188,
      1.1615197934741304,
      0.4238313756872968,
      -0.07876224213624561,
      0.8188048268259202,
      0.39799746638521394,
      1.0027904892580872
    ],
    [
      1.6875396892289685,
      0.23698633948500558,
      -0.6598664941671134,
      1.1364222448444965,
      0.32130615249604344,
      2.5983449396776077,
      0.953581548154177,
      0.4619575692373902,
      -1.516070596940174
    ],
    [
      1.730606338260563,
      0.4220207107935694,
      -0.7272918313136255,
      1.2124974104785045,
      0.434088773872981,
      0.5752435235505291,
      1.1311246828135413,
      0.4951075152780784,
      0.20225721915348294
    ],
    [
      1.9117734659648988,
      0.40431173375922314,
      1.2579715769695377,
      1.4736237786677076,
      0.27087105070199896,
      0.9572534139331242,
      0.5245476187392505,
      0.2975919396136113,
      -0.4119887716762267
    ],
    [
      1.7673614093034322,
      0.5479901090962321,
      -3.0,
      1.2577012562333285,
      0.39022077429077473,
      0.6635425897771562,
      1.1309886745096174,
      0.5691014317342175,
      1.528667630595528
    ],
    [
      1.7344339450464923,
      0.46917629508383346,
      1.251653742914206,
      1.004298295471527,
      0.43716706668127825,
      1.154226410988977,
      0.8759026422171732,
      0.41168316443043435,
      -0.5404758634619972
    ],
    [
      1.7832013021337603,
      0.19755914560496166,
      -0.4358063364195535,
      1.1274806417039858,
      0.3998121407001126,
      -0.1846000528023225,
      0.7543483098473053,
      0.2969152726678346,
      -0.9580537797967276
    ],
    [
      1.2616081582465752,
      0.6385038409932242,
      -0.6070700117772709,
      1.7166607504834652,
      0.3159477858814864,
      -1.2248822900008343,
      0.1735795817391402,
      0.8152110906970205,
      0.4933161043051265
    ],
    [
      1.5579445573770543,
      0.4281917458864904,
      -0.7689690014897835,
      1.527606494959552,
      0.4341531648654943,
      1.638128534756183,
      1.2068301801448347,
      0.4412545838986826,
      0.6625776097220016
    ],
    [
      1.5448871684244447,
      0.623623825351252,
      -0.47509567394371566,
      1.2065609229769265,
      0.40487263578647026,
      0.26105572733605253,
      0.8896989184824354,
      0.3556891169453681,
      -0.483685310679905
    ],
    [
      1.7544845561367524,
      0.43572574968914746,
      -0.017199541428146725,
      0.9750205691479128,
      0.3907745057172049,
      0.3056086580606375,
      1.1467975686813046,
      0.4064782224768583,
      1.5056486585370792
    ],
    [
      2.0874811249760095,
      0.5073404785853303,
      -0.31395974344073596,
      1.5640019250074189,
      0.40433149995967604,
      -1.2285853822922348,
      0.8637712456044786,
      0.4876340520785775,
      -0.22768940332333465
    ],
    [
      1.7259647748854177,
      0.4185719062395764,
      -0.05941727130845009,
      0.8675068536601367,
      0.38586588930437904,
      0.8201780091082871,
      1.1166902230938205,
      0.5825273784290985,
      1.1626717151362609
    ],
    [
