{
  "gen": 4,
  "min": Infinity,
  "avg": Infinity,
  "best_params": [
    1.1861663446573514,
    0.951207163345817,
    1.3919636508684308,
    1.8361096041714062,
    0.16445845403801215,
    -2.0640328779827843,
    0.2684424752877784,
    0.8675143843171859,
    0.606690070459253
  ],
  "pop_params": [
    [
      1.1861663446573514,
      0.951207163345817,
      1.3919636508684308,
      1.8361096041714062,
      0.16445845403801215,
      -2.0640328779827843,
      0.2684424752877784,
      0.8675143843171859,
      0.606690070459253
    ],
    [
      2.153410475608532,
      0.03037864935284442,
      2.819459112971966,
      2.514083658321223,
      0.2202157195714934,
      -1.9090501967573963,
      0.631873078574958,
      0.31119982052994233,
      0.14853858979342682
    ],
    [
      1.3526405540621358,
      0.2983168487960615,
      0.6711173683342766,
      0.5045321958909214,
      0.29922320204986597,
      -0.8018289402378498,
      1.4226029542294043,
      0.7873242017790835,
      -1.8019573070498416
    ],
    [
      2.0808312966442424,
      0.145371129520071,
      0.845663618387531,
      2.573783808423976,
      0.28658187066864427,
      0.3487053437666585,
      1.6768581033327083,
      0.7932043820538202,
      -0.2691871345208088
    ],
    [
      2.363649237951717,
      0.7393697440783608,
      0.567551158137422,
      1.4145779581528029,
      0.33893987217128013,
      0.35109860418359123,
      0.26623420496939265,
      0.2533037531900769,
      -0.5610453404478873
    ],
    [
      2.119445420251981,
      0.6564030976403292,
      1.4935830511153347,
      1.6469760438588483,
      0.12666162028245814,
      1.3881275335284975,
      1.2841446519601056,
      0.4062672637457251,
      -0.9328750765797603
    ],
    [
      2.726901649150091,
      0.013066140979173468,
      -2.3727438811566772,
      1.4559228513814468,
      0.7246248832300042,
      2.183444040398917,
      0.4487173042725443,
      0.6156637589719034,
      -0.7541447677257294
    ],
    [
      1.3608726153743778,
      0.32766026750936605,
      0.17800367574541326,
      1.0419261243005733,
      0.40254633022822106,
      -1.4031540971652745,
      1.2271128013204142,
      0.795338602103791,
      -1.4024767815126737
    ],
    [
      3.0,
      0.7387234777893991,
      -2.367534577924678,
      1.1621556676059934,
      0.32480600548217287,
      -0.2740737395906973,
      1.328427984453906,
      0.7512973031327004,
      2.5937594623443134
    ],
    [
      1.3943222085851419,
      0.6202042404553778,
      -1.6114271994280616,
      1.938328059970604,
      0.6318617994628614,
      -0.11801229932490609,
      1.396820972430852,
      0.18422067820495003,
      -1.3983278641142176
    ],
    [
      1.4605386943118257,
      0.2715266630974302,
      -1.0432152140475572,
      1.3393896195061925,
      0.3209155357632565,
      0.6198712513788223,
      0.619676436414183,
      0.2465524487493373,
      0.29831551566978287
    ],
    [
      2.3597117783897064,
      0.1396038353824014,
      -1.193884437452347,
      1.4485853139962712,
      0.5915197312445859,
      -1.2517702151431107,
      0.5748872457601556,
      0.28568799895584385,
      -1.987549339894871
    ],
    [
      1.9688398605107587,
      0.20859094101423223,
      -1.7053695094697803,
      1.24337811705453,
      0.7389778587692437,
      -0.3963759364287447,
      1.146784671741986,
      0.5130729507176481,
      0.5180463348061908
    ],
    [
      2.1906576224135352,
      0.3598734036917426,
      -1.2187642183857728,
      1.8807101627854823,
      0.19743876570949928,
      -0.3448540500399113,
      1.538460908089874,
      0.18260141694635643,
      -1.6889150389380028
    ],
    [
      0.8100779570662733,
      0.3465159543999363,
      0.41451476034605894,
      1.6900103217829159,
      0.3278503288581036,
      -1.637355268692101,
      1.4587527382437382,
      0.7888612960674524,
      -0.003625270223260646
    ],
    [
      1.8829706341500136,
      0.7713577214706555,
      -0.5896636273991233,
      2.3304002437868268,
      0.5764646740236091,
      0.7153662160349732,
      1.0657796280510832,
      0.23582539955404141,
      0.07319378514362396
    ],
    [
      1.5959136985389581,
      0.39179455487194814,
      -0.6540375480830665,
      1.4393280813407963,
      0.30524009057535745,
      0.8649969471857388,
      0.4363768794636779,
      0.09814949293638844,
      -1.5998220897659516
    ],
    [
      0.9591238784931119,
      0.2258899967732257,
      -2.7954176714777024,
      2.039620265103257,
      0.4892558409779139,
      -0.7757895296805157,
      1.419712467212742,
      0.3371261129743805,
      0.9590939124335061
    ],
    [
      2.1451877983373437,
      0.7023026501347949,
      1.1266314770111308,
      2.2709267987031585,
      0.1914442683425687,
      -0.5668962334356762,
      1.931384083854619,
      0.14147928299893114,
      -0.6281489868832272
    ],
    [
      2.1048988724134965,
      0.4982772932422139,
      -2.169292780189198,
      1.6193984351344564,
      0.5285647814284276,
      1.3824098209839328,
      1.044786142066753,
      0.5993925950161259,
      0.3990809005090947
    ],
    [
      1.604971734356267,
      0.6479550304936509,
      -1.6893779239379456,
      1.6949992310026127,
      0.4219841111632793,
      0.35416694826891876,
      1.0744438963284453,
      0.33824320958688286,
      0.32104671359561565
    ],
    [
      1.03100413905404,
      0.5299063576819698,
      -1.645155032538537,
      1.4003275396686863,
      0.4690249833480995,
      0.2295480930591447,
      1.1270240109014924,
      0.45106009426194654,
      0.6480837182899375
    ],
    [
      1.9879233310547473,
      0.7549414362127808,
      -0.5610654560351974,
      1.6746851955734376,
      0.26155126964471936,
      1.582025290809328,
      0.665580501124948,
      0.847489421670981,
      -1.1651097971256854
    ],
    [
      1.4470429486404837,
      0.4104431875316418,
      -1.836001168767364,
      2.324029559070761,
      0.4989419415541562,
      -0.14246277095906465,
      0.8247224240027233,
      0.2809090024947314,
      -0.33415437611166476
    ],
    [
      1.2695041367017683,
      0.5300041052459211,
      0.08372451611982568,
      1.2144623301921584,
      0.3298513447725645,
      0.6854818314474357,
      1.2278899851599325,
      0.39661770886774894,
      -0.6840319745051343
    ],
    [
      2.5878699079030425,
      0.15076355737384095,
      -1.5536199499195404,
      1.8722315378945589,
      0.7731095879830299,
      0.6479390381344866,
      0.7067914544920062,
      0.4999118449653438,
      -0.614690243350942
    ],
    [
      1.1472177379703,
      0.5379710661784172,
      -0.6309832862758471,
      1.7553390413744199,
      0.3491064141177619,
      -0.2862207636435774,
      0.4815502702673158,
      0.21732945293933864,
      0.6209432483328212
    ],
    [
      1.3688319718933715,
      0.4835647896726177,
      -1.736353226402007,
      2.2451819962682076,
      0.42670597099818786,
      -0.07946608477004508,
      1.331272296404537,
      0.3352776372391124,
      0.4019718104838659
    ],
    [
      2.146962971961079,
      0.39231542131844,
      3.0,
      2.0532371285241293,
      0.21466784602672556,
      -1.3115722038573618,
      0.2227559857640976,
      0.21817135028457274,
      0.13672732983800087
    ],
    [
      1.4658575947704047,
      0.3805464253193037,
      -0.8582291352688971,
      1.3703859891704968,
      0.5959510352558153,
      -0.21787085877712142,
      0.5939411456912784,
      0.44380994370820104,
      -0.043503608096063184
    ],
    [
      2.050844958533621,
      0.6784517593012809,
      -1.2363703381559896,
      1.4624498033396829,
      0.26942105671547456,
      -0.30450994209202914,
      1.260210929311063,
      0.4296440324500233,
      2.618929211900709
    ],
    [
      2.217498295141894,
