{
  "gen": 5,
  "min": Infinity,
  "avg": Infinity,
  "best_params": [
    1.1861663446573514,
    0.951207163345817,
    1.3919636508684308,
    1.8361096041714062,
    0.16445845403801215,
    -2.0640328779827843,
    0.2684424752877784,
    0.8675143843171859,
    0.606690070459253
  ],
  "pop_params": [
    [
      1.1861663446573514,
      0.951207163345817,
      1.3919636508684308,
      1.8361096041714062,
      0.16445845403801215,
      -2.0640328779827843,
      0.2684424752877784,
      0.8675143843171859,
      0.606690070459253
    ],
    [
      2.153410475608532,
      0.03037864935284442,
      2.819459112971966,
      2.514083658321223,
      0.2202157195714934,
      -1.9090501967573963,
      0.631873078574958,
      0.31119982052994233,
      0.14853858979342682
    ],
    [
      1.3526405540621358,
      0.2983168487960615,
      0.6711173683342766,
      0.5045321958909214,
      0.29922320204986597,
      -0.8018289402378498,
      1.4226029542294043,
      0.7873242017790835,
      -1.8019573070498416
    ],
    [
      2.1048988724134965,
      0.4982772932422139,
      -3.0,
      1.6193984351344564,
      0.44504123624644737,
      -0.7702611764575358,
      0.848246254115471,
      0.5993925950161259,
      0.3990809005090947
    ],
    [
      1.837093366577432,
      0.6122240264942918,
      0.5474626726602436,
      1.730198599666007,
      0.48691249724156854,
      0.384886903732609,
      0.10763019074519678,
      0.28486141538351867,
      0.6220277210245867
    ],
    [
      2.1520367664485445,
      0.6989350745337626,
      0.4455088229651283,
      1.582664209738073,
      0.21271894576148787,
      -0.7965303865683213,
      0.7143287234311941,
      0.5535456337896432,
      -0.3049675726585569
    ],
    [
      1.9558889419597003,
      0.40685303731295797,
      -2.4759534814692135,
      1.9665280803599028,
      0.5261838520386936,
      0.20834958851575547,
      0.9827426459288817,
      0.3254278934418011,
      0.4218588834705541
    ],
    [
      0.8100779570662733,
      0.3465159543999363,
      -1.0198377559730347,
      1.6900103217829159,
      0.39967124249792463,
      -1.637355268692101,
      1.4587527382437382,
      0.7888612960674524,
      -0.003625270223260646
    ],
    [
      1.62967118943036,
      0.5722082022159153,
      1.0461370403868675,
      1.367397367584006,
      0.5670108712201978,
      1.4288473674741087,
      1.763245446302295,
      0.4490194627107721,
      -0.029380809438029405
    ],
    [
      1.1273661460979107,
      0.3199419529284211,
      0.5719589076188689,
      1.882254927800724,
      0.5019645168831008,
      1.0231203184853652,
      0.44666927051609695,
      0.34336752312143437,
      -0.6105363341592065
    ],
    [
      1.385227556325472,
      0.24531255518271788,
      0.44420659306741556,
      0.859680098713841,
      0.305299213263725,
      -0.10492546125941138,
      1.5093448388461783,
      0.6516853474703707,
      -1.315250804178673
    ],
    [
      1.9688398605107587,
      0.20859094101423223,
      -1.7053695094697803,
      1.24337811705453,
      0.7389778587692437,
      -0.3963759364287447,
      1.146784671741986,
      0.5130729507176481,
      3.0
    ],
    [
      1.257105895353671,
      0.3273264027643265,
      0.61326080683954,
      1.5029386895039296,
      0.527397521085093,
      2.433339008555989,
      1.2560573694911739,
      0.55635558263119,
      0.7957706591483015
    ],
    [
      1.4930257754299592,
      0.5408287625712926,
      -0.17091185447417057,
      1.549784239547689,
      0.36023440257096706,
      -0.013029603814993296,
      0.8258352348186309,
      0.315390531561273,
      -0.6929926856725018
    ],
    [
      2.1237807477151844,
      0.12868761988198166,
      -1.0942507993030843,
      2.206944284484006,
      0.5870455559462137,
      -1.5923649439227274,
      0.6843089415147824,
      0.4899780313755323,
      0.4222761648629064
    ],
    [
      1.3856882950924991,
      0.17777846145665327,
      -1.6233453567430751,
      0.9893785383889556,
      0.36148207015274214,
      0.7090360070250112,
      0.7511301490557344,
      0.41647759147801816,
      -1.7505279043922661
    ],
    [
      1.4403135446693707,
      0.628447223236106,
      0.14140579952966115,
      1.298429494561172,
      0.3529704312292077,
      0.3589524204752449,
      0.5598476936447349,
      0.6612849554286234,
      -1.6624879703636974
    ],
    [
      1.8433014903070182,
      0.7719955178620806,
      -0.5619137460649964,
      2.3524534901432093,
      0.5094612926010731,
      0.7156351249952785,
      1.058794920584723,
      0.23295627236179106,
      0.04366338350594744
    ],
    [
      1.0310415789572263,
      0.45713594319262807,
      -1.4879267078375733,
      2.231767386263398,
      0.36065157588553576,
      -0.14304477281883954,
      0.7509418945084085,
      0.286816158981538,
      -0.8014997208892694
    ],
    [
      1.9744472535963808,
      0.6778468090785718,
      0.9886571865280402,
      1.2015378371800505,
      0.320590115468207,
      -0.02618754123721234,
      0.9562397818199411,
      0.2523571012706153,
      -3.0
    ],
    [
      1.8823131477392963,
      0.46122804122409566,
      -0.2962080602363632,
      1.2684389057693723,
      0.30281466157172526,
      -0.48222725016519496,
      0.8939545571386402,
      0.3433143519665047,
      0.7150702788520205
    ],
    [
      3.0,
      0.6785413025803002,
      1.3113301623129008,
      1.2043631858920512,
      0.3814908411390424,
      -0.08691486828322736,
      1.338172391185376,
      0.7506811360842524,
      -1.5812104584160833
    ],
    [
      1.3435247121633642,
      0.31790924482737104,
      -1.1242601218165555,
      1.3614576216028276,
      0.4834347854203712,
      2.186498243035008,
      1.2797879985414393,
      0.5839333942359808,
      2.04890943165673
    ],
    [
      2.498803334395465,
      0.6412392453341589,
      -0.2975244829159487,
      1.527912404556459,
      0.44561199538904256,
      0.01671215008561934,
      0.26006814973703984,
      0.3034449012104077,
      -0.25726212541493965
    ],
    [
      2.363649237951717,
      0.7393697440783608,
      0.567551158137422,
      1.4145779581528029,
      0.34861621788316804,
      0.35109860418359123,
      0.26623420496939265,
      0.24841091572873128,
      -0.5610453404478873
    ],
    [
      1.4398303658554268,
      0.5464723649945603,
      -2.466562857170967,
      1.6586647253140079,
      0.2815944625308613,
      0.026528919968521025,
      0.9974080016025026,
      0.17254532472079143,
      1.2592001178950367
    ],
    [
      2.2196410312886434,
      0.6892575958721474,
      -0.011513891554775668,
      1.3535243667265018,
      0.31475158160618966,
      -0.31373991086446135,
      1.2130864539507837,
      0.33847937131857986,
      -1.9852040006470824
    ],
    [
      1.8963325700022893,
      0.11937604265459043,
      0.1524121699602381,
      0.5156152393737379,
      0.3017864918486865,
      -0.00061124653153799,
      1.161136208578532,
      0.3733944993535082,
      -1.4037308790711023
    ],
    [
      1.4991699980291802,
      0.5731515716725458,
      -0.14047571297439537,
      1.1833201144288685,
      0.3086413803162111,
      0.8209012369282136,
      0.8925225037513647,
      0.1839940951517743,
      2.0248058103528432
    ],
    [
      2.005731046476508,
      0.3060308918448274,
      -1.4520280484935981,
      1.4550812053674962,
      0.3879896968051236,
      1.3110435405282483,
      1.8031299113924297,
      0.27823610384003683,
      -0.003914736147277775
    ],
    [
      1.681562151096774,
      0.7523746920366661,
      -0.288176648034601,
      1.4949733562246168,
      0.3206548898548013,
      0.2636027449490627,
      0.3981897003837532,
      0.33466365166335843,
      -0.20663483144743078
    ],
    [
      2.066051143868505,
      0.6325875994579626,
