{
  "gen": 8,
  "min": Infinity,
  "avg": Infinity,
  "best_params": [
    1.1861663446573514,
    0.951207163345817,
    1.3919636508684308,
    1.8361096041714062,
    0.16445845403801215,
    -2.0640328779827843,
    0.2684424752877784,
    0.8675143843171859,
    0.606690070459253
  ],
  "pop_params": [
    [
      1.1861663446573514,
      0.951207163345817,
      1.3919636508684308,
      1.8361096041714062,
      0.16445845403801215,
      -2.0640328779827843,
      0.2684424752877784,
      0.8675143843171859,
      0.606690070459253
    ],
    [
      2.153410475608532,
      0.03037864935284442,
      2.819459112971966,
      2.514083658321223,
      0.2202157195714934,
      -1.9090501967573963,
      0.631873078574958,
      0.31119982052994233,
      0.14853858979342682
    ],
    [
      1.3526405540621358,
      0.2983168487960615,
      0.6711173683342766,
      0.5045321958909214,
      0.29922320204986597,
      -0.8018289402378498,
      1.4226029542294043,
      0.7873242017790835,
      -1.8019573070498416
    ],
    [
      1.9918760153835113,
      0.44616138731761557,
      -0.4209352960678786,
      1.6234194175356333,
      0.5444065216156354,
      -1.12194586707405,
      0.9413579911565113,
      0.30145476492978984,
      0.830846004630195
    ],
    [
      1.988156631503218,
      0.3665318853213652,
      -1.2132371563540159,
      1.3967181862942686,
      0.42603125776142786,
      -0.8436517657278735,
      0.9541093254010459,
      0.2578956676094761,
      -0.384745556483643
    ],
    [
      1.7562720491014279,
      0.4836229226719236,
      -0.983031135263879,
      1.1851177148426282,
      0.4378466892591281,
      1.0352910092758367,
      1.3370070762946726,
      0.4801556808857455,
      0.016065308646846743
    ],
    [
      2.6402650760183684,
      0.5801753386949915,
      -0.9122232500787848,
      1.232000012515171,
      0.2903856808586652,
      0.7570845325826385,
      1.24436211751042,
      0.5414609590447206,
      0.29091717475494727
    ],
    [
      1.685592486994529,
      0.6943953973782824,
      -0.25701687331497786,
      1.3584715927919213,
      0.23762337729982297,
      0.25884406454412534,
      0.7729462645680669,
      0.2202624739393535,
      1.0635782947141217
    ],
    [
      1.495653405179902,
      0.6308299561430343,
      0.140252123283619,
      1.068743595362065,
      0.3121765476845114,
      0.2664623275544902,
      0.8934785478337337,
      0.37723610937269875,
      -0.2664993039318544
    ],
    [
      2.4750199332399134,
      0.5596517975217492,
      0.20613726276179856,
      1.2644500943263313,
      0.345336438516667,
      0.3626307858428336,
      0.4528041160636892,
      0.33669007422999797,
      -0.5255228127859057
    ],
    [
      1.8701415090739237,
      0.4770387811285941,
      -0.19573239167443346,
      1.0400867442419088,
      0.362620999804689,
      -2.1239635889692225,
      0.7193813468936103,
      0.40059605543589105,
      0.7664036740656348
    ],
    [
      1.8535097133628564,
      0.30448138074650083,
      -0.6605707206548803,
      1.117431328425482,
      0.3417382129535131,
      2.64454703628133,
      0.8730792341990681,
      0.2388411696001226,
      -1.237366279316281
    ],
    [
      1.9078024718189466,
      0.42637554412837037,
      -0.26964347379353115,
      1.4304199449176485,
      0.45322700428628354,
      -0.9146768047740407,
      0.9313265134053387,
      0.27128931344857443,
      -1.1542329351886824
    ],
    [
      1.728388031473391,
      0.4817397712378031,
      -2.421624978940094,
      1.1584690804018094,
      0.4570863302191528,
      -0.27590056568763177,
      1.00960247387899,
      0.38807238952051265,
      0.5873997828122677
    ],
    [
      1.7266841924642364,
      0.5501541297522257,
      -0.6969761735279308,
      1.381285976724078,
      0.4363162781593641,
      0.27757323004065126,
      0.7175123597126143,
      0.2708340984922569,
      1.1822779676578268
    ],
    [
      1.3526405540621358,
      0.3144329507270215,
      0.6711173683342766,
      0.5045321958909214,
      0.29922320204986597,
      1.9291615729393157,
      1.4226029542294043,
      0.7451390819507159,
      -1.8019573070498416
    ],
    [
      1.704491750013479,
      0.5628467565704497,
      -0.02151788567983992,
      1.1977791719662239,
      0.3844935286230723,
      -0.7507324406376679,
      0.8795161290064162,
      0.5456720628803943,
      -1.7357166805019688
    ],
    [
      1.9552098770664017,
      0.42062058360843185,
      -2.712860557987488,
      1.4770672500999247,
      0.46548358594158984,
      0.5412189819278164,
      0.9259115383459589,
      0.3395232074796043,
      0.18978803045971204
    ],
    [
      2.6165983191708255,
      0.46075060116203975,
      0.5943397280139286,
      0.6887843133305103,
      0.7221018969035338,
      -0.41027836150088015,
      1.043973719111857,
      0.5997844832752441,
      1.6628321180953503
    ],
    [
      1.8425557419686682,
      0.46558186540770835,
      -0.8444891811991283,
      1.52444015057376,
      0.29469169421216146,
      1.3335891909956126,
      0.6822158835753755,
      0.3685700095599838,
      1.2331783747271972
    ],
    [
      1.3240857744458954,
      0.6784785971115145,
      0.23659829592362067,
      1.5235628087378819,
      0.3429745363272648,
      0.14230938319509237,
      0.5887263826593846,
      0.278327695192378,
      -0.5049665195434513
    ],
    [
      1.5467637673848476,
      0.5208663688399415,
      -0.12770264964699599,
      1.3911782203246519,
      0.32325192978457096,
      -0.5603103404138221,
      0.8236393712439406,
      0.47377533991849374,
      -0.7186445174766072
    ],
    [
      1.6536858433936603,
      0.5327594309766637,
      -0.602994902929232,
      1.4263591953526884,
      0.5113785057481094,
      0.007124312589150583,
      0.8231938286311775,
      0.40340426286157643,
      -0.36035029949926345
    ],
    [
      1.8415655523027974,
      0.3743885962632337,
      -1.064324217339306,
      1.2713412657851524,
      0.4329984448804105,
      1.5877680142572348,
      1.0733681498900802,
      0.49785079660194337,
      1.9008109074997968
    ],
    [
      1.5013159734067152,
      0.33204363959825284,
      -0.22785111810310865,
      1.2579193781004216,
      0.40308573031958483,
      2.574154406781955,
      1.332167607474347,
      0.7085427947922278,
      1.5234852238440997
    ],
    [
      1.7899838184894554,
      0.38876598175376337,
      -0.6989587436435312,
      1.526177292945619,
      0.28878159663675024,
      0.9730921001602593,
      0.9047864161920929,
      0.259935620195845,
      0.6673937608486478
    ],
    [
      1.7129872959438142,
      0.5107405784918541,
      0.019068983461984934,
      1.08974167609711,
      0.36808067889180435,
      0.6514080691903017,
      0.724471577682458,
      0.3226939012676783,
      -0.4523037719140639
    ],
    [
      2.2052820120196293,
      0.44727748273264845,
      1.7618486539711342,
      1.6255645897378155,
      0.4503853203324842,
      -0.8669143086215501,
      0.49934524179247763,
      0.49102745787501756,
      -1.2945570871643666
    ],
    [
      1.771470092243987,
      0.6696983036148967,
      -0.8601175873483209,
      1.2733845591758588,
      0.385642279334906,
      2.4225550039837582,
      0.8572990635944232,
      0.6039468349864205,
      -0.03587603918383231
    ],
    [
      1.751232931213999,
      0.38511288212986905,
      -1.2935281023573073,
      1.3430697249458363,
      0.4484825241651054,
      2.1122508021201702,
      1.7370175056767916,
      0.2522698196647104,
      0.7560923614212485
    ],
    [
      1.8065811313716325,
      0.4976445640563391,
      -0.6245449079932442,
      1.5048011635296235,
      0.4739636881341349,
      -1.533275919345713,
      1.2750841993507518,
      0.2987818621857653,
      -0.8404749551473248
    ],
    [
